#VRML V2.0 utf8
# 3D model generated by easyeda2kicad.py (https://github.com/uPesy/easyeda2kicad.py)

Shape{
    appearance Appearance {
        material  Material 	{
            diffuseColor 0.2235294117647059 0.2235294117647059 0.2235294117647059
            specularColor 0.11372549019607843 0.11372549019607843 0.11372549019607843
            ambientIntensity 0.2235
            transparency 0.0
            shininess 0.5
        }
    }
    geometry IndexedFaceSet {
        ccw TRUE
        solid FALSE
        coord DEF co Coordinate {
            point [
                0.0728 -2.4334 0.5118, 0.0728 -2.4334 1.2992, -0.124 -2.4334 0.5118, -0.124 -2.4334 1.2992, -1.561 -0.7012 1.4961, -1.561 0.7162 1.4961, -1.561 -0.7012 0.5118, -1.561 0.7162 0.5118, 0.0728 -0.7012 1.2992, 0.0728 -0.7012 0.5118, 1.5492 -0.7012 0.5118, -0.7146 -0.7012 0.5118, -0.7146 -0.7012 1.2992, 1.5492 -0.7012 1.4961, 1.5492 0.7162 1.4961, 1.5492 0.7162 0.5118, -0.3209 -2.2134 0.5118, -0.5177 -2.4334 0.5118, -0.7146 -2.4334 0.5118, -0.7146 -2.4334 1.2992, -0.3209 -2.2134 1.2992, -0.5177 -2.4334 1.2992
            ]
        }
        coordIndex [
            0,1,2,-1,2,1,3,-1,4,5,6,-1,6,5,7,-1,8,9,10,-1,4,6,11,-1,11,12,4,-1,4,12,8,-1,4,8,13,-1,13,8,10,-1,14,13,15,-1,15,13,10,-1,5,14,7,-1,7,14,15,-1,13,14,4,-1,4,14,5,-1,16,17,18,-1,7,15,10,-1,10,9,7,-1,7,9,11,-1,7,11,6,-1,0,2,9,-1,9,2,16,-1,9,16,11,-1,11,16,18,-1,12,11,19,-1,19,11,18,-1,9,8,0,-1,0,8,1,-1,20,3,1,-1,19,21,12,-1,12,21,20,-1,12,20,8,-1,8,20,1,-1,19,18,21,-1,21,18,17,-1,3,20,2,-1,2,20,16,-1,20,21,16,-1,16,21,17,-1,
        ]
    }
}
Shape{
    appearance Appearance {
        material  Material 	{
            diffuseColor 0.9686274509803922 0.9686274509803922 0.9686274509803922
            specularColor 0.48627450980392156 0.48627450980392156 0.48627450980392156
            ambientIntensity 0.9686
            transparency 0.0
            shininess 0.5
        }
    }
    geometry IndexedFaceSet {
        ccw TRUE
        solid FALSE
        coord DEF co Coordinate {
            point [
                -1.187 0.7162 0.1969, -1.5413 0.7162 0.1969, -1.187 0.8736 0.1969, -1.5413 0.8736 0.1969, 1.1752 0.8736 0.1969, 1.5295 0.8736 0.1969, 1.1752 0.7162 0.1969, 1.5295 0.7162 0.1969, 1.5295 -0.7012 0.1969, 1.5295 -0.8586 0.1969, 1.1752 -0.7012 0.1969, 1.1752 -0.8586 0.1969, -1.5413 -0.8586 0.1969, -1.5413 -0.7012 0.1969, -1.187 -0.8586 0.1969, -1.187 -0.7012 0.1969, 1.7067 0.3815 0.1969, 1.7067 0.2732 0.1969, 1.5492 0.3815 0.1969, 1.5492 0.2732 0.1969, 1.7067 -0.2582 0.1969, 1.7067 -0.3665 0.1969, 1.5492 -0.2582 0.1969, 1.5492 -0.3665 0.1969, -1.7185 -0.2582 0.1969, -1.561 -0.2582 0.1969, -1.7185 -0.3665 0.1969, -1.561 -0.3665 0.1969, -1.7185 0.3815 0.1969, -1.561 0.3815 0.1969, -1.7185 0.2732 0.1969, -1.561 0.2732 0.1969, -0.9902 0.8736 0.3937, -0.9902 0.8736 0.1575, -1.187 0.8736 0.1575, -0.9556 0.8736 0.4772, -0.9743 0.8736 0.4528, -0.9861 0.8736 0.4243, 0.473 0.8736 1.2372, 0.4574 0.8736 1.2576, 1.3782 0.8736 1.6142, 0.437 0.8736 1.2732, 0.4133 0.8736 1.283, -1.5413 0.8736 1.4933, -0.9311 0.8736 0.496, -1.5268 0.8736 1.4989, -0.9026 0.8736 0.5078, -1.4757 0.8736 1.5261, 0.3182 0.8736 0.8034, 0.3386 0.8736 0.7878, -0.8721 0.8736 0.5118, 0.3623 0.8736 0.7779, 0.8602 0.8736 0.5118, 0.3878 0.8736 0.7746, 0.8908 0.8736 0.5078, 0.4133 0.8736 0.7779, 0.9193 0.8736 0.496, 0.437 0.8736 0.7878, 1.1752 0.8736 0.1575, 0.9783 0.8736 0.1575, 0.9783 0.8736 0.3937, 0.9743 0.8736 0.4243, 1.5295 0.8736 1.4933, 0.9625 0.8736 0.4528, 0.9437 0.8736 0.4772, -1.431 0.8736 1.5629, -1.3943 0.8736 1.6076, -1.39 0.8736 1.6142, -0.4848 0.8736 1.2372, -0.4692 0.8736 1.2576, -0.4488 0.8736 1.2732, -0.4488 0.8736 0.7878, -0.4251 0.8736 0.7779, 0.4574 0.8736 0.8034, 0.473 0.8736 0.8238, 0.4829 0.8736 0.8475, 1.4192 0.8736 1.5629, 1.4639 0.8736 1.5261, 0.4829 0.8736 1.2134, -0.4947 0.8736 1.2134, -0.498 0.8736 1.188, -0.498 0.8736 0.873, -0.4947 0.8736 0.8475, -0.4848 0.8736 0.8238, -0.4692 0.8736 0.8034, -0.3504 0.8736 0.7878, -0.3741 0.8736 0.7779, -0.3996 0.8736 0.7746, -0.3045 0.8736 1.2134, -0.3144 0.8736 1.2372, -0.33 0.8736 1.2576, -0.3504 0.8736 1.2732, -0.3741 0.8736 1.283, -0.3996 0.8736 1.2864, -0.4251 0.8736 1.283, 0.4862 0.8736 0.873, 1.515 0.8736 1.4989, 0.4862 0.8736 1.188, -0.33 0.8736 0.8034, -0.3144 0.8736 0.8238, 0.3026 0.8736 0.8238, -0.3045 0.8736 0.8475, 0.2927 0.8736 0.8475, 1.3824 0.8736 1.6076, 0.3878 0.8736 1.2864, 0.3623 0.8736 1.283, 0.3386 0.8736 1.2732, 0.3182 0.8736 1.2576, 0.3026 0.8736 1.2372, 0.2927 0.8736 1.2134, 0.2894 0.8736 1.188, 0.2894 0.8736 0.873, -0.3012 0.8736 0.873, -0.3012 0.8736 1.188, 1.4406 0.7162 1.6079, 1.4341 0.7162 1.6142, -0.3045 0.7162 1.2134, -1.4816 0.7162 1.5797, -1.4892 0.7162 1.5723, -0.4947 0.7162 1.2134, -0.4488 0.7162 1.2732, -1.4459 0.7162 1.6142, -0.4692 0.7162 1.2576, -0.4848 0.7162 1.2372, -0.3504 0.7162 1.2732, -0.33 0.7162 1.2576, -0.3144 0.7162 1.2372, -0.3012 0.7162 1.188, 1.5295 0.7162 1.5421, 1.522 0.7162 1.5464, 1.4932 0.7162 1.5631, 1.4774 0.7162 1.5723, 1.4698 0.7162 1.5797, 0.437 0.7162 0.7878, 0.4133 0.7162 0.7779, 0.8908 0.7162 0.5078, -0.3045 0.7162 0.8475, 0.8602 0.7162 0.5118, -0.3144 0.7162 0.8238, -0.33 0.7162 0.8034, -0.498 0.7162 0.873, -1.5413 0.7162 1.5421, -0.498 0.7162 1.188, -0.4251 0.7162 1.283, -0.3996 0.7162 1.2864, -0.3741 0.7162 1.283, 0.9437 0.7162 0.4772, 0.9625 0.7162 0.4528, 0.4133 0.7162 1.283, 0.437 0.7162 1.2732, -1.4524 0.7162 1.6079, -1.5051 0.7162 1.5631, -1.5339 0.7162 1.5464, 0.3182 0.7162 1.2576, 0.3386 0.7162 1.2732, 0.3623 0.7162 1.283, 0.3878 0.7162 1.2864, 0.4574 0.7162 1.2576, 0.473 0.7162 1.2372, 0.4829 0.7162 1.2134, 0.9743 0.7162 0.4243, 0.9783 0.7162 0.3937, 0.9783 0.7162 0.1969, 0.3878 0.7162 0.7746, 0.3623 0.7162 0.7779, 0.3386 0.7162 0.7878, 0.3182 0.7162 0.8034, -0.8721 0.7162 0.5118, -0.4251 0.7162 0.7779, -0.9026 0.7162 0.5078, -0.4488 0.7162 0.7878, -0.9311 0.7162 0.496, -0.9861 0.7162 0.4243, -0.9902 0.7162 0.3937, -0.9902 0.7162 0.1969, -0.3504 0.7162 0.7878, -0.3741 0.7162 0.7779, -0.3996 0.7162 0.7746, -0.9743 0.7162 0.4528, -0.9556 0.7162 0.4772, 0.4862 0.7162 1.188, 0.4862 0.7162 0.873, 0.4829 0.7162 0.8475, 0.9193 0.7162 0.496, 0.473 0.7162 0.8238, 0.4574 0.7162 0.8034, 0.2894 0.7162 1.188, 0.2927 0.7162 1.2134, 0.3026 0.7162 1.2372, -0.4692 0.7162 0.8034, -0.4848 0.7162 0.8238, -0.4947 0.7162 0.8475, 0.3026 0.7162 0.8238, 0.2927 0.7162 0.8475, 0.2894 0.7162 0.873, -0.3012 0.7162 0.873, 1.3554 -0.7457 1.765, 1.3593 -0.7362 1.7677, -1.3642 -0.753 1.7629, 1.3782 -0.8586 1.6142, 1.3593 -0.8547 1.6492, -1.39 -0.8586 1.6142, -1.3711 -0.8547 1.6492, 1.3554 -0.852 1.6587, 1.3523 -0.8499 1.666, -1.3672 -0.852 1.6587, -1.3642 -0.8499 1.6659, -1.3672 -0.7457 1.765, -1.3587 -0.843 1.6825, 1.3469 -0.843 1.6825, -1.3549 -0.8346 1.6978, 1.3431 -0.8346 1.6978, -1.3526 -0.8243 1.7124, 1.3407 -0.8243 1.7124, -1.3525 -0.8228 1.7141, 1.3406 -0.8228 1.7141, -1.3518 -0.8125 1.7256, 1.34 -0.8126 1.7255, -1.3524 -0.8015 1.7354, 1.3406 -0.8015 1.7354, -1.3526 -0.7993 1.7373, 1.3407 -0.7993 1.7373, -1.3549 -0.7848 1.7476, 1.3431 -0.7848 1.7476, -1.3587 -0.7695 1.7561, 1.3469 -0.7695 1.7561, 1.3524 -0.7529 1.7629, -1.3711 -0.7362 1.7677, 1.3782 -0.7012 1.7717, -1.39 -0.7012 1.7717, 1.5492 0.5891 1.7717, 1.5492 -0.5741 1.7717, 1.5696 -0.5692 1.7703, 1.59 0.5809 1.7663, 1.5703 0.5841 1.7702, 1.5696 0.5842 1.7703, 1.5703 -0.5691 1.7702, 1.59 -0.5659 1.7663, 1.6095 -0.5642 1.7597, 1.6856 0.595 1.6929, 1.6836 0.5938 1.6959, 1.6743 -0.5737 1.7098, 1.6743 0.5887 1.7098, 1.6706 -0.5724 1.7141, 1.6706 0.5874 1.7141, 1.6606 -0.5688 1.7255, 1.6606 0.5838 1.7255, 1.6452 -0.5657 1.739, 1.6452 0.5807 1.739, 1.6279 -0.5641 1.7506, 1.6279 0.5791 1.7506, 1.6095 0.5792 1.7597, 1.6836 -0.5788 1.6959, 1.6856 -0.58 1.6929, 1.6948 0.603 1.6743, 1.6948 -0.5881 1.6741, 1.7 0.6107 1.6587, 1.7013 0.6125 1.6549, 1.7067 -0.6216 1.6142, 1.7067 0.6366 1.6142, 1.7054 0.6239 1.6344, 1.7001 -0.5957 1.6587, 1.7013 -0.5975 1.6549, 1.7054 -0.6089 1.6344, -1.7029 -0.5843 1.6825, -1.7112 0.6109 1.6588, -1.7112 -0.5959 1.6588, -1.7146 0.6156 1.6492, -1.7146 -0.6006 1.6492, -1.7185 0.6366 1.6142, -1.7185 -0.6216 1.6142, -1.6842 -0.5728 1.7124, -1.6842 0.5878 1.7124, -1.6952 -0.5796 1.6948, -1.6952 0.5946 1.6948, -1.7029 0.5993 1.6825, -1.6825 -0.5723 1.7141, -1.6592 0.581 1.7373, -1.6825 0.5873 1.7141, -1.6592 -0.566 1.7373, -1.6397 -0.5647 1.7495, -1.6397 0.5797 1.7495, -1.6294 -0.564 1.7561, -1.6294 0.579 1.7561, -1.5961 -0.5666 1.7677, -1.5961 0.5816 1.7677, -1.5823 -0.5696 1.7693, -1.5823 0.5846 1.7693, -1.561 -0.5741 1.7717, -1.561 0.5891 1.7717, -1.3672 0.7607 1.765, -1.3711 0.7512 1.7677, 1.3523 0.768 1.7629, -1.3711 0.8697 1.6492, 1.3593 0.8697 1.6492, -1.3672 0.867 1.6587, -1.3642 0.8649 1.666, 1.3554 0.867 1.6587, 1.3524 0.8649 1.6659, 1.3554 0.7607 1.765, 1.3469 0.858 1.6825, -1.3587 0.858 1.6825, 1.3431 0.8496 1.6978, -1.3549 0.8496 1.6978, 1.3407 0.8393 1.7124, -1.3526 0.8393 1.7124, 1.3406 0.8378 1.7141, -1.3525 0.8378 1.7141, 1.34 0.8275 1.7256, -1.3518 0.8276 1.7255, 1.3406 0.8165 1.7354, -1.3524 0.8165 1.7354, 1.3407 0.8144 1.7373, -1.3526 0.8144 1.7373, 1.3431 0.7998 1.7476, -1.3549 0.7998 1.7476, 1.3469 0.7845 1.7561, -1.3587 0.7845 1.7561, -1.3642 0.7679 1.7629, 1.3593 0.7512 1.7677, -1.39 0.7162 1.7717, 1.3782 0.7162 1.7717, 1.7067 -0.8586 1.4871, 1.6853 -0.8586 1.4832, 1.7067 -0.8586 -0.0787, 1.6545 -0.8586 1.4776, 1.5492 -0.8586 -0.0787, 1.6279 -0.8586 1.4764, 1.5751 -0.8586 1.4811, 1.5704 -0.8586 1.4822, 1.5492 -0.8586 1.4871, 0.9783 -0.8586 0.1575, 1.1752 -0.8586 0.1575, 0.9783 -0.8586 0.3937, 0.9743 -0.8586 0.4243, -1.187 -0.8586 0.1575, -0.9902 -0.8586 0.1575, -0.9902 -0.8586 0.3937, -0.9861 -0.8586 0.4243, -1.5413 -0.8586 1.4933, 0.9437 -0.8586 0.4772, 1.5295 -0.8586 1.4933, 0.9193 -0.8586 0.496, 1.515 -0.8586 1.4989, 0.8908 -0.8586 0.5078, 0.9625 -0.8586 0.4528, -0.9743 -0.8586 0.4528, -0.9556 -0.8586 0.4772, -1.5268 -0.8586 1.4989, -0.9311 -0.8586 0.496, -1.4757 -0.8586 1.5261, -0.9026 -0.8586 0.5078, -1.431 -0.8586 1.5629, -0.7908 -0.8586 1.3014, -0.7836 -0.8586 1.3222, 1.4639 -0.8586 1.5261, 1.4192 -0.8586 1.5629, 1.3824 -0.8586 1.6076, -0.7933 -0.8586 1.2795, 0.7815 -0.8586 1.2795, 0.8602 -0.8586 0.5118, 0.7815 -0.8586 0.5118, -0.7718 -0.8586 1.3409, -0.7563 -0.8586 1.3565, -0.7376 -0.8586 1.3682, -0.7933 -0.8586 0.5118, -0.8721 -0.8586 0.5118, -1.3943 -0.8586 1.6076, 0.705 -0.8586 1.3755, 0.7258 -0.8586 1.3682, 0.7444 -0.8586 1.3565, 0.76 -0.8586 1.3409, 0.7717 -0.8586 1.3222, 0.779 -0.8586 1.3014, -0.7168 -0.8586 1.3755, -0.6949 -0.8586 1.378, 0.6831 -0.8586 1.378, -1.7185 0.8736 1.4871, -1.6972 0.8736 1.4832, -1.7185 0.8736 -0.0787, -1.6663 0.8736 1.4776, -1.561 0.8736 -0.0787, -1.6398 0.8736 1.4764, -1.5869 0.8736 1.4811, -1.5822 0.8736 1.4822, -1.561 0.8736 1.4871, 1.4513 0.697 1.6142, 1.4892 0.666 1.6142, 1.4341 -0.7012 1.6142, -1.561 -0.6216 1.6142, -1.561 0.6366 1.6142, -1.5442 -0.6279 1.6142, -1.5442 0.6429 1.6142, -1.501 -0.651 1.6142, -1.501 0.666 1.6142, -1.4632 -0.682 1.6142, -1.4632 0.697 1.6142, 1.5324 0.6429 1.6142, 1.5492 0.6366 1.6142, 1.5492 -0.6216 1.6142, -1.4459 -0.7012 1.6142, 1.5324 -0.6279 1.6142, 1.4892 -0.651 1.6142, 1.4513 -0.682 1.6142, -1.7185 0.4511 0.168, -1.7185 0.4307 0.1837, -1.7185 0.4799 -0.0787, -1.7185 0.4799 0.0984, -1.7185 0.4766 0.1239, -1.7185 0.4668 0.1476, -1.7185 -0.7772 1.5003, -1.7185 -0.7368 1.516, -1.7185 -0.392 0.1935, -1.7185 -0.4649 -0.0787, -1.7185 -0.8586 -0.0787, -1.7185 -0.4649 0.0984, -1.7185 -0.4616 0.1239, -1.7185 -0.4518 0.1476, -1.7185 -0.8586 1.4871, -1.7185 -0.4361 0.168, -1.7185 0.8199 1.4927, -1.7185 0.8387 1.4892, -1.7185 0.7518 1.516, -1.7185 0.7922 1.5003, -1.7185 0.407 0.1935, -1.7185 0.7951 1.4992, -1.7185 0.8043 1.4956, -1.7185 -0.8258 1.4891, -1.7185 -0.8237 1.4892, -1.7185 -0.4157 0.1837, -1.7185 0.8408 1.4891, -1.7185 0.8576 1.4881, -1.7185 -0.8049 1.4927, -1.7185 -0.7893 1.4956, -1.7185 -0.7801 1.4992, -1.7185 0.2448 0.1934, -1.7185 0.7392 1.5209, -1.7185 -0.8426 1.4881, -1.7185 -0.7242 1.5209, -1.7185 -0.7158 1.5268, -1.7185 -0.6682 1.5604, -1.7185 -0.6268 1.6081, -1.7185 0.6418 1.6081, -1.7185 -0.6671 1.5612, -1.7185 -0.6655 1.563, -1.7185 0.6821 1.5612, -1.7185 0.6805 1.563, -1.7185 -0.141 0.0636, -1.7185 -0.1408 0.0922, -1.7185 -0.1475 0.12, -1.7185 0.218 0.1832, -1.7185 0.1945 0.1669, -1.7185 0.1757 0.1454, -1.7185 0.1625 0.12, -1.7185 0.1558 0.0922, -1.7185 -0.1607 0.1454, -1.7185 -0.1795 0.1669, -1.7185 0.7308 1.5268, -1.7185 -0.203 0.1832, -1.7185 0.6832 1.5604, -1.7185 -0.2298 0.1934, -1.7185 -0.2209 -0.7181, -1.7185 0.2435 -0.6542, -1.7185 -0.2031 -0.78, -1.7185 0.236 -0.7181, -1.7185 0.156 0.0636, -1.7185 0.2405 -0.5898, -1.7185 -0.2255 -0.5898, -1.7185 -0.2285 -0.6542, -1.7185 0.2181 -0.78, -1.7185 0.1396 -0.9868, -1.7185 0.1264 -1.012, -1.7185 0.1075 -1.0333, -1.7185 0.084 -1.0495, -1.7185 0.0574 -1.0596, -1.7185 0.0292 -1.063, -1.7185 -0.0142 -1.063, -1.7185 -0.1246 -0.9868, -1.7185 -0.0424 -1.0596, -1.7185 -0.069 -1.0495, -1.7185 -0.0925 -1.0333, -1.7185 -0.1114 -1.012, 1.5492 0.8736 1.4871, 1.5705 0.8736 1.4832, 1.5492 0.8736 -0.0787, 1.6014 0.8736 1.4776, 1.7067 0.8736 -0.0787, 1.6279 0.8736 1.4764, 1.6808 0.8736 1.4811, 1.6855 0.8736 1.4822, 1.7067 0.8736 1.4871, 1.7067 -0.4361 0.168, 1.7067 -0.4157 0.1837, 1.7067 -0.4649 -0.0787, 1.7067 -0.4649 0.0984, 1.7067 -0.4616 0.1239, 1.7067 -0.4518 0.1476, 1.7067 0.4799 -0.0787, 1.7067 0.4799 0.0984, 1.7067 0.4766 0.1239, 1.7067 0.4668 0.1476, 1.7067 0.4511 0.168, 1.7067 -0.8237 1.4892, 1.7067 -0.8049 1.4927, 1.7067 -0.7893 1.4956, 1.7067 0.8408 1.4891, 1.7067 0.8387 1.4892, 1.7067 0.4307 0.1837, 1.7067 -0.7242 1.5209, 1.7067 -0.7368 1.516, 1.7067 -0.392 0.1935, 1.7067 -0.7772 1.5003, 1.7067 -0.7801 1.4992, 1.7067 -0.8258 1.4891, 1.7067 -0.8426 1.4881, 1.7067 -0.6655 1.563, 1.7067 -0.6671 1.5612, 1.7067 0.8199 1.4927, 1.7067 0.8043 1.4956, 1.7067 0.407 0.1935, 1.7067 0.7951 1.4992, 1.7067 0.7392 1.5209, 1.7067 0.218 0.1832, 1.7067 0.2448 0.1934, 1.7067 0.8576 1.4881, 1.7067 -0.1607 0.1454, 1.7067 -0.1475 0.12, 1.7067 -0.1408 0.0922, 1.7067 -0.141 0.0636, 1.7067 -0.6682 1.5604, 1.7067 -0.7158 1.5268, 1.7067 0.156 0.0636, 1.7067 0.1558 0.0922, 1.7067 0.1625 0.12, 1.7067 0.1757 0.1454, 1.7067 0.1945 0.1669, 1.7067 0.7922 1.5003, 1.7067 0.7518 1.516, 1.7067 0.6821 1.5612, 1.7067 -0.6268 1.6081, 1.7067 0.236 -0.7181, 1.7067 0.2435 -0.6542, 1.7067 -0.2031 -0.78, 1.7067 0.6418 1.6081, 1.7067 0.6805 1.563, 1.7067 0.7308 1.5268, 1.7067 -0.203 0.1832, 1.7067 -0.1795 0.1669, 1.7067 -0.2298 0.1934, 1.7067 0.6832 1.5604, 1.7067 -0.2209 -0.7181, 1.7067 0.2405 -0.5898, 1.7067 -0.2255 -0.5898, 1.7067 -0.2285 -0.6542, 1.7067 -0.1114 -1.012, 1.7067 -0.0925 -1.0333, 1.7067 0.2181 -0.78, 1.7067 -0.069 -1.0495, 1.7067 -0.0424 -1.0596, 1.7067 -0.1246 -0.9868, 1.7067 -0.0142 -1.063, 1.7067 0.0292 -1.063, 1.7067 0.1396 -0.9868, 1.7067 0.0574 -1.0596, 1.7067 0.084 -1.0495, 1.7067 0.1075 -1.0333, 1.7067 0.1264 -1.012, -1.6973 -0.8586 1.4822, -1.6926 -0.8586 1.4811, -1.561 -0.8586 1.4871, -1.5824 -0.8586 1.4832, -1.561 -0.8586 -0.0787, -1.6132 -0.8586 1.4776, -1.6398 -0.8586 1.4764, -1.3943 0.7096 1.7717, -1.431 0.6649 1.7717, -1.4757 0.6281 1.7717, -1.3943 -0.6946 1.7717, -1.5268 0.6008 1.7717, 1.3824 -0.6946 1.7717, 1.4192 -0.6498 1.7717, 1.4639 -0.6131 1.7717, 1.3824 0.7096 1.7717, 1.4192 0.6649 1.7717, -1.5268 -0.5858 1.7717, -1.4757 -0.6131 1.7717, -1.431 -0.6498 1.7717, 1.515 -0.5858 1.7717, 1.515 0.6008 1.7717, 1.4639 0.6281 1.7717, 1.5492 -0.4649 0.0984, 1.5492 -0.4649 -0.0787, 1.5492 0.4511 0.168, 1.5492 0.4307 0.1837, 1.5492 -0.4361 0.168, 1.5492 -0.4518 0.1476, 1.5492 0.4799 -0.0787, 1.5492 0.4799 0.0984, 1.5492 0.4766 0.1239, 1.5492 0.4668 0.1476, 1.5492 -0.4616 0.1239, 1.5492 0.8199 1.4927, 1.5492 0.8387 1.4892, 1.5492 0.7518 1.516, 1.5492 0.7922 1.5003, 1.5492 0.407 0.1935, 1.5492 0.7951 1.4992, 1.5492 0.8043 1.4956, 1.5492 -0.8258 1.4891, 1.5492 -0.8237 1.4892, 1.5492 -0.4157 0.1837, 1.5492 0.8408 1.4891, 1.5492 0.8576 1.4881, 1.5492 -0.8049 1.4927, 1.5492 -0.7893 1.4956, 1.5492 -0.392 0.1935, 1.5492 -0.7801 1.4992, 1.5492 -0.7772 1.5003, 1.5492 0.2448 0.1934, 1.5492 0.7392 1.5209, 1.5492 -0.8426 1.4881, 1.5492 -0.7368 1.516, 1.5492 -0.7242 1.5209, 1.5492 -0.7158 1.5268, 1.5492 -0.141 0.0636, 1.5492 -0.1408 0.0922, 1.5492 -0.1475 0.12, 1.5492 -0.6682 1.5604, 1.5492 -0.6671 1.5612, 1.5492 -0.6655 1.563, 1.5492 0.6418 1.6081, 1.5492 0.6805 1.563, 1.5492 0.6821 1.5612, 1.5492 0.218 0.1832, 1.5492 0.1945 0.1669, 1.5492 0.1757 0.1454, 1.5492 0.1625 0.12, 1.5492 0.1558 0.0922, 1.5492 -0.6268 1.6081, 1.5492 -0.1607 0.1454, 1.5492 -0.1795 0.1669, 1.5492 0.7308 1.5268, 1.5492 -0.203 0.1832, 1.5492 0.6832 1.5604, 1.5492 -0.2298 0.1934, 1.5492 0.2435 -0.6542, 1.5492 -0.2031 -0.78, 1.5492 -0.2209 -0.7181, 1.5492 0.156 0.0636, 1.5492 0.2405 -0.5898, 1.5492 -0.2255 -0.5898, 1.5492 -0.2285 -0.6542, 1.5492 0.236 -0.7181, 1.5492 0.2181 -0.78, 1.5492 0.1396 -0.9868, 1.5492 0.084 -1.0495, 1.5492 0.0574 -1.0596, 1.5492 0.1264 -1.012, 1.5492 0.1075 -1.0333, 1.5492 0.0292 -1.063, 1.5492 -0.0142 -1.063, 1.5492 -0.1246 -0.9868, 1.5492 -0.0424 -1.0596, 1.5492 -0.069 -1.0495, 1.5492 -0.0925 -1.0333, 1.5492 -0.1114 -1.012, -1.561 -0.4361 0.168, -1.561 -0.4157 0.1837, -1.561 -0.4649 -0.0787, -1.561 -0.4649 0.0984, -1.561 -0.4616 0.1239, -1.561 -0.4518 0.1476, -1.561 0.4799 -0.0787, -1.561 0.4799 0.0984, -1.561 0.4766 0.1239, -1.561 0.4668 0.1476, -1.561 0.4511 0.168, -1.561 -0.392 0.1935, -1.561 -0.7368 1.516, -1.561 -0.7772 1.5003, -1.561 -0.8237 1.4892, -1.561 -0.8049 1.4927, -1.561 -0.7893 1.4956, -1.561 0.8408 1.4891, -1.561 0.8387 1.4892, -1.561 0.4307 0.1837, -1.561 -0.7801 1.4992, -1.561 -0.8258 1.4891, -1.561 -0.8426 1.4881, -1.561 0.7392 1.5209, -1.561 0.218 0.1832, -1.561 0.2448 0.1934, -1.561 0.8199 1.4927, -1.561 0.8043 1.4956, -1.561 0.407 0.1935, -1.561 0.7951 1.4992, -1.561 -0.6655 1.563, -1.561 -0.6671 1.5612, -1.561 -0.1475 0.12, -1.561 0.8576 1.4881, -1.561 0.1558 0.0922, -1.561 0.1625 0.12, -1.561 -0.141 0.0636, -1.561 0.1757 0.1454, -1.561 0.1945 0.1669, -1.561 0.7922 1.5003, -1.561 0.7518 1.516, -1.561 -0.6682 1.5604, -1.561 -0.7158 1.5268, -1.561 -0.7242 1.5209, -1.561 -0.2298 0.1934, -1.561 -0.203 0.1832, -1.561 0.7308 1.5268, -1.561 -0.1408 0.0922, -1.561 0.6832 1.5604, -1.561 0.6821 1.5612, -1.561 0.6805 1.563, -1.561 -0.1795 0.1669, -1.561 -0.1607 0.1454, -1.561 0.1396 -0.9868, -1.561 0.2181 -0.78, -1.561 -0.2031 -0.78, -1.561 -0.6268 1.6081, -1.561 0.6418 1.6081, -1.561 -0.2285 -0.6542, -1.561 0.2435 -0.6542, -1.561 -0.2255 -0.5898, -1.561 0.2405 -0.5898, -1.561 0.156 0.0636, -1.561 -0.2209 -0.7181, -1.561 0.236 -0.7181, -1.561 -0.1246 -0.9868, -1.561 0.0292 -1.063, -1.561 0.0574 -1.0596, -1.561 0.084 -1.0495, -1.561 -0.069 -1.0495, -1.561 -0.0925 -1.0333, -1.561 -0.1114 -1.012, -1.561 -0.0424 -1.0596, -1.561 -0.0142 -1.063, -1.561 0.1075 -1.0333, -1.561 0.1264 -1.012, 1.5295 0.7247 1.5374, 1.5295 0.7443 1.5267, 1.5295 0.8317 1.4975, 1.5295 0.8533 1.4953, 1.5295 0.8182 1.4988, 1.5295 0.8182 1.4989, 1.5295 0.8064 1.5025, 1.5295 0.7736 1.5127, 1.5295 0.765 1.5153, -1.5413 0.8182 1.4989, -1.5413 0.8182 1.4988, -1.5413 0.7247 1.5374, -1.5413 0.7443 1.5267, -1.5413 0.765 1.5153, -1.5413 0.7736 1.5127, -1.5413 0.8064 1.5025, -1.5413 0.8533 1.4953, -1.5413 0.8317 1.4975, 1.5295 -0.8383 1.4953, 1.5295 -0.8167 1.4975, 1.5295 -0.7012 1.5421, 1.5295 -0.7097 1.5374, 1.5295 -0.7293 1.5267, 1.5295 -0.75 1.5153, 1.5295 -0.7586 1.5127, 1.5295 -0.7914 1.5025, 1.5295 -0.8032 1.4989, 1.5295 -0.8032 1.4988, -1.5413 -0.7586 1.5127, -1.5413 -0.75 1.5153, -1.5413 -0.8383 1.4953, -1.5413 -0.8167 1.4975, -1.5413 -0.8032 1.4988, -1.5413 -0.7293 1.5267, -1.5413 -0.7097 1.5374, -1.5413 -0.7012 1.5421, -1.5413 -0.8032 1.4989, -1.5413 -0.7914 1.5025, 0.9743 -0.7012 0.4243, 0.9783 -0.7012 0.3937, 0.9783 -0.7012 0.1969, -0.9311 -0.7012 0.496, -0.9556 -0.7012 0.4772, -0.9743 -0.7012 0.4528, -0.9861 -0.7012 0.4243, -0.9902 -0.7012 0.3937, -0.9902 -0.7012 0.1969, -1.5339 -0.7012 1.5464, -1.5051 -0.7012 1.5631, -0.9026 -0.7012 0.5078, -1.4892 -0.7012 1.5723, -1.4816 -0.7012 1.5797, -1.4524 -0.7012 1.6079, 0.8602 -0.7012 0.5118, 0.7815 -0.7012 0.5118, 0.7815 -0.7012 1.2795, 0.9625 -0.7012 0.4528, 0.9437 -0.7012 0.4772, 1.522 -0.7012 1.5464, 0.9193 -0.7012 0.496, 1.4932 -0.7012 1.5631, 0.8908 -0.7012 0.5078, 1.4774 -0.7012 1.5723, 1.4698 -0.7012 1.5797, 1.4406 -0.7012 1.6079, -0.7908 -0.7012 1.3014, -0.7933 -0.7012 1.2795, 0.779 -0.7012 1.3014, 0.7717 -0.7012 1.3222, -0.7168 -0.7012 1.3755, -0.7376 -0.7012 1.3682, -0.7563 -0.7012 1.3565, -0.8721 -0.7012 0.5118, -0.7933 -0.7012 0.5118, 0.76 -0.7012 1.3409, 0.7444 -0.7012 1.3565, 0.7258 -0.7012 1.3682, -0.7718 -0.7012 1.3409, -0.7836 -0.7012 1.3222, 0.705 -0.7012 1.3755, 0.6831 -0.7012 1.378, -0.6949 -0.7012 1.378, 1.5119 0.7576 1.5261, 1.4915 0.7825 1.5261, 1.4543 0.7576 1.5629, 1.66 0.8257 1.4821, 1.65 0.8204 1.4821, 1.6712 0.7692 1.4989, 1.5801 0.8416 1.4821, 1.5872 0.8329 1.4821, 1.5959 0.8257 1.4821, 1.6687 0.8329 1.4821, 1.6758 0.8416 1.4821, 1.6812 0.8516 1.4821, 1.6844 0.8624 1.4821, 1.3439 0.8171 1.7141, 1.5714 0.5896 1.7141, 1.6687 0.6689 1.5629, 1.6758 0.6328 1.6076, 1.6907 0.7797 1.4989, 1.4803 0.726 1.5629, 1.4238 0.7372 1.6076, 1.4011 0.7221 1.6587, 1.4351 0.6807 1.6587, 1.4764 0.6468 1.6587, 1.5236 0.6216 1.6587, 1.5747 0.6061 1.6587, 1.5801 0.6328 1.6076, 1.5872 0.6689 1.5629, 1.5847 0.7692 1.4989, 1.5652 0.7221 1.5261, 1.5652 0.7797 1.4989, 1.5714 0.8624 1.4821, 1.5747 0.8516 1.4821, 1.6907 0.7221 1.5261, 1.66 0.7127 1.5261, 1.6812 0.6061 1.6587, 1.6279 0.6008 1.6587, 1.6279 0.584 1.7141, 1.3604 0.7628 1.7141, 1.3872 0.7127 1.7141, 1.3604 0.8204 1.6587, 1.3872 0.8257 1.6076, 1.5171 0.8516 1.4989, 1.5236 0.8304 1.4989, 1.4764 0.8109 1.5261, 1.6059 0.8204 1.4821, 1.6392 0.8171 1.4821, 1.65 0.7628 1.4989, 1.6167 0.8171 1.4821, 1.6059 0.7628 1.4989, 1.5959 0.7127 1.5261, 1.4671 0.8416 1.5261, 1.4232 0.8329 1.5629, 1.6279 0.816 1.4821, 1.6279 0.7606 1.4989, 1.6279 0.7096 1.5261, 1.6279 0.6649 1.5629, 1.6279 0.6281 1.6076, 1.4351 0.7937 1.5629, 1.4011 0.7797 1.6076, 1.3759 0.7692 1.6587, 1.4232 0.6689 1.7141, 1.4671 0.6328 1.7141, 1.5171 0.6061 1.7141, -1.6618 0.8204 1.4821, -1.6718 0.8257 1.4821, -1.7025 0.7797 1.4989, -1.6078 0.8257 1.4821, -1.6177 0.8204 1.4821, -1.5965 0.7692 1.4989, -1.6877 0.8416 1.4821, -1.6805 0.8329 1.4821, -1.599 0.8329 1.4821, -1.5919 0.8416 1.4821, -1.5865 0.8516 1.4821, -1.5833 0.8624 1.4821, -1.4356 0.7372 1.6076, -1.599 0.6689 1.5629, -1.5919 0.6328 1.6076, -1.577 0.7797 1.4989, -1.7025 0.7221 1.5261, -1.6398 0.584 1.7141, -1.3722 0.8204 1.6587, -1.399 0.8257 1.6076, -1.4921 0.726 1.5629, -1.5034 0.7825 1.5261, -1.5238 0.7576 1.5261, -1.4882 0.8109 1.5261, -1.5354 0.8304 1.4989, -1.5289 0.8516 1.4989, -1.3722 0.7628 1.7141, -1.3557 0.8171 1.7141, -1.399 0.7127 1.7141, -1.5833 0.5896 1.7141, -1.693 0.6061 1.6587, -1.6877 0.6328 1.6076, -1.6805 0.6689 1.5629, -1.683 0.7692 1.4989, -1.6963 0.8624 1.4821, -1.693 0.8516 1.4821, -1.577 0.7221 1.5261, -1.6078 0.7127 1.5261, -1.4129 0.7221 1.6587, -1.4469 0.6807 1.6587, -1.4882 0.6468 1.6587, -1.5354 0.6216 1.6587, -1.5865 0.6061 1.6587, -1.4789 0.8416 1.5261, -1.6285 0.8171 1.4821, -1.6177 0.7628 1.4989, -1.651 0.8171 1.4821, -1.6618 0.7628 1.4989, -1.6718 0.7127 1.5261, -1.4662 0.7576 1.5629, -1.4469 0.7937 1.5629, -1.435 0.8329 1.5629, -1.4129 0.7797 1.6076, -1.3877 0.7692 1.6587, -1.6398 0.816 1.4821, -1.6398 0.7606 1.4989, -1.6398 0.7096 1.5261, -1.6398 0.6649 1.5629, -1.6398 0.6281 1.6076, -1.6398 0.6008 1.6587, -1.5289 0.6061 1.7141, -1.4789 0.6328 1.7141, -1.435 0.6689 1.7141, -1.5238 -0.7426 1.5261, -1.5034 -0.7675 1.5261, -1.4662 -0.7426 1.5629, -1.6718 -0.8107 1.4821, -1.6618 -0.8054 1.4821, -1.683 -0.7542 1.4989, -1.5919 -0.8266 1.4821, -1.599 -0.8179 1.4821, -1.6078 -0.8107 1.4821, -1.6805 -0.8179 1.4821, -1.6877 -0.8266 1.4821, -1.693 -0.8366 1.4821, -1.6963 -0.8474 1.4821, -1.3557 -0.8021 1.7141, -1.7025 -0.7647 1.4989, -1.7025 -0.7071 1.5261, -1.6805 -0.6539 1.5629, -1.6718 -0.6977 1.5261, -1.6877 -0.6178 1.6076, -1.693 -0.5911 1.6587, -1.6398 -0.5858 1.6587, -1.6398 -0.569 1.7141, -1.5833 -0.5746 1.7141, -1.5289 -0.5911 1.7141, -1.3722 -0.7478 1.7141, -1.399 -0.6977 1.7141, -1.3722 -0.8054 1.6587, -1.399 -0.8107 1.6076, -1.5289 -0.8366 1.4989, -1.5354 -0.8154 1.4989, -1.4882 -0.7959 1.5261, -1.4921 -0.711 1.5629, -1.4356 -0.7222 1.6076, -1.4129 -0.7071 1.6587, -1.4469 -0.6657 1.6587, -1.4882 -0.6318 1.6587, -1.5354 -0.6066 1.6587, -1.5865 -0.5911 1.6587, -1.5919 -0.6178 1.6076, -1.599 -0.6539 1.5629, -1.5965 -0.7542 1.4989, -1.577 -0.7071 1.5261, -1.577 -0.7647 1.4989, -1.5833 -0.8474 1.4821, -1.5865 -0.8366 1.4821, -1.6177 -0.8054 1.4821, -1.651 -0.8021 1.4821, -1.6618 -0.7478 1.4989, -1.6285 -0.8021 1.4821, -1.6177 -0.7478 1.4989, -1.6078 -0.6977 1.5261, -1.4789 -0.8266 1.5261, -1.435 -0.8179 1.5629, -1.6398 -0.801 1.4821, -1.6398 -0.7456 1.4989, -1.6398 -0.6946 1.5261, -1.6398 -0.6498 1.5629, -1.6398 -0.6131 1.6076, -1.4469 -0.7787 1.5629, -1.4129 -0.7647 1.6076, -1.3877 -0.7542 1.6587, -1.435 -0.6539 1.7141, -1.4789 -0.6178 1.7141, 1.65 -0.8054 1.4821, 1.66 -0.8107 1.4821, 1.6907 -0.7647 1.4989, 1.5959 -0.8107 1.4821, 1.6059 -0.8054 1.4821, 1.5847 -0.7542 1.4989, 1.6758 -0.8266 1.4821, 1.6687 -0.8179 1.4821, 1.5872 -0.8179 1.4821, 1.5801 -0.8266 1.4821, 1.5747 -0.8366 1.4821, 1.5714 -0.8474 1.4821, 1.3604 -0.8054 1.6587, 1.3872 -0.8107 1.6076, 1.4238 -0.7222 1.6076, 1.5872 -0.6539 1.5629, 1.5801 -0.6178 1.6076, 1.5652 -0.7647 1.4989, 1.6907 -0.7071 1.5261, 1.6758 -0.6178 1.6076, 1.6812 -0.5911 1.6587, 1.6687 -0.6539 1.5629, 1.6712 -0.7542 1.4989, 1.6844 -0.8474 1.4821, 1.6812 -0.8366 1.4821, 1.5652 -0.7071 1.5261, 1.5959 -0.6977 1.5261, 1.4011 -0.7071 1.6587, 1.4351 -0.6657 1.6587, 1.4764 -0.6318 1.6587, 1.5236 -0.6066 1.6587, 1.5747 -0.5911 1.6587, 1.4803 -0.711 1.5629, 1.4915 -0.7675 1.5261, 1.5119 -0.7426 1.5261, 1.4764 -0.7959 1.5261, 1.5236 -0.8154 1.4989, 1.5171 -0.8366 1.4989, 1.3604 -0.7478 1.7141, 1.3439 -0.8021 1.7141, 1.3872 -0.6977 1.7141, 1.6279 -0.569 1.7141, 1.5714 -0.5746 1.7141, 1.4671 -0.8266 1.5261, 1.6167 -0.8021 1.4821, 1.6059 -0.7478 1.4989, 1.6392 -0.8021 1.4821, 1.65 -0.7478 1.4989, 1.66 -0.6977 1.5261, 1.4543 -0.7426 1.5629, 1.4351 -0.7787 1.5629, 1.4232 -0.8179 1.5629, 1.4011 -0.7647 1.6076, 1.3759 -0.7542 1.6587, 1.6279 -0.801 1.4821, 1.6279 -0.7456 1.4989, 1.6279 -0.6946 1.5261, 1.6279 -0.6498 1.5629, 1.6279 -0.6131 1.6076, 1.6279 -0.5858 1.6587, 1.5171 -0.5911 1.7141, 1.4671 -0.6178 1.7141, 1.4232 -0.6539 1.7141, -0.9902 0.8696 0.1269, -0.9902 0.8578 0.0984, -0.9902 0.5784 0.1969, -0.9902 0.5784 0.0394, -0.9902 0.7555 0.0394, -0.9902 0.7861 0.0434, -0.9902 0.8146 0.0552, -0.9902 0.839 0.074, 0.9783 0.8696 0.1269, 0.9783 0.5784 0.0394, 0.9783 0.5784 0.1969, 0.9783 0.7555 0.0394, 0.9783 0.7861 0.0434, 0.9783 0.8146 0.0552, 0.9783 0.8578 0.0984, 0.9783 0.839 0.074, 0.9783 -0.824 0.074, 0.9783 -0.8428 0.0984, 0.9783 -0.5634 0.1969, 0.9783 -0.5634 0.0394, 0.9783 -0.7405 0.0394, 0.9783 -0.8546 0.1269, 0.9783 -0.7711 0.0434, 0.9783 -0.7996 0.0552, -0.9902 -0.824 0.074, -0.9902 -0.7996 0.0552, -0.9902 -0.5634 0.0394, -0.9902 -0.5634 0.1969, -0.9902 -0.7405 0.0394, -0.9902 -0.7711 0.0434, -0.9902 -0.8546 0.1269, -0.9902 -0.8428 0.0984, -1.187 -0.5634 0.1969, -1.187 -0.5634 0.0394, -1.187 -0.7405 0.0394, -1.187 -0.7711 0.0434, -1.187 -0.7996 0.0552, -1.187 -0.824 0.074, -1.187 -0.8428 0.0984, -1.187 -0.8546 0.1269, -1.0631 -0.4683 0.1969, -1.0394 -0.4781 0.1969, -1.019 -0.4938 0.1969, -0.9935 -0.5379 0.1969, -1.0033 -0.5142 0.1969, -1.0886 -0.4649 0.1969, -1.1141 -0.4683 0.1969, -1.1378 -0.4781 0.1969, -1.1582 -0.4938 0.1969, -1.1738 -0.5142 0.1969, -1.1837 -0.5379 0.1969, -1.1141 -0.4683 0.0394, -1.1378 -0.4781 0.0394, -1.1582 -0.4938 0.0394, -1.1837 -0.5379 0.0394, -1.1738 -0.5142 0.0394, -1.0886 -0.4649 0.0394, -1.0631 -0.4683 0.0394, -1.0394 -0.4781 0.0394, -1.019 -0.4938 0.0394, -1.0033 -0.5142 0.0394, -0.9935 -0.5379 0.0394, 1.1752 -0.8546 0.1269, 1.1752 -0.8428 0.0984, 1.1752 -0.824 0.074, 1.1752 -0.7996 0.0552, 1.1752 -0.5634 0.0394, 1.1752 -0.5634 0.1969, 1.1752 -0.7405 0.0394, 1.1752 -0.7711 0.0434
            ]
        }
        coordIndex [
            0,1,2,-1,2,1,3,-1,4,5,6,-1,6,5,7,-1,8,9,10,-1,10,9,11,-1,12,13,14,-1,14,13,15,-1,16,17,18,-1,18,17,19,-1,20,21,22,-1,22,21,23,-1,24,25,26,-1,26,25,27,-1,28,29,30,-1,30,29,31,-1,32,33,34,-1,2,35,36,-1,2,36,34,-1,34,36,37,-1,34,37,32,-1,38,39,40,-1,40,39,41,-1,40,41,42,-1,2,3,35,-1,35,3,43,-1,35,43,44,-1,44,43,45,-1,44,45,46,-1,46,45,47,-1,48,49,50,-1,50,49,51,-1,50,51,52,-1,52,51,53,-1,52,53,54,-1,54,53,55,-1,54,55,56,-1,56,55,57,-1,58,59,4,-1,4,59,60,-1,4,60,5,-1,5,60,61,-1,5,61,62,-1,62,61,63,-1,62,63,64,-1,47,65,46,-1,46,65,66,-1,46,66,67,-1,68,67,69,-1,69,67,70,-1,50,71,72,-1,57,73,56,-1,56,73,74,-1,56,74,75,-1,76,77,78,-1,68,79,67,-1,67,79,80,-1,67,80,46,-1,46,80,81,-1,81,82,46,-1,46,82,83,-1,46,83,50,-1,50,83,84,-1,50,84,71,-1,85,48,86,-1,86,48,50,-1,86,50,87,-1,87,50,72,-1,88,89,40,-1,40,89,90,-1,40,90,91,-1,91,92,40,-1,40,92,93,-1,40,93,67,-1,67,93,94,-1,67,94,70,-1,95,62,75,-1,75,62,64,-1,75,64,56,-1,77,96,78,-1,78,96,62,-1,78,62,97,-1,97,62,95,-1,85,98,48,-1,48,98,99,-1,48,99,100,-1,100,99,101,-1,100,101,102,-1,38,40,78,-1,78,40,103,-1,78,103,76,-1,42,104,40,-1,40,104,105,-1,40,105,88,-1,88,105,106,-1,88,106,107,-1,107,108,88,-1,88,108,109,-1,88,109,110,-1,102,101,111,-1,111,101,112,-1,111,112,110,-1,110,112,113,-1,110,113,88,-1,114,115,116,-1,117,118,119,-1,120,121,122,-1,122,121,123,-1,124,125,115,-1,115,125,126,-1,115,126,116,-1,127,128,129,-1,129,130,127,-1,127,130,131,-1,127,131,116,-1,116,131,132,-1,116,132,114,-1,133,134,135,-1,135,136,137,-1,137,136,138,-1,137,138,139,-1,1,140,141,-1,141,140,142,-1,141,142,119,-1,120,143,121,-1,121,143,144,-1,121,144,115,-1,115,144,145,-1,115,145,124,-1,146,147,128,-1,128,147,7,-1,148,149,128,-1,123,121,119,-1,119,121,150,-1,119,150,117,-1,118,151,119,-1,119,151,152,-1,119,152,141,-1,153,154,127,-1,127,154,155,-1,127,155,128,-1,128,155,156,-1,128,156,148,-1,149,157,128,-1,128,157,158,-1,128,158,159,-1,147,160,7,-1,7,160,161,-1,7,161,6,-1,6,161,162,-1,134,163,135,-1,135,163,164,-1,135,164,136,-1,136,164,165,-1,136,165,166,-1,167,168,169,-1,169,168,170,-1,169,170,171,-1,172,1,173,-1,173,1,0,-1,173,0,174,-1,139,175,137,-1,137,175,176,-1,137,176,167,-1,167,176,177,-1,167,177,168,-1,172,178,1,-1,1,178,179,-1,1,179,171,-1,159,180,128,-1,128,180,181,-1,128,181,146,-1,146,181,182,-1,146,182,183,-1,183,182,184,-1,183,184,135,-1,135,184,185,-1,135,185,133,-1,186,187,127,-1,127,187,188,-1,127,188,153,-1,170,189,171,-1,171,189,190,-1,171,190,1,-1,1,190,191,-1,1,191,140,-1,166,192,136,-1,136,192,193,-1,136,193,194,-1,186,127,194,-1,194,127,195,-1,194,195,136,-1,196,197,198,-1,199,200,201,-1,201,200,202,-1,200,203,202,-1,202,203,204,-1,202,204,205,-1,205,204,206,-1,198,197,207,-1,206,204,208,-1,208,204,209,-1,208,209,210,-1,210,209,211,-1,210,211,212,-1,212,211,213,-1,212,213,214,-1,214,213,215,-1,214,215,216,-1,216,215,217,-1,216,217,218,-1,218,217,219,-1,218,219,220,-1,220,219,221,-1,220,221,222,-1,222,221,223,-1,222,223,224,-1,224,223,225,-1,224,225,198,-1,198,225,226,-1,198,226,196,-1,207,197,227,-1,227,197,228,-1,227,228,229,-1,230,231,232,-1,233,234,232,-1,232,234,235,-1,232,235,230,-1,232,236,233,-1,233,236,237,-1,233,237,238,-1,239,240,241,-1,241,240,242,-1,241,242,243,-1,243,242,244,-1,243,244,245,-1,245,244,246,-1,245,246,247,-1,247,246,248,-1,247,248,249,-1,249,248,250,-1,249,250,238,-1,238,250,251,-1,238,251,233,-1,241,252,239,-1,239,252,253,-1,239,253,254,-1,254,253,255,-1,254,255,256,-1,256,255,257,-1,258,259,260,-1,255,261,257,-1,257,261,262,-1,257,262,260,-1,260,262,263,-1,260,263,258,-1,264,265,266,-1,266,265,267,-1,266,267,268,-1,268,267,269,-1,268,269,270,-1,271,272,273,-1,273,272,274,-1,273,274,264,-1,264,274,275,-1,264,275,265,-1,276,277,271,-1,271,277,278,-1,271,278,272,-1,276,279,277,-1,277,279,280,-1,277,280,281,-1,281,280,282,-1,281,282,283,-1,283,282,284,-1,283,284,285,-1,285,284,286,-1,285,286,287,-1,287,286,288,-1,287,288,289,-1,290,291,292,-1,67,293,40,-1,40,293,294,-1,293,295,294,-1,294,295,296,-1,294,296,297,-1,297,296,298,-1,292,291,299,-1,298,296,300,-1,300,296,301,-1,300,301,302,-1,302,301,303,-1,302,303,304,-1,304,303,305,-1,304,305,306,-1,306,305,307,-1,306,307,308,-1,308,307,309,-1,308,309,310,-1,310,309,311,-1,310,311,312,-1,312,311,313,-1,312,313,314,-1,314,313,315,-1,314,315,316,-1,316,315,317,-1,316,317,292,-1,292,317,318,-1,292,318,290,-1,299,291,319,-1,319,291,320,-1,319,320,321,-1,322,323,324,-1,324,323,325,-1,324,325,326,-1,326,325,327,-1,327,328,326,-1,326,328,329,-1,326,329,330,-1,331,332,333,-1,333,332,334,-1,335,336,14,-1,14,336,337,-1,14,337,12,-1,12,337,338,-1,12,338,339,-1,340,341,342,-1,342,341,343,-1,342,343,344,-1,334,332,345,-1,345,332,11,-1,345,11,340,-1,340,11,9,-1,340,9,341,-1,338,346,339,-1,339,346,347,-1,339,347,348,-1,348,347,349,-1,348,349,350,-1,350,349,351,-1,350,351,352,-1,353,354,201,-1,343,355,344,-1,344,355,356,-1,344,356,357,-1,353,201,358,-1,357,199,344,-1,344,199,359,-1,344,359,360,-1,360,359,361,-1,354,362,201,-1,201,362,363,-1,201,363,364,-1,365,358,366,-1,366,358,201,-1,366,201,351,-1,351,201,367,-1,351,367,352,-1,368,369,199,-1,199,369,370,-1,199,370,371,-1,371,372,199,-1,199,372,373,-1,199,373,359,-1,364,374,201,-1,201,374,375,-1,201,375,199,-1,199,375,376,-1,199,376,368,-1,377,378,379,-1,379,378,380,-1,379,380,381,-1,381,380,382,-1,382,383,381,-1,381,383,384,-1,381,384,385,-1,386,387,388,-1,389,390,391,-1,391,390,392,-1,391,392,393,-1,393,392,394,-1,393,394,395,-1,396,121,115,-1,397,398,399,-1,115,386,396,-1,396,386,388,-1,396,388,394,-1,394,388,400,-1,394,400,395,-1,399,401,397,-1,397,401,402,-1,397,402,387,-1,387,402,403,-1,387,403,388,-1,377,404,405,-1,406,407,379,-1,379,407,408,-1,379,408,377,-1,377,408,409,-1,377,409,404,-1,410,411,412,-1,413,414,415,-1,415,414,416,-1,416,414,417,-1,417,414,418,-1,417,418,419,-1,420,421,405,-1,422,423,424,-1,424,423,425,-1,424,425,405,-1,405,425,426,-1,405,426,420,-1,427,428,429,-1,421,430,405,-1,405,430,431,-1,405,431,377,-1,428,432,429,-1,429,432,433,-1,429,433,412,-1,412,433,434,-1,412,434,410,-1,30,435,436,-1,419,418,429,-1,429,418,437,-1,429,437,427,-1,411,438,412,-1,412,438,439,-1,412,439,440,-1,270,269,441,-1,441,269,442,-1,443,444,445,-1,445,444,441,-1,445,441,446,-1,446,441,442,-1,447,448,436,-1,436,448,449,-1,440,443,412,-1,412,443,445,-1,412,445,26,-1,26,445,24,-1,422,424,436,-1,436,424,28,-1,436,28,30,-1,435,450,436,-1,436,450,451,-1,436,451,447,-1,451,452,447,-1,447,452,453,-1,447,453,454,-1,449,455,436,-1,436,455,456,-1,436,456,457,-1,457,456,458,-1,457,458,459,-1,459,458,445,-1,445,458,460,-1,445,460,24,-1,461,462,463,-1,463,462,464,-1,454,465,447,-1,447,465,466,-1,447,466,467,-1,467,466,462,-1,467,462,468,-1,468,462,461,-1,464,469,463,-1,463,469,470,-1,463,470,471,-1,471,472,463,-1,463,472,473,-1,463,473,474,-1,474,475,463,-1,463,475,476,-1,463,476,477,-1,477,476,478,-1,478,479,477,-1,477,479,480,-1,477,480,481,-1,482,483,484,-1,484,483,485,-1,484,485,486,-1,486,485,487,-1,487,488,486,-1,486,488,489,-1,486,489,490,-1,322,491,492,-1,493,494,324,-1,324,494,495,-1,324,495,322,-1,322,495,496,-1,322,496,491,-1,497,486,498,-1,498,486,499,-1,499,486,500,-1,500,486,490,-1,500,490,501,-1,502,492,503,-1,503,492,504,-1,505,506,507,-1,508,509,510,-1,510,509,511,-1,510,511,492,-1,492,511,512,-1,492,512,504,-1,502,513,492,-1,492,513,514,-1,492,514,322,-1,515,516,510,-1,506,517,507,-1,507,517,518,-1,507,518,519,-1,519,518,520,-1,521,522,523,-1,501,490,507,-1,507,490,524,-1,507,524,505,-1,525,526,521,-1,521,526,527,-1,521,527,528,-1,516,529,510,-1,510,529,530,-1,510,530,508,-1,531,532,528,-1,532,533,528,-1,528,533,534,-1,528,534,521,-1,521,534,535,-1,521,535,522,-1,520,536,519,-1,519,536,537,-1,519,537,16,-1,16,537,521,-1,16,521,17,-1,17,521,523,-1,538,21,20,-1,21,538,510,-1,510,538,539,-1,510,539,515,-1,540,541,542,-1,259,258,543,-1,543,258,539,-1,543,539,544,-1,544,539,538,-1,545,546,521,-1,521,546,547,-1,521,547,525,-1,20,548,538,-1,538,548,546,-1,538,546,549,-1,549,546,545,-1,542,541,550,-1,531,528,551,-1,551,528,552,-1,551,552,541,-1,541,552,553,-1,541,553,550,-1,554,555,556,-1,556,555,557,-1,556,557,558,-1,540,542,556,-1,556,542,559,-1,556,559,554,-1,558,560,556,-1,556,560,561,-1,556,561,562,-1,562,561,563,-1,563,564,562,-1,562,564,565,-1,562,565,566,-1,418,414,567,-1,567,414,568,-1,569,570,571,-1,571,570,572,-1,571,572,414,-1,414,572,573,-1,414,573,568,-1,320,574,228,-1,228,574,575,-1,228,575,229,-1,229,575,576,-1,229,576,577,-1,578,289,288,-1,228,579,320,-1,320,579,580,-1,320,580,321,-1,321,580,581,-1,321,581,582,-1,582,581,583,-1,288,584,578,-1,578,584,585,-1,578,585,576,-1,576,585,586,-1,576,586,577,-1,231,230,587,-1,587,230,588,-1,587,588,581,-1,581,588,589,-1,581,589,583,-1,590,591,326,-1,482,592,593,-1,330,594,595,-1,596,597,484,-1,484,597,598,-1,484,598,482,-1,482,598,599,-1,482,599,592,-1,330,595,326,-1,326,595,600,-1,326,600,590,-1,601,602,593,-1,603,604,605,-1,605,604,606,-1,605,606,593,-1,593,606,607,-1,593,607,601,-1,608,609,610,-1,602,611,593,-1,593,611,612,-1,593,612,482,-1,609,613,610,-1,610,613,614,-1,610,614,615,-1,615,614,616,-1,615,616,617,-1,19,618,619,-1,594,330,610,-1,610,330,620,-1,610,620,608,-1,617,621,615,-1,615,621,622,-1,615,622,623,-1,624,625,619,-1,619,625,626,-1,623,627,615,-1,615,627,628,-1,615,628,629,-1,630,631,615,-1,615,631,632,-1,615,632,23,-1,23,632,22,-1,603,605,619,-1,619,605,18,-1,619,18,19,-1,618,633,619,-1,619,633,634,-1,619,634,624,-1,634,635,624,-1,624,635,636,-1,624,636,637,-1,398,630,399,-1,399,630,615,-1,399,615,638,-1,638,615,629,-1,626,639,619,-1,619,639,640,-1,619,640,641,-1,641,640,642,-1,641,642,643,-1,643,642,632,-1,632,642,644,-1,632,644,22,-1,645,646,647,-1,637,648,624,-1,624,648,649,-1,624,649,650,-1,650,649,645,-1,650,645,651,-1,651,645,647,-1,645,652,646,-1,646,652,653,-1,646,653,654,-1,646,655,656,-1,654,657,646,-1,646,657,658,-1,646,658,655,-1,656,659,646,-1,646,659,660,-1,646,660,661,-1,661,660,662,-1,662,663,661,-1,661,663,664,-1,661,664,665,-1,569,666,667,-1,668,669,571,-1,571,669,670,-1,571,670,569,-1,569,670,671,-1,569,671,666,-1,672,381,673,-1,673,381,674,-1,674,381,675,-1,675,381,385,-1,675,385,676,-1,677,678,679,-1,680,667,681,-1,681,667,682,-1,683,684,685,-1,677,679,667,-1,667,679,686,-1,667,686,682,-1,680,687,667,-1,667,687,688,-1,667,688,569,-1,689,690,691,-1,684,692,685,-1,685,692,693,-1,685,693,694,-1,694,693,695,-1,696,697,698,-1,676,385,685,-1,685,385,699,-1,685,699,683,-1,700,701,702,-1,702,701,703,-1,702,703,689,-1,689,703,704,-1,689,704,690,-1,695,705,694,-1,694,705,706,-1,694,706,29,-1,29,706,689,-1,29,689,31,-1,31,689,691,-1,697,707,698,-1,698,707,708,-1,698,708,709,-1,25,710,709,-1,709,710,711,-1,712,698,689,-1,689,698,713,-1,689,713,702,-1,712,714,698,-1,698,714,715,-1,698,715,716,-1,678,677,709,-1,709,677,27,-1,709,27,25,-1,711,717,709,-1,709,717,718,-1,709,718,698,-1,719,720,721,-1,696,698,722,-1,722,698,716,-1,722,716,389,-1,389,716,723,-1,389,723,390,-1,724,725,726,-1,726,725,727,-1,726,727,702,-1,702,727,728,-1,702,728,700,-1,724,729,725,-1,725,729,721,-1,725,721,730,-1,730,721,720,-1,731,732,721,-1,721,732,733,-1,721,733,734,-1,735,731,736,-1,736,731,737,-1,735,738,731,-1,731,738,739,-1,731,739,732,-1,734,740,721,-1,721,740,741,-1,721,741,719,-1,742,128,7,-1,742,7,743,-1,744,7,745,-1,745,7,5,-1,745,5,62,-1,744,746,7,-1,7,746,747,-1,7,747,748,-1,748,749,7,-1,7,749,750,-1,7,750,743,-1,751,752,1,-1,141,753,1,-1,1,753,754,-1,1,754,755,-1,755,756,1,-1,1,756,757,-1,1,757,751,-1,43,3,758,-1,758,3,1,-1,758,1,759,-1,759,1,752,-1,341,9,760,-1,760,9,8,-1,760,8,761,-1,762,763,8,-1,8,763,764,-1,764,765,8,-1,8,765,766,-1,8,766,767,-1,767,768,8,-1,8,768,769,-1,8,769,761,-1,13,12,339,-1,770,771,13,-1,339,772,13,-1,13,772,773,-1,13,773,774,-1,771,775,13,-1,13,775,776,-1,13,776,777,-1,774,778,13,-1,13,778,779,-1,13,779,770,-1,762,8,780,-1,780,8,781,-1,781,8,10,-1,781,10,782,-1,783,784,777,-1,777,784,785,-1,777,785,13,-1,785,786,13,-1,13,786,787,-1,13,787,15,-1,15,787,788,-1,777,789,783,-1,783,789,790,-1,783,790,791,-1,790,792,791,-1,791,792,793,-1,791,793,794,-1,795,796,797,-1,780,798,762,-1,762,798,799,-1,762,799,800,-1,800,799,801,-1,800,801,802,-1,802,801,803,-1,802,803,804,-1,804,803,805,-1,795,388,803,-1,803,388,806,-1,803,806,805,-1,400,807,808,-1,795,797,388,-1,388,797,809,-1,388,809,810,-1,811,812,400,-1,400,812,813,-1,794,400,791,-1,791,400,808,-1,791,808,814,-1,814,808,815,-1,810,816,388,-1,388,816,817,-1,388,817,818,-1,813,819,400,-1,400,819,820,-1,400,820,807,-1,818,821,388,-1,388,821,822,-1,388,822,400,-1,400,822,823,-1,400,823,811,-1,824,825,826,-1,827,828,829,-1,487,830,831,-1,606,832,831,-1,831,832,487,-1,828,827,487,-1,487,833,834,-1,487,835,836,-1,825,824,748,-1,304,306,837,-1,235,234,838,-1,544,839,840,-1,521,537,841,-1,490,489,836,-1,128,742,129,-1,129,742,842,-1,132,131,842,-1,842,131,130,-1,842,130,129,-1,843,844,115,-1,115,844,386,-1,386,844,845,-1,386,845,387,-1,387,845,846,-1,387,846,397,-1,397,846,847,-1,397,847,398,-1,398,847,848,-1,398,848,630,-1,848,849,630,-1,630,849,850,-1,630,850,631,-1,851,619,852,-1,852,619,641,-1,852,641,643,-1,603,853,604,-1,604,853,606,-1,611,602,830,-1,830,602,601,-1,830,601,831,-1,831,601,607,-1,831,607,606,-1,612,611,854,-1,854,611,855,-1,854,855,487,-1,490,836,524,-1,524,836,835,-1,524,835,505,-1,487,834,835,-1,835,834,506,-1,835,506,505,-1,829,856,545,-1,544,538,839,-1,839,538,549,-1,839,549,857,-1,260,259,840,-1,840,259,543,-1,840,543,544,-1,260,840,257,-1,257,840,858,-1,257,858,256,-1,240,239,858,-1,858,239,254,-1,858,254,256,-1,244,242,859,-1,248,246,860,-1,234,233,838,-1,838,233,251,-1,838,251,860,-1,860,251,250,-1,860,250,248,-1,861,299,319,-1,861,319,862,-1,314,316,861,-1,861,316,292,-1,861,292,299,-1,306,308,837,-1,837,308,310,-1,837,310,861,-1,861,310,312,-1,861,312,314,-1,298,300,863,-1,863,300,302,-1,864,294,863,-1,863,294,297,-1,863,297,298,-1,865,745,62,-1,746,744,866,-1,866,744,745,-1,746,866,747,-1,747,866,867,-1,747,867,748,-1,743,750,824,-1,824,750,749,-1,824,749,748,-1,489,488,836,-1,836,488,487,-1,482,612,483,-1,483,612,854,-1,483,854,485,-1,485,854,487,-1,611,830,855,-1,855,830,487,-1,537,536,841,-1,841,536,520,-1,841,520,833,-1,833,520,518,-1,833,518,834,-1,834,518,517,-1,834,517,506,-1,545,521,829,-1,829,521,841,-1,829,841,827,-1,827,841,833,-1,827,833,487,-1,868,853,851,-1,851,853,603,-1,851,603,619,-1,487,869,828,-1,828,869,870,-1,828,870,829,-1,829,870,857,-1,829,857,856,-1,856,857,549,-1,856,549,545,-1,487,868,871,-1,871,868,851,-1,871,851,872,-1,872,851,852,-1,872,852,873,-1,873,852,643,-1,873,643,850,-1,850,643,632,-1,850,632,631,-1,115,114,843,-1,843,114,132,-1,843,132,826,-1,826,132,842,-1,826,842,824,-1,824,842,742,-1,824,742,743,-1,62,96,865,-1,865,96,77,-1,865,77,874,-1,874,77,76,-1,874,76,875,-1,875,76,103,-1,875,103,864,-1,864,103,40,-1,864,40,294,-1,487,876,869,-1,869,876,877,-1,869,877,870,-1,870,877,878,-1,870,878,857,-1,857,878,879,-1,857,879,839,-1,839,879,880,-1,839,880,840,-1,840,880,859,-1,840,859,858,-1,858,859,242,-1,858,242,240,-1,487,871,876,-1,876,871,872,-1,876,872,877,-1,877,872,873,-1,877,873,878,-1,878,873,850,-1,878,850,879,-1,879,850,849,-1,879,849,880,-1,880,849,848,-1,880,848,859,-1,606,853,832,-1,832,853,868,-1,832,868,487,-1,748,867,825,-1,825,867,881,-1,825,881,826,-1,826,881,882,-1,826,882,843,-1,843,882,883,-1,843,883,844,-1,745,865,866,-1,866,865,874,-1,866,874,867,-1,867,874,875,-1,867,875,881,-1,881,875,864,-1,881,864,882,-1,882,864,863,-1,882,863,883,-1,302,304,863,-1,863,304,837,-1,863,837,883,-1,883,837,861,-1,883,861,844,-1,844,861,862,-1,844,862,845,-1,845,862,884,-1,845,884,846,-1,846,884,885,-1,846,885,847,-1,847,885,886,-1,847,886,848,-1,848,886,838,-1,848,838,859,-1,859,838,860,-1,859,860,244,-1,244,860,246,-1,319,321,862,-1,862,321,582,-1,862,582,884,-1,884,582,583,-1,884,583,885,-1,885,583,589,-1,885,589,886,-1,886,589,588,-1,886,588,838,-1,838,588,230,-1,838,230,235,-1,887,888,889,-1,890,891,892,-1,382,893,894,-1,888,887,382,-1,891,890,382,-1,382,895,896,-1,382,897,898,-1,117,150,899,-1,716,900,901,-1,689,706,902,-1,385,384,898,-1,459,903,457,-1,272,278,904,-1,296,295,905,-1,67,66,906,-1,141,152,753,-1,152,151,753,-1,753,151,907,-1,753,907,754,-1,908,756,909,-1,909,756,755,-1,910,751,908,-1,908,751,757,-1,908,757,756,-1,752,911,759,-1,759,911,912,-1,759,912,758,-1,758,912,45,-1,758,45,43,-1,67,906,293,-1,296,905,301,-1,307,305,905,-1,905,305,303,-1,905,303,301,-1,290,318,913,-1,913,318,317,-1,317,315,913,-1,913,315,313,-1,913,313,914,-1,914,313,311,-1,914,311,309,-1,290,913,291,-1,291,913,915,-1,291,915,320,-1,278,277,904,-1,904,277,281,-1,904,281,916,-1,916,281,283,-1,916,283,285,-1,267,265,917,-1,917,265,275,-1,917,275,274,-1,267,917,269,-1,269,917,918,-1,269,918,442,-1,442,918,919,-1,442,919,446,-1,457,903,436,-1,436,903,920,-1,436,920,422,-1,430,421,893,-1,893,421,420,-1,893,420,894,-1,894,420,426,-1,894,426,425,-1,431,430,921,-1,921,430,922,-1,921,922,382,-1,385,898,699,-1,699,898,897,-1,699,897,683,-1,382,896,897,-1,897,896,684,-1,897,684,683,-1,892,923,712,-1,716,715,900,-1,900,715,714,-1,900,714,924,-1,925,121,926,-1,926,121,396,-1,926,396,927,-1,927,396,394,-1,927,394,928,-1,928,394,392,-1,928,392,929,-1,929,392,390,-1,929,390,901,-1,901,390,723,-1,901,723,716,-1,384,383,898,-1,898,383,382,-1,377,431,378,-1,378,431,921,-1,378,921,380,-1,380,921,382,-1,430,893,922,-1,922,893,382,-1,706,705,902,-1,902,705,695,-1,902,695,895,-1,895,695,693,-1,895,693,896,-1,896,693,692,-1,896,692,684,-1,712,689,892,-1,892,689,902,-1,892,902,890,-1,890,902,895,-1,890,895,382,-1,423,889,425,-1,425,889,888,-1,425,888,894,-1,894,888,382,-1,752,751,911,-1,911,751,910,-1,911,910,912,-1,912,910,930,-1,912,930,45,-1,45,930,47,-1,382,931,891,-1,891,931,932,-1,891,932,892,-1,892,932,924,-1,892,924,923,-1,923,924,714,-1,923,714,712,-1,933,920,934,-1,934,920,903,-1,934,903,935,-1,935,903,459,-1,935,459,919,-1,919,459,445,-1,919,445,446,-1,755,754,909,-1,909,754,907,-1,909,907,908,-1,908,907,936,-1,908,936,910,-1,910,936,937,-1,910,937,930,-1,930,937,938,-1,930,938,47,-1,47,938,65,-1,151,118,907,-1,907,118,117,-1,907,117,936,-1,936,117,899,-1,936,899,937,-1,937,899,939,-1,937,939,938,-1,938,939,906,-1,938,906,65,-1,65,906,66,-1,150,121,899,-1,899,121,925,-1,899,925,939,-1,939,925,940,-1,939,940,906,-1,906,940,905,-1,906,905,293,-1,293,905,295,-1,382,941,931,-1,931,941,942,-1,931,942,932,-1,932,942,943,-1,932,943,924,-1,924,943,944,-1,924,944,900,-1,900,944,945,-1,900,945,901,-1,901,945,946,-1,901,946,929,-1,274,946,917,-1,917,946,945,-1,917,945,918,-1,918,945,944,-1,918,944,919,-1,919,944,943,-1,919,943,935,-1,935,943,942,-1,935,942,934,-1,934,942,941,-1,934,941,933,-1,933,941,382,-1,274,272,946,-1,946,272,904,-1,946,904,929,-1,929,904,916,-1,929,916,928,-1,928,916,947,-1,928,947,927,-1,927,947,948,-1,927,948,926,-1,926,948,949,-1,926,949,925,-1,925,949,915,-1,925,915,940,-1,940,915,913,-1,940,913,905,-1,905,913,914,-1,905,914,307,-1,307,914,309,-1,423,422,889,-1,889,422,920,-1,889,920,887,-1,887,920,933,-1,887,933,382,-1,285,287,916,-1,916,287,289,-1,916,289,947,-1,947,289,578,-1,947,578,948,-1,948,578,576,-1,948,576,949,-1,949,576,575,-1,949,575,915,-1,915,575,574,-1,915,574,320,-1,950,951,952,-1,953,954,955,-1,573,956,957,-1,686,958,957,-1,957,958,573,-1,954,953,573,-1,573,959,960,-1,573,961,962,-1,951,950,779,-1,212,214,963,-1,438,411,964,-1,418,567,962,-1,418,962,437,-1,437,962,961,-1,437,961,427,-1,573,960,961,-1,961,960,428,-1,961,428,427,-1,955,965,439,-1,966,443,440,-1,966,440,967,-1,443,966,444,-1,444,966,968,-1,444,968,441,-1,969,268,968,-1,968,268,270,-1,968,270,441,-1,273,264,969,-1,969,264,266,-1,969,266,268,-1,276,271,970,-1,971,280,279,-1,280,971,282,-1,282,971,972,-1,282,972,284,-1,973,288,972,-1,972,288,286,-1,972,286,284,-1,974,207,227,-1,974,227,975,-1,222,224,974,-1,974,224,198,-1,974,198,207,-1,214,216,963,-1,963,216,218,-1,963,218,974,-1,974,218,220,-1,974,220,222,-1,206,208,976,-1,976,208,210,-1,977,202,976,-1,976,202,205,-1,976,205,206,-1,978,772,339,-1,774,773,979,-1,979,773,772,-1,774,979,778,-1,778,979,980,-1,778,980,779,-1,775,771,950,-1,950,771,770,-1,950,770,779,-1,777,776,789,-1,789,776,981,-1,793,792,981,-1,981,792,790,-1,981,790,789,-1,982,983,400,-1,400,983,395,-1,395,983,984,-1,395,984,393,-1,393,984,985,-1,393,985,391,-1,391,985,986,-1,391,986,389,-1,389,986,987,-1,389,987,722,-1,987,988,722,-1,722,988,989,-1,722,989,696,-1,990,709,991,-1,991,709,708,-1,991,708,707,-1,678,992,679,-1,679,992,686,-1,687,680,956,-1,956,680,681,-1,956,681,957,-1,957,681,682,-1,957,682,686,-1,688,687,993,-1,993,687,994,-1,993,994,573,-1,567,568,962,-1,962,568,573,-1,569,688,570,-1,570,688,993,-1,570,993,572,-1,572,993,573,-1,687,956,994,-1,994,956,573,-1,411,410,964,-1,964,410,434,-1,964,434,959,-1,959,434,433,-1,959,433,960,-1,960,433,432,-1,960,432,428,-1,439,438,955,-1,955,438,964,-1,955,964,953,-1,953,964,959,-1,953,959,573,-1,995,992,990,-1,990,992,678,-1,990,678,709,-1,573,996,954,-1,954,996,997,-1,954,997,955,-1,955,997,967,-1,955,967,965,-1,965,967,440,-1,965,440,439,-1,573,995,998,-1,998,995,990,-1,998,990,999,-1,999,990,991,-1,999,991,1000,-1,1000,991,707,-1,1000,707,989,-1,989,707,697,-1,989,697,696,-1,400,794,982,-1,982,794,793,-1,982,793,952,-1,952,793,981,-1,952,981,950,-1,950,981,776,-1,950,776,775,-1,339,348,978,-1,978,348,350,-1,978,350,1001,-1,1001,350,352,-1,1001,352,1002,-1,1002,352,367,-1,1002,367,977,-1,977,367,201,-1,977,201,202,-1,573,1003,996,-1,996,1003,1004,-1,996,1004,997,-1,997,1004,1005,-1,997,1005,967,-1,967,1005,1006,-1,967,1006,966,-1,966,1006,1007,-1,966,1007,968,-1,968,1007,970,-1,968,970,969,-1,969,970,271,-1,969,271,273,-1,573,998,1003,-1,1003,998,999,-1,1003,999,1004,-1,1004,999,1000,-1,1004,1000,1005,-1,1005,1000,989,-1,1005,989,1006,-1,1006,989,988,-1,1006,988,1007,-1,1007,988,987,-1,1007,987,970,-1,686,992,958,-1,958,992,995,-1,958,995,573,-1,779,980,951,-1,951,980,1008,-1,951,1008,952,-1,952,1008,1009,-1,952,1009,982,-1,982,1009,1010,-1,982,1010,983,-1,772,978,979,-1,979,978,1001,-1,979,1001,980,-1,980,1001,1002,-1,980,1002,1008,-1,1008,1002,977,-1,1008,977,1009,-1,1009,977,976,-1,1009,976,1010,-1,210,212,976,-1,976,212,963,-1,976,963,1010,-1,1010,963,974,-1,1010,974,983,-1,983,974,975,-1,983,975,984,-1,984,975,1011,-1,984,1011,985,-1,985,1011,1012,-1,985,1012,986,-1,986,1012,973,-1,986,973,987,-1,987,973,972,-1,987,972,970,-1,970,972,971,-1,970,971,276,-1,276,971,279,-1,227,229,975,-1,975,229,577,-1,975,577,1011,-1,1011,577,586,-1,1011,586,1012,-1,1012,586,585,-1,1012,585,973,-1,973,585,584,-1,973,584,288,-1,1013,1014,1015,-1,1016,1017,1018,-1,327,1019,1020,-1,1014,1013,327,-1,1017,1016,327,-1,327,1021,1022,-1,327,1023,1024,-1,204,203,1025,-1,199,357,1026,-1,800,763,762,-1,805,806,1027,-1,629,1028,1029,-1,622,621,1030,-1,330,329,1024,-1,529,1031,530,-1,1032,258,263,-1,1032,263,1033,-1,1033,263,262,-1,1033,262,261,-1,258,1032,539,-1,539,1032,1034,-1,539,1034,515,-1,530,1031,508,-1,508,1031,1035,-1,508,1035,509,-1,513,502,1019,-1,1019,502,503,-1,1019,503,1020,-1,1020,503,504,-1,1020,504,512,-1,514,513,1036,-1,1036,513,1037,-1,1036,1037,327,-1,330,1024,620,-1,620,1024,1023,-1,620,1023,608,-1,327,1022,1023,-1,1023,1022,609,-1,1023,609,608,-1,1018,1038,623,-1,629,628,1028,-1,1028,628,627,-1,1028,627,1039,-1,1040,388,1041,-1,1041,388,403,-1,1041,403,1042,-1,1042,403,402,-1,1042,402,1043,-1,1043,402,401,-1,1043,401,1044,-1,1044,401,399,-1,1044,399,1029,-1,1029,399,638,-1,1029,638,629,-1,800,802,763,-1,763,802,1045,-1,763,1045,764,-1,1046,766,1047,-1,1047,766,765,-1,1048,768,1046,-1,1046,768,767,-1,1046,767,766,-1,769,1049,761,-1,761,1049,1050,-1,761,1050,760,-1,760,1050,343,-1,760,343,341,-1,199,1026,200,-1,204,1025,209,-1,215,213,1025,-1,1025,213,211,-1,1025,211,209,-1,196,226,1051,-1,1051,226,225,-1,225,223,1051,-1,1051,223,221,-1,1051,221,1052,-1,1052,221,219,-1,1052,219,217,-1,196,1051,197,-1,197,1051,1053,-1,197,1053,228,-1,1054,238,1055,-1,1055,238,237,-1,1055,237,236,-1,241,243,1054,-1,1054,243,245,-1,245,247,1054,-1,1054,247,249,-1,1054,249,238,-1,261,255,1033,-1,1033,255,253,-1,1033,253,252,-1,329,328,1024,-1,1024,328,327,-1,322,514,323,-1,323,514,1036,-1,323,1036,325,-1,325,1036,327,-1,513,1019,1037,-1,1037,1019,327,-1,621,617,1030,-1,1030,617,616,-1,1030,616,1021,-1,1021,616,614,-1,1021,614,1022,-1,1022,614,613,-1,1022,613,609,-1,623,622,1018,-1,1018,622,1030,-1,1018,1030,1016,-1,1016,1030,1021,-1,1016,1021,327,-1,511,1015,512,-1,512,1015,1014,-1,512,1014,1020,-1,1020,1014,327,-1,769,768,1049,-1,1049,768,1048,-1,1049,1048,1050,-1,1050,1048,1056,-1,1050,1056,343,-1,343,1056,355,-1,327,1057,1017,-1,1017,1057,1058,-1,1017,1058,1018,-1,1018,1058,1039,-1,1018,1039,1038,-1,1038,1039,627,-1,1038,627,623,-1,1059,1035,1060,-1,1060,1035,1031,-1,1060,1031,1061,-1,1061,1031,529,-1,1061,529,1034,-1,1034,529,516,-1,1034,516,515,-1,765,764,1047,-1,1047,764,1045,-1,1047,1045,1046,-1,1046,1045,1062,-1,1046,1062,1048,-1,1048,1062,1063,-1,1048,1063,1056,-1,1056,1063,1064,-1,1056,1064,355,-1,355,1064,356,-1,802,804,1045,-1,1045,804,805,-1,1045,805,1062,-1,1062,805,1027,-1,1062,1027,1063,-1,1063,1027,1065,-1,1063,1065,1064,-1,1064,1065,1026,-1,1064,1026,356,-1,356,1026,357,-1,806,388,1027,-1,1027,388,1040,-1,1027,1040,1065,-1,1065,1040,1066,-1,1065,1066,1026,-1,1026,1066,1025,-1,1026,1025,200,-1,200,1025,203,-1,327,1067,1057,-1,1057,1067,1068,-1,1057,1068,1058,-1,1058,1068,1069,-1,1058,1069,1039,-1,1039,1069,1070,-1,1039,1070,1028,-1,1028,1070,1071,-1,1028,1071,1029,-1,1029,1071,1072,-1,1029,1072,1044,-1,252,1072,1033,-1,1033,1072,1071,-1,1033,1071,1032,-1,1032,1071,1070,-1,1032,1070,1034,-1,1034,1070,1069,-1,1034,1069,1061,-1,1061,1069,1068,-1,1061,1068,1060,-1,1060,1068,1067,-1,1060,1067,1059,-1,1059,1067,327,-1,252,241,1072,-1,1072,241,1054,-1,1072,1054,1044,-1,1044,1054,1055,-1,1044,1055,1043,-1,1043,1055,1073,-1,1043,1073,1042,-1,1042,1073,1074,-1,1042,1074,1041,-1,1041,1074,1075,-1,1041,1075,1040,-1,1040,1075,1053,-1,1040,1053,1066,-1,1066,1053,1051,-1,1066,1051,1025,-1,1025,1051,1052,-1,1025,1052,215,-1,215,1052,217,-1,511,509,1015,-1,1015,509,1035,-1,1015,1035,1013,-1,1013,1035,1059,-1,1013,1059,327,-1,236,232,1055,-1,1055,232,231,-1,1055,231,1073,-1,1073,231,587,-1,1073,587,1074,-1,1074,587,581,-1,1074,581,1075,-1,1075,581,580,-1,1075,580,1053,-1,1053,580,579,-1,1053,579,228,-1,186,110,187,-1,187,110,109,-1,187,109,188,-1,188,109,108,-1,188,108,153,-1,153,108,107,-1,153,107,154,-1,154,107,106,-1,154,106,155,-1,155,106,105,-1,155,105,156,-1,156,105,104,-1,156,104,148,-1,148,104,42,-1,148,42,149,-1,149,42,41,-1,149,41,157,-1,157,41,39,-1,157,39,158,-1,158,39,38,-1,158,38,159,-1,159,38,78,-1,159,78,180,-1,180,78,97,-1,111,110,194,-1,194,110,186,-1,181,95,182,-1,182,95,75,-1,182,75,184,-1,184,75,74,-1,184,74,185,-1,185,74,73,-1,185,73,133,-1,133,73,57,-1,133,57,134,-1,134,57,55,-1,134,55,163,-1,163,55,53,-1,163,53,164,-1,164,53,51,-1,164,51,165,-1,165,51,49,-1,165,49,166,-1,166,49,48,-1,166,48,192,-1,192,48,100,-1,192,100,193,-1,193,100,102,-1,193,102,194,-1,194,102,111,-1,97,95,180,-1,180,95,181,-1,173,32,172,-1,172,32,37,-1,172,37,178,-1,178,37,36,-1,178,36,179,-1,179,36,35,-1,179,35,171,-1,171,35,44,-1,171,44,169,-1,169,44,46,-1,169,46,167,-1,167,46,50,-1,137,52,135,-1,135,52,54,-1,135,54,183,-1,183,54,56,-1,183,56,146,-1,146,56,64,-1,146,64,147,-1,147,64,63,-1,147,63,160,-1,160,63,61,-1,160,61,161,-1,161,61,60,-1,50,52,167,-1,167,52,137,-1,32,173,33,-1,33,173,174,-1,33,174,1076,-1,1076,174,1077,-1,1078,1079,174,-1,174,1079,1080,-1,174,1080,1081,-1,1081,1082,174,-1,174,1082,1083,-1,174,1083,1077,-1,161,60,162,-1,162,60,59,-1,162,59,1084,-1,1085,1086,1087,-1,1087,1086,162,-1,1087,162,1088,-1,1088,162,1089,-1,1084,1090,162,-1,162,1090,1091,-1,162,1091,1089,-1,142,80,119,-1,119,80,79,-1,119,79,123,-1,123,79,68,-1,123,68,122,-1,122,68,69,-1,122,69,120,-1,120,69,70,-1,120,70,143,-1,143,70,94,-1,143,94,144,-1,144,94,93,-1,144,93,145,-1,145,93,92,-1,145,92,124,-1,124,92,91,-1,124,91,125,-1,125,91,90,-1,125,90,126,-1,126,90,89,-1,126,89,116,-1,116,89,88,-1,116,88,127,-1,127,88,113,-1,81,80,140,-1,140,80,142,-1,195,112,136,-1,136,112,101,-1,136,101,138,-1,138,101,99,-1,138,99,139,-1,139,99,98,-1,139,98,175,-1,175,98,85,-1,175,85,176,-1,176,85,86,-1,176,86,177,-1,177,86,87,-1,177,87,168,-1,168,87,72,-1,168,72,170,-1,170,72,71,-1,170,71,189,-1,189,71,84,-1,189,84,190,-1,190,84,83,-1,190,83,191,-1,191,83,82,-1,191,82,140,-1,140,82,81,-1,113,112,127,-1,127,112,195,-1,360,361,795,-1,795,361,796,-1,781,333,780,-1,780,333,334,-1,780,334,798,-1,798,334,345,-1,798,345,799,-1,799,345,340,-1,799,340,801,-1,801,340,342,-1,801,342,803,-1,803,342,344,-1,803,344,795,-1,795,344,360,-1,814,366,791,-1,791,366,351,-1,791,351,783,-1,783,351,349,-1,783,349,784,-1,784,349,347,-1,784,347,785,-1,785,347,346,-1,785,346,786,-1,786,346,338,-1,786,338,787,-1,787,338,337,-1,365,366,815,-1,815,366,814,-1,365,815,358,-1,358,815,808,-1,823,375,811,-1,811,375,374,-1,811,374,812,-1,812,374,364,-1,812,364,813,-1,813,364,363,-1,813,363,819,-1,819,363,362,-1,819,362,820,-1,820,362,354,-1,820,354,807,-1,807,354,353,-1,807,353,808,-1,808,353,358,-1,376,375,822,-1,822,375,823,-1,797,359,809,-1,809,359,373,-1,809,373,810,-1,810,373,372,-1,810,372,816,-1,816,372,371,-1,816,371,817,-1,817,371,370,-1,817,370,818,-1,818,370,369,-1,818,369,821,-1,821,369,368,-1,821,368,822,-1,822,368,376,-1,361,359,796,-1,796,359,797,-1,782,1092,1093,-1,1094,1095,782,-1,782,1095,1096,-1,333,781,331,-1,331,781,782,-1,331,782,1097,-1,1097,782,1093,-1,1096,1098,782,-1,782,1098,1099,-1,782,1099,1092,-1,788,1100,1101,-1,787,337,788,-1,788,337,336,-1,1102,1103,1104,-1,1104,1103,788,-1,1104,788,1105,-1,1105,788,1101,-1,336,1106,788,-1,788,1106,1107,-1,788,1107,1100,-1,672,673,406,-1,406,673,407,-1,381,672,379,-1,379,672,406,-1,29,28,694,-1,694,28,424,-1,694,424,685,-1,685,424,405,-1,685,405,676,-1,676,405,404,-1,676,404,675,-1,675,404,409,-1,675,409,674,-1,674,409,408,-1,674,408,673,-1,673,408,407,-1,726,702,467,-1,467,702,447,-1,726,467,468,-1,726,468,724,-1,724,468,461,-1,724,461,729,-1,729,461,463,-1,729,463,721,-1,731,721,477,-1,477,721,463,-1,731,477,481,-1,731,481,737,-1,737,481,480,-1,737,480,736,-1,736,480,479,-1,736,479,735,-1,735,479,478,-1,735,478,738,-1,738,478,476,-1,738,476,739,-1,732,739,475,-1,475,739,476,-1,732,475,474,-1,732,474,733,-1,733,474,473,-1,733,473,734,-1,734,473,472,-1,734,472,740,-1,740,472,471,-1,740,471,741,-1,741,471,470,-1,741,470,719,-1,720,719,469,-1,469,719,470,-1,720,469,464,-1,720,464,730,-1,730,464,462,-1,730,462,725,-1,725,462,466,-1,725,466,727,-1,728,727,465,-1,465,727,466,-1,728,465,700,-1,700,465,454,-1,700,454,701,-1,701,454,453,-1,701,453,703,-1,703,453,452,-1,703,452,704,-1,704,452,451,-1,704,451,690,-1,690,451,450,-1,690,450,691,-1,691,450,435,-1,691,435,31,-1,31,435,30,-1,25,24,710,-1,710,24,460,-1,710,460,711,-1,711,460,458,-1,711,458,717,-1,717,458,456,-1,717,456,718,-1,718,456,455,-1,718,455,698,-1,698,455,449,-1,698,449,713,-1,713,449,448,-1,713,448,702,-1,702,448,447,-1,668,571,413,-1,413,571,414,-1,669,668,415,-1,415,668,413,-1,669,415,670,-1,670,415,416,-1,670,416,671,-1,671,416,417,-1,671,417,666,-1,666,417,419,-1,666,419,667,-1,667,419,429,-1,667,429,677,-1,677,429,412,-1,677,412,27,-1,27,412,26,-1,596,484,497,-1,497,484,486,-1,597,596,498,-1,498,596,497,-1,597,498,598,-1,598,498,499,-1,598,499,599,-1,599,499,500,-1,599,500,592,-1,592,500,501,-1,592,501,593,-1,593,501,507,-1,593,507,605,-1,605,507,519,-1,605,519,18,-1,18,519,16,-1,649,648,551,-1,551,648,531,-1,649,551,541,-1,649,541,645,-1,645,541,540,-1,645,540,652,-1,652,540,556,-1,652,556,653,-1,654,653,562,-1,562,653,556,-1,654,562,566,-1,654,566,657,-1,657,566,565,-1,657,565,658,-1,658,565,564,-1,658,564,655,-1,655,564,563,-1,655,563,656,-1,656,563,561,-1,656,561,659,-1,660,659,560,-1,560,659,561,-1,660,560,558,-1,660,558,662,-1,662,558,557,-1,662,557,663,-1,663,557,555,-1,663,555,664,-1,664,555,554,-1,664,554,665,-1,665,554,559,-1,665,559,661,-1,646,661,542,-1,542,661,559,-1,646,542,550,-1,646,550,647,-1,647,550,553,-1,647,553,651,-1,651,553,552,-1,651,552,650,-1,624,650,528,-1,528,650,552,-1,624,528,625,-1,625,528,527,-1,625,527,626,-1,626,527,526,-1,626,526,639,-1,639,526,525,-1,639,525,640,-1,640,525,547,-1,640,547,642,-1,642,547,546,-1,642,546,644,-1,644,546,548,-1,644,548,22,-1,22,548,20,-1,19,17,618,-1,618,17,523,-1,618,523,633,-1,633,523,522,-1,633,522,634,-1,634,522,535,-1,634,535,635,-1,635,535,534,-1,635,534,636,-1,636,534,533,-1,636,533,637,-1,637,533,532,-1,637,532,648,-1,648,532,531,-1,23,21,615,-1,615,21,510,-1,615,510,610,-1,610,510,492,-1,610,492,594,-1,594,492,491,-1,594,491,595,-1,595,491,496,-1,595,496,600,-1,600,496,495,-1,600,495,590,-1,590,495,494,-1,591,590,493,-1,493,590,494,-1,326,591,324,-1,324,591,493,-1,1108,1109,15,-1,15,1109,1110,-1,15,1110,1111,-1,1111,1112,15,-1,15,1112,1113,-1,15,1113,1114,-1,1114,1115,15,-1,15,1115,335,-1,15,335,14,-1,15,788,1108,-1,1108,788,1103,-1,1116,1108,1117,-1,1117,1108,1118,-1,1103,1119,1108,-1,1108,1119,1120,-1,1108,1120,1118,-1,1116,1121,1108,-1,1108,1121,1122,-1,1108,1122,1123,-1,1123,1124,1108,-1,1108,1124,1125,-1,1108,1125,1126,-1,1104,1110,1102,-1,1102,1110,1109,-1,1127,1102,1128,-1,1128,1102,1129,-1,1109,1130,1102,-1,1102,1130,1131,-1,1102,1131,1129,-1,1127,1132,1102,-1,1102,1132,1133,-1,1102,1133,1134,-1,1134,1135,1102,-1,1102,1135,1136,-1,1102,1136,1137,-1,1110,1104,1105,-1,1110,1105,1111,-1,1111,1105,1101,-1,1111,1101,1112,-1,1112,1101,1100,-1,1112,1100,1113,-1,1113,1100,1107,-1,1113,1107,1114,-1,1114,1107,1106,-1,1114,1106,1115,-1,1115,1106,336,-1,1115,336,335,-1,1121,1132,1127,-1,1121,1127,1122,-1,1122,1127,1128,-1,1122,1128,1123,-1,1123,1128,1129,-1,1123,1129,1124,-1,1124,1129,1131,-1,1124,1131,1125,-1,1125,1131,1130,-1,1125,1130,1126,-1,1126,1130,1109,-1,1126,1109,1108,-1,1132,1121,1116,-1,1132,1116,1133,-1,1133,1116,1117,-1,1133,1117,1134,-1,1134,1117,1118,-1,1134,1118,1135,-1,1135,1118,1120,-1,1135,1120,1136,-1,1136,1120,1119,-1,1136,1119,1137,-1,1137,1119,1103,-1,1137,1103,1102,-1,11,332,10,-1,10,332,1138,-1,1138,1139,10,-1,10,1139,1140,-1,10,1140,1141,-1,1142,1143,1144,-1,1144,1143,10,-1,1144,10,1145,-1,1145,10,1141,-1,
        ]
    }
}
Shape{
    appearance Appearance {
        material  Material 	{
            diffuseColor 1.0 0.7725490196078432 0.5607843137254902
            specularColor 0.5019607843137255 0.38823529411764707 0.2784313725490196
            ambientIntensity 0.8164
            transparency 0.0
            shininess 0.5
        }
    }
    geometry IndexedFaceSet {
        ccw TRUE
        solid FALSE
        coord DEF co Coordinate {
            point [
                1.0549 -0.4674 0.1969, 1.0341 -0.4747 0.1969, 1.1752 -0.5634 0.1969, 1.0768 -0.4649 0.1969, 1.0154 -0.4864 0.1969, 0.9998 -0.502 0.1969, 0.9881 -0.5207 0.1969, 0.9783 -0.7012 0.1969, 1.1752 -0.7012 0.1969, 0.9783 -0.5634 0.1969, 0.9808 -0.5415 0.1969, 1.1464 -0.4938 0.1969, 1.126 -0.4781 0.1969, 1.1022 -0.4683 0.1969, 1.162 -0.5142 0.1969, 1.1718 -0.5379 0.1969
            ]
        }
        coordIndex [
            0,1,2,-1,0,2,3,-1,1,4,2,-1,2,4,5,-1,2,5,6,-1,7,8,9,-1,9,8,2,-1,9,2,10,-1,10,2,6,-1,11,12,13,-1,11,13,14,-1,3,2,13,-1,13,2,15,-1,13,15,14,-1,
        ]
    }
}
Shape{
    appearance Appearance {
        material  Material 	{
            diffuseColor 0.9686274509803922 0.9686274509803922 0.9686274509803922
            specularColor 0.48627450980392156 0.48627450980392156 0.48627450980392156
            ambientIntensity 0.9686
            transparency 0.0
            shininess 0.5
        }
    }
    geometry IndexedFaceSet {
        ccw TRUE
        solid FALSE
        coord DEF co Coordinate {
            point [
                1.1752 -0.8586 0.1575, 0.9783 -0.8586 0.1575, 0.9783 -0.8546 0.1269, 1.1752 -0.8546 0.1269, 0.9783 -0.8428 0.0984, 1.1752 -0.8428 0.0984, 0.9783 -0.824 0.074, 1.1752 -0.824 0.074, 0.9783 -0.7996 0.0552, 1.1752 -0.7996 0.0552, 0.9783 -0.7711 0.0434, 1.1752 -0.7711 0.0434, 0.9783 -0.7405 0.0394, 1.1752 -0.7405 0.0394, 1.1752 -0.5634 0.0394, 0.9783 -0.5634 0.0394, 0.9808 -0.5415 0.0394, 0.9881 -0.5207 0.0394, 0.9998 -0.502 0.0394, 1.0154 -0.4864 0.0394, 1.0341 -0.4747 0.0394, 1.0549 -0.4674 0.0394, 1.0768 -0.4649 0.0394, 1.1022 -0.4683 0.0394, 1.126 -0.4781 0.0394, 1.1464 -0.4938 0.0394, 1.162 -0.5142 0.0394, 1.1718 -0.5379 0.0394, 1.0768 -0.4649 0.1969, 1.1022 -0.4683 0.1969, 1.126 -0.4781 0.1969, 1.1464 -0.4938 0.1969, 1.162 -0.5142 0.1969, 1.1718 -0.5379 0.1969, 1.1752 -0.5634 0.1969, 0.9783 -0.5634 0.1969, 0.9808 -0.5415 0.1969, 0.9881 -0.5207 0.1969, 0.9998 -0.502 0.1969, 1.0154 -0.4864 0.1969, 1.0341 -0.4747 0.1969, 1.0549 -0.4674 0.1969
            ]
        }
        coordIndex [
            0,1,2,-1,0,2,3,-1,3,2,4,-1,3,4,5,-1,5,4,6,-1,5,6,7,-1,7,6,8,-1,7,8,9,-1,9,8,10,-1,9,10,11,-1,11,10,12,-1,11,12,13,-1,14,13,12,-1,12,15,14,-1,14,15,16,-1,14,16,17,-1,17,18,14,-1,14,18,19,-1,14,19,20,-1,20,21,14,-1,14,21,22,-1,14,22,23,-1,23,24,25,-1,25,26,23,-1,23,26,27,-1,23,27,14,-1,22,28,29,-1,22,29,23,-1,23,29,30,-1,23,30,24,-1,24,30,31,-1,24,31,25,-1,25,31,32,-1,25,32,26,-1,26,32,33,-1,26,33,27,-1,27,33,34,-1,27,34,14,-1,15,35,36,-1,15,36,16,-1,16,36,37,-1,16,37,17,-1,17,37,38,-1,17,38,18,-1,18,38,39,-1,18,39,19,-1,19,39,40,-1,19,40,20,-1,20,40,41,-1,20,41,21,-1,21,41,28,-1,21,28,22,-1,
        ]
    }
}
Shape{
    appearance Appearance {
        material  Material 	{
            diffuseColor 1.0 0.7725490196078432 0.5607843137254902
            specularColor 0.5019607843137255 0.38823529411764707 0.2784313725490196
            ambientIntensity 0.8164
            transparency 0.0
            shininess 0.5
        }
    }
    geometry IndexedFaceSet {
        ccw TRUE
        solid FALSE
        coord DEF co Coordinate {
            point [
                0.9915 0.5292 0.1969, 1.0072 0.5088 0.1969, 1.1718 0.5529 0.1969, 1.0276 0.4931 0.1969, 1.162 0.5292 0.1969, 1.1752 0.7162 0.1969, 0.9783 0.7162 0.1969, 1.1752 0.5784 0.1969, 0.9783 0.5784 0.1969, 0.9817 0.5529 0.1969, 1.0768 0.4799 0.1969, 1.1022 0.4833 0.1969, 1.0513 0.4833 0.1969, 1.126 0.4931 0.1969, 1.1464 0.5088 0.1969
            ]
        }
        coordIndex [
            0,1,2,-1,2,1,3,-1,2,3,4,-1,5,6,7,-1,7,6,8,-1,7,8,2,-1,2,8,9,-1,2,9,0,-1,10,11,12,-1,12,11,13,-1,12,13,3,-1,3,13,14,-1,3,14,4,-1,
        ]
    }
}
Shape{
    appearance Appearance {
        material  Material 	{
            diffuseColor 0.9686274509803922 0.9686274509803922 0.9686274509803922
            specularColor 0.48627450980392156 0.48627450980392156 0.48627450980392156
            ambientIntensity 0.9686
            transparency 0.0
            shininess 0.5
        }
    }
    geometry IndexedFaceSet {
        ccw TRUE
        solid FALSE
        coord DEF co Coordinate {
            point [
                0.9783 0.5784 0.0394, 0.9783 0.7555 0.0394, 1.1752 0.7555 0.0394, 1.1752 0.5784 0.0394, 1.1718 0.5529 0.0394, 0.9817 0.5529 0.0394, 0.9915 0.5292 0.0394, 1.126 0.4931 0.0394, 1.1022 0.4833 0.0394, 1.0768 0.4799 0.0394, 1.162 0.5292 0.0394, 1.0276 0.4931 0.0394, 1.0072 0.5088 0.0394, 1.1464 0.5088 0.0394, 1.0513 0.4833 0.0394, 0.9783 0.7861 0.0434, 1.1752 0.7861 0.0434, 0.9783 0.8146 0.0552, 1.1752 0.8146 0.0552, 0.9783 0.839 0.074, 1.1752 0.839 0.074, 0.9783 0.8578 0.0984, 1.1752 0.8578 0.0984, 0.9783 0.8696 0.1269, 1.1752 0.8696 0.1269, 0.9783 0.8736 0.1575, 1.1752 0.8736 0.1575, 1.1752 0.7162 0.1969, 1.1752 0.5784 0.1969, 1.1752 0.8736 0.1969, 1.0768 0.4799 0.1969, 1.1022 0.4833 0.1969, 1.126 0.4931 0.1969, 1.1464 0.5088 0.1969, 1.162 0.5292 0.1969, 1.1718 0.5529 0.1969, 1.0513 0.4833 0.1969, 1.0276 0.4931 0.1969, 1.0072 0.5088 0.1969, 0.9915 0.5292 0.1969, 0.9817 0.5529 0.1969, 0.9783 0.5784 0.1969
            ]
        }
        coordIndex [
            0,1,2,-1,2,3,0,-1,0,3,4,-1,0,4,5,-1,5,4,6,-1,7,8,9,-1,10,11,4,-1,4,11,12,-1,4,12,6,-1,10,13,11,-1,11,13,7,-1,11,7,14,-1,14,7,9,-1,2,1,15,-1,2,15,16,-1,16,15,17,-1,16,17,18,-1,18,17,19,-1,18,19,20,-1,20,19,21,-1,20,21,22,-1,22,21,23,-1,22,23,24,-1,24,23,25,-1,24,25,26,-1,27,28,3,-1,26,29,27,-1,26,27,24,-1,3,2,27,-1,27,2,16,-1,27,16,18,-1,18,20,27,-1,27,20,22,-1,27,22,24,-1,30,9,8,-1,30,8,31,-1,31,8,7,-1,31,7,32,-1,32,7,13,-1,32,13,33,-1,33,13,10,-1,33,10,34,-1,34,10,4,-1,34,4,35,-1,35,4,3,-1,35,3,28,-1,9,30,36,-1,9,36,14,-1,14,36,37,-1,14,37,11,-1,11,37,38,-1,11,38,12,-1,12,38,39,-1,12,39,6,-1,6,39,40,-1,6,40,5,-1,5,40,41,-1,5,41,0,-1,
        ]
    }
}
Shape{
    appearance Appearance {
        material  Material 	{
            diffuseColor 1.0 0.7725490196078432 0.5607843137254902
            specularColor 0.5019607843137255 0.38823529411764707 0.2784313725490196
            ambientIntensity 0.8164
            transparency 0.0
            shininess 0.5
        }
    }
    geometry IndexedFaceSet {
        ccw TRUE
        solid FALSE
        coord DEF co Coordinate {
            point [
                -0.9902 0.7162 0.1969, -1.187 0.7162 0.1969, -0.9902 0.5784 0.1969, -1.187 0.5784 0.1969, -1.1738 0.5292 0.1969, -1.0886 0.4799 0.1969, -1.0631 0.4833 0.1969, -1.1837 0.5529 0.1969, -0.9935 0.5529 0.1969, -1.0033 0.5292 0.1969, -1.1582 0.5088 0.1969, -1.1378 0.4931 0.1969, -1.1141 0.4833 0.1969, -1.0394 0.4931 0.1969, -1.019 0.5088 0.1969
            ]
        }
        coordIndex [
            0,1,2,-1,2,1,3,-1,4,5,6,-1,3,7,2,-1,2,7,4,-1,2,4,8,-1,8,4,9,-1,10,11,4,-1,4,11,12,-1,4,12,5,-1,6,13,4,-1,4,13,14,-1,4,14,9,-1,
        ]
    }
}
Shape{
    appearance Appearance {
        material  Material 	{
            diffuseColor 0.9686274509803922 0.9686274509803922 0.9686274509803922
            specularColor 0.48627450980392156 0.48627450980392156 0.48627450980392156
            ambientIntensity 0.9686
            transparency 0.0
            shininess 0.5
        }
    }
    geometry IndexedFaceSet {
        ccw TRUE
        solid FALSE
        coord DEF co Coordinate {
            point [
                -1.187 0.8736 0.1575, -0.9902 0.8736 0.1575, -0.9902 0.8696 0.1269, -1.187 0.8696 0.1269, -0.9902 0.8578 0.0984, -1.187 0.8578 0.0984, -0.9902 0.839 0.074, -1.187 0.839 0.074, -0.9902 0.8146 0.0552, -1.187 0.8146 0.0552, -0.9902 0.7861 0.0434, -1.187 0.7861 0.0434, -0.9902 0.7555 0.0394, -1.187 0.7555 0.0394, -1.187 0.5784 0.0394, -0.9902 0.5784 0.0394, -1.1837 0.5529 0.0394, -1.0033 0.5292 0.0394, -1.019 0.5088 0.0394, -1.1738 0.5292 0.0394, -0.9935 0.5529 0.0394, -1.0394 0.4931 0.0394, -1.0631 0.4833 0.0394, -1.0886 0.4799 0.0394, -1.1141 0.4833 0.0394, -1.1378 0.4931 0.0394, -1.1582 0.5088 0.0394, -1.187 0.5784 0.1969, -1.187 0.7162 0.1969, -1.187 0.8736 0.1969, -1.0886 0.4799 0.1969, -1.1141 0.4833 0.1969, -1.1378 0.4931 0.1969, -1.1582 0.5088 0.1969, -1.1738 0.5292 0.1969, -1.1837 0.5529 0.1969, -1.0631 0.4833 0.1969, -1.0394 0.4931 0.1969, -1.019 0.5088 0.1969, -1.0033 0.5292 0.1969, -0.9935 0.5529 0.1969, -0.9902 0.5784 0.1969
            ]
        }
        coordIndex [
            0,1,2,-1,0,2,3,-1,3,2,4,-1,3,4,5,-1,5,4,6,-1,5,6,7,-1,7,6,8,-1,7,8,9,-1,9,8,10,-1,9,10,11,-1,11,10,12,-1,11,12,13,-1,13,12,14,-1,14,12,15,-1,14,15,16,-1,17,18,19,-1,16,15,19,-1,19,15,20,-1,19,20,17,-1,18,21,19,-1,19,21,22,-1,19,22,23,-1,23,24,19,-1,19,24,25,-1,19,25,26,-1,14,27,13,-1,13,27,28,-1,13,28,11,-1,29,0,28,-1,28,0,3,-1,28,3,5,-1,5,7,28,-1,28,7,9,-1,28,9,11,-1,23,30,31,-1,23,31,24,-1,24,31,32,-1,24,32,25,-1,25,32,33,-1,25,33,26,-1,26,33,34,-1,26,34,19,-1,19,34,35,-1,19,35,16,-1,16,35,27,-1,16,27,14,-1,30,23,22,-1,30,22,36,-1,36,22,21,-1,36,21,37,-1,37,21,18,-1,37,18,38,-1,38,18,17,-1,38,17,39,-1,39,17,20,-1,39,20,40,-1,40,20,15,-1,40,15,41,-1,
        ]
    }
}
Shape{
    appearance Appearance {
        material  Material 	{
            diffuseColor 1.0 0.7725490196078432 0.5607843137254902
            specularColor 0.5019607843137255 0.38823529411764707 0.2784313725490196
            ambientIntensity 0.8164
            transparency 0.0
            shininess 0.5
        }
    }
    geometry IndexedFaceSet {
        ccw TRUE
        solid FALSE
        coord DEF co Coordinate {
            point [
                -0.359 0.439 0.1969, -0.4358 0.2422 0.1969, -0.5653 0.241 0.1969, -0.251 -0.4453 0.1969, -0.5653 -0.4453 0.1969, 0.1629 0.241 0.1969, 0.252 0.241 0.1969, 0.252 -0.4453 0.1969, -0.9902 0.7162 0.1969, -0.9902 0.8736 0.1969, -0.5653 0.8736 0.1969, 0.9783 0.7162 0.1969, 1.5492 0.7162 0.1969, 1.5492 0.4402 0.1969, 0.9783 -0.8586 0.1969, 0.5221 -0.8586 0.1969, 0.9783 -0.7012 0.1969, 0.5221 -0.4453 0.1969, 1.5492 -0.7012 0.1969, 1.5492 -0.4453 0.1969, 0.9783 0.8736 0.1969, 0.5221 0.4402 0.1969, -1.561 0.4402 0.1969, -1.561 0.7162 0.1969, -1.2264 0.4402 0.1969, -1.2264 0.7162 0.1969, -0.5653 0.4402 0.1969, -1.561 -0.7012 0.1969, -1.561 -0.4453 0.1969, -1.2264 -0.7012 0.1969, -1.2264 -0.4453 0.1969, -0.9902 -0.7012 0.1969, -0.9902 -0.8586 0.1969, -0.1043 0.0469 0.1969, -0.251 0.241 0.1969, -0.0661 0.0469 0.1969, -0.0661 0.241 0.1969, 0.0756 0.0469 0.1969, 0.0756 0.241 0.1969, 0.0925 0.0469 0.1969, 0.0948 0.241 0.1969, 0.0925 -0.0319 0.1969, 0.0948 -0.4453 0.1969, 0.0756 -0.0319 0.1969, 0.0756 -0.4453 0.1969, -0.0661 -0.0319 0.1969, -0.0661 -0.4453 0.1969, -0.1043 -0.0319 0.1969, 0.0971 0.274 0.1969, 0.0971 0.2524 0.1969, 0.1261 0.4402 0.1969, 0.1199 0.4398 0.1969, 0.0948 0.4402 0.1969, 0.0971 0.4336 0.1969, 0.0971 0.4072 0.1969, 0.1193 0.4167 0.1969, 0.1007 0.272 0.1969, 0.1432 0.4198 0.1969, 0.1626 0.4176 0.1969, 0.1773 0.4123 0.1969, 0.191 0.4032 0.1969, 0.2029 0.3901 0.1969, 0.2172 0.3385 0.1969, 0.2152 0.3172 0.1969, 0.2098 0.3003 0.1969, 0.166 0.2634 0.1969, 0.1476 0.2614 0.1969, 0.1804 0.2687 0.1969, 0.1924 0.2769 0.1969, 0.2017 0.2866 0.1969, 0.1215 0.2643 0.1969, 0.211 0.3749 0.1969, 0.2162 0.3538 0.1969, 0.1434 0.4414 0.1969, 0.0948 0.8736 0.1969, 0.1582 0.4402 0.1969, 0.252 0.8736 0.1969, 0.2332 0.3872 0.1969, 0.2216 0.4056 0.1969, 0.252 0.4402 0.1969, 0.2105 0.259 0.1969, 0.2252 0.2745 0.1969, 0.2357 0.2933 0.1969, 0.1755 0.2423 0.1969, 0.1946 0.2489 0.1969, 0.2039 0.4227 0.1969, 0.1852 0.4334 0.1969, 0.1632 0.4398 0.1969, 0.2417 0.3141 0.1969, 0.2436 0.3369 0.1969, 0.2407 0.3649 0.1969, 0.1181 0.2438 0.1969, 0.138 0.241 0.1969, 0.1459 0.2399 0.1969, 0.1513 0.2398 0.1969, 0.252 -0.8586 0.1969, 0.0948 -0.8586 0.1969, 0.0756 -0.8586 0.1969, -0.0661 -0.8586 0.1969, -0.251 -0.8586 0.1969, -0.5653 -0.8586 0.1969, 0.5221 0.241 0.1969, 0.6831 0.0469 0.1969, 0.6831 -0.0319 0.1969, 0.8799 -0.0319 0.1969, 1.5492 0.241 0.1969, 0.8799 0.0469 0.1969, -0.8917 0.0469 0.1969, -0.8917 -0.0319 0.1969, -0.6949 -0.0319 0.1969, -0.6949 0.0469 0.1969, -1.2264 0.241 0.1969, -1.561 0.241 0.1969, 0.2604 0.2638 0.1969, 0.2604 0.2422 0.1969, 0.3612 0.2422 0.1969, 0.3348 0.2638 0.1969, 0.3348 0.439 0.1969, 0.3612 0.439 0.1969, 0.0756 0.4402 0.1969, -0.0421 0.439 0.1969, -0.0661 0.4402 0.1969, -0.0421 0.4174 0.1969, -0.0469 0.2638 0.1969, -0.0469 0.2422 0.1969, 0.0587 0.2422 0.1969, 0.0587 0.439 0.1969, 0.0323 0.331 0.1969, 0.0323 0.2638 0.1969, -0.0373 0.331 0.1969, -0.0373 0.3526 0.1969, 0.0323 0.3526 0.1969, 0.0323 0.4174 0.1969, -0.1409 0.439 0.1969, -0.251 0.4402 0.1969, -0.1693 0.436 0.1969, -0.1923 0.4279 0.1969, -0.2138 0.4135 0.1969, -0.2339 0.2961 0.1969, -0.2226 0.2785 0.1969, -0.2064 0.263 0.1969, -0.1859 0.2511 0.1969, -0.214 0.4134 0.1969, -0.2279 0.3979 0.1969, -0.237 0.381 0.1969, -0.2423 0.3616 0.1969, -0.2438 0.3431 0.1969, -0.241 0.3167 0.1969, -0.1632 0.2443 0.1969, -0.1388 0.2422 0.1969, -0.0853 0.2422 0.1969, -0.0853 0.439 0.1969, -0.3871 0.2974 0.1969, -0.3058 0.2974 0.1969, -0.407 0.2422 0.1969, -0.287 0.2422 0.1969, -0.2582 0.2422 0.1969, -0.3326 0.439 0.1969, 0.5221 0.8736 0.1969, -0.251 0.8736 0.1969, -0.0661 0.8736 0.1969, 0.0756 0.8736 0.1969
            ]
        }
        coordIndex [
            0,1,2,-1,3,4,2,-1,5,6,7,-1,8,9,10,-1,11,12,13,-1,14,15,16,-1,16,15,17,-1,16,17,18,-1,18,17,19,-1,20,11,21,-1,22,23,24,-1,24,23,25,-1,24,25,26,-1,27,28,29,-1,29,28,30,-1,29,30,31,-1,31,30,4,-1,31,4,32,-1,33,34,35,-1,35,34,36,-1,35,36,37,-1,37,36,38,-1,37,38,39,-1,39,38,40,-1,39,40,41,-1,41,40,42,-1,41,42,43,-1,43,42,44,-1,43,44,45,-1,45,44,46,-1,45,46,47,-1,47,46,3,-1,48,49,40,-1,50,51,52,-1,52,51,53,-1,52,53,54,-1,48,55,56,-1,56,55,57,-1,56,57,58,-1,58,59,56,-1,56,59,60,-1,56,60,61,-1,62,63,56,-1,56,63,64,-1,65,66,67,-1,67,66,68,-1,64,69,56,-1,56,69,68,-1,56,68,70,-1,70,68,66,-1,61,71,56,-1,56,71,72,-1,56,72,62,-1,73,74,75,-1,75,74,76,-1,77,78,79,-1,80,81,6,-1,6,81,82,-1,5,83,6,-1,6,83,84,-1,6,84,80,-1,78,85,79,-1,79,85,86,-1,79,86,87,-1,82,88,6,-1,6,88,89,-1,6,89,79,-1,79,89,90,-1,79,90,77,-1,49,91,40,-1,40,91,92,-1,40,92,42,-1,42,92,93,-1,42,93,7,-1,7,93,94,-1,7,94,5,-1,7,95,42,-1,42,95,96,-1,42,96,44,-1,44,96,97,-1,44,97,46,-1,46,97,98,-1,46,98,3,-1,3,98,99,-1,3,99,4,-1,4,99,100,-1,4,100,32,-1,101,102,17,-1,17,102,103,-1,17,103,19,-1,19,103,104,-1,19,104,105,-1,105,104,106,-1,107,108,30,-1,30,108,4,-1,4,108,109,-1,4,109,2,-1,2,109,110,-1,2,110,111,-1,28,112,30,-1,30,112,111,-1,30,111,107,-1,107,111,110,-1,11,13,21,-1,21,13,105,-1,21,105,101,-1,101,105,106,-1,101,106,102,-1,79,113,6,-1,6,113,114,-1,6,114,115,-1,116,113,117,-1,117,113,79,-1,117,79,118,-1,118,79,21,-1,118,21,115,-1,115,21,101,-1,115,101,6,-1,6,101,17,-1,6,17,7,-1,7,17,15,-1,7,15,95,-1,38,119,40,-1,40,119,52,-1,40,52,48,-1,48,52,54,-1,48,54,55,-1,120,121,119,-1,120,122,121,-1,121,122,123,-1,121,123,36,-1,36,123,124,-1,36,124,38,-1,38,124,125,-1,38,125,119,-1,119,125,126,-1,119,126,120,-1,127,128,129,-1,129,128,123,-1,129,123,130,-1,130,123,122,-1,130,122,131,-1,131,122,132,-1,133,134,121,-1,133,135,134,-1,134,135,136,-1,134,136,137,-1,138,139,34,-1,34,139,140,-1,34,140,141,-1,137,142,134,-1,134,142,143,-1,134,143,144,-1,144,145,134,-1,134,145,146,-1,134,146,34,-1,34,146,147,-1,34,147,138,-1,141,148,34,-1,34,148,149,-1,34,149,36,-1,36,149,150,-1,36,150,121,-1,121,150,151,-1,121,151,133,-1,152,153,154,-1,154,153,155,-1,154,155,34,-1,34,155,156,-1,34,156,134,-1,1,154,2,-1,2,154,34,-1,2,34,3,-1,3,34,33,-1,3,33,47,-1,112,22,111,-1,111,22,24,-1,111,24,2,-1,2,24,26,-1,2,26,0,-1,0,26,134,-1,0,134,157,-1,157,134,156,-1,87,75,79,-1,79,75,76,-1,79,76,21,-1,21,76,158,-1,21,158,20,-1,25,8,26,-1,26,8,10,-1,26,10,134,-1,134,10,159,-1,134,159,121,-1,121,159,160,-1,121,160,119,-1,119,160,161,-1,119,161,52,-1,52,161,74,-1,52,74,50,-1,50,74,73,-1,
        ]
    }
}
Shape{
    appearance Appearance {
        material  Material 	{
            diffuseColor 0.9686274509803922 0.9686274509803922 0.9686274509803922
            specularColor 0.48627450980392156 0.48627450980392156 0.48627450980392156
            ambientIntensity 0.9686
            transparency 0.0
            shininess 0.5
        }
    }
    geometry IndexedFaceSet {
        ccw TRUE
        solid FALSE
        coord DEF co Coordinate {
            point [
                0.7815 -0.0319 -1.1811, 0.7815 0.0469 -1.1811, 0.807 0.0469 -1.1777, 0.807 -0.0319 -1.1777, 0.8307 0.0469 -1.1679, 0.8307 -0.0319 -1.1679, 0.8511 0.0469 -1.1523, 0.8511 -0.0319 -1.1523, 0.8667 0.0469 -1.1319, 0.8667 -0.0319 -1.1319, 0.8766 0.0469 -1.1081, 0.8766 -0.0319 -1.1081, 0.8799 0.0469 -1.0827, 0.8799 -0.0319 -1.0827, 0.756 -0.0319 -1.1777, 0.756 0.0469 -1.1777, 0.7323 -0.0319 -1.1679, 0.7323 0.0469 -1.1679, 0.7119 -0.0319 -1.1523, 0.7119 0.0469 -1.1523, 0.6963 -0.0319 -1.1319, 0.6963 0.0469 -1.1319, 0.6864 -0.0319 -1.1081, 0.6864 0.0469 -1.1081, 0.6831 -0.0319 -1.0827, 0.6831 0.0469 -1.0827, 0.6831 0.0469 0.1969, 0.8799 0.0469 0.1969, 0.6831 -0.0319 0.1969, 0.8799 -0.0319 0.1969, -0.9902 -0.7012 0.3937, -0.9902 -0.7012 0.1969, -0.9902 -0.8586 0.3937, -0.9902 -0.8586 0.1969
            ]
        }
        coordIndex [
            0,1,2,-1,0,2,3,-1,3,2,4,-1,3,4,5,-1,5,4,6,-1,5,6,7,-1,7,6,8,-1,7,8,9,-1,9,8,10,-1,9,10,11,-1,11,10,12,-1,11,12,13,-1,1,0,14,-1,1,14,15,-1,15,14,16,-1,15,16,17,-1,17,16,18,-1,17,18,19,-1,19,18,20,-1,19,20,21,-1,21,20,22,-1,21,22,23,-1,23,22,24,-1,23,24,25,-1,26,27,25,-1,25,27,12,-1,25,12,10,-1,10,8,25,-1,25,8,6,-1,25,6,4,-1,4,2,25,-1,25,2,1,-1,25,1,15,-1,15,17,19,-1,19,21,15,-1,15,21,23,-1,15,23,25,-1,24,28,25,-1,25,28,26,-1,29,28,13,-1,13,28,24,-1,13,24,11,-1,11,24,9,-1,9,24,7,-1,7,24,22,-1,7,22,20,-1,20,18,7,-1,7,18,16,-1,7,16,14,-1,14,0,7,-1,7,0,3,-1,7,3,5,-1,12,27,13,-1,13,27,29,-1,30,31,32,-1,32,31,33,-1,
        ]
    }
}
Shape{
    appearance Appearance {
        material  Material 	{
            diffuseColor 1.0 0.7725490196078432 0.5607843137254902
            specularColor 0.5019607843137255 0.38823529411764707 0.2784313725490196
            ambientIntensity 0.8164
            transparency 0.0
            shininess 0.5
        }
    }
    geometry IndexedFaceSet {
        ccw TRUE
        solid FALSE
        coord DEF co Coordinate {
            point [
                -0.5653 -0.8586 0.1969, -0.8721 -0.8586 0.5118, -0.9026 -0.8586 0.5078, -0.9311 -0.8586 0.496, -0.9556 -0.8586 0.4772, -0.9743 -0.8586 0.4528, -0.9861 -0.8586 0.4243, -0.9902 -0.8586 0.3937, -0.9902 -0.8586 0.1969, -0.251 -0.8586 0.1969, -0.0661 -0.8586 0.1969, 0.8602 -0.8586 0.5118, 0.0756 -0.8586 0.1969, 0.0948 -0.8586 0.1969, 0.252 -0.8586 0.1969, 0.5221 -0.8586 0.1969, 0.8908 -0.8586 0.5078, 0.9783 -0.8586 0.1969, 0.9783 -0.8586 0.3937, 0.9743 -0.8586 0.4243, 0.9625 -0.8586 0.4528, 0.9437 -0.8586 0.4772, 0.9193 -0.8586 0.496, 0.9783 -0.7012 0.3937, 0.9783 -0.7012 0.1969
            ]
        }
        coordIndex [
            0,1,2,-1,2,3,0,-1,0,3,4,-1,0,4,5,-1,5,6,0,-1,0,6,7,-1,0,7,8,-1,0,9,1,-1,1,9,10,-1,1,10,11,-1,11,10,12,-1,11,12,13,-1,13,14,11,-1,11,14,15,-1,11,15,16,-1,17,18,15,-1,15,18,19,-1,15,19,20,-1,20,21,15,-1,15,21,22,-1,15,22,16,-1,18,17,23,-1,23,17,24,-1,
        ]
    }
}
Shape{
    appearance Appearance {
        material  Material 	{
            diffuseColor 0.9686274509803922 0.9686274509803922 0.9686274509803922
            specularColor 0.48627450980392156 0.48627450980392156 0.48627450980392156
            ambientIntensity 0.9686
            transparency 0.0
            shininess 0.5
        }
    }
    geometry IndexedFaceSet {
        ccw TRUE
        solid FALSE
        coord DEF co Coordinate {
            point [
                1.5492 -0.7012 0.5118, 0.8602 -0.7012 0.5118, 0.8908 -0.7012 0.5078, 0.9193 -0.7012 0.496, 0.9437 -0.7012 0.4772, 0.9625 -0.7012 0.4528, 0.9783 -0.7012 0.1969, 1.5492 -0.7012 0.1969, 0.9783 -0.7012 0.3937, 0.9743 -0.7012 0.4243, 1.5492 0.4402 0.1969, 1.5492 0.7162 0.1969, 1.5492 0.7162 0.5118, 1.5492 -0.4453 0.1969, 1.5492 0.241 0.1969
            ]
        }
        coordIndex [
            0,1,2,-1,2,3,0,-1,0,3,4,-1,0,4,5,-1,6,7,8,-1,8,7,0,-1,8,0,9,-1,9,0,5,-1,10,11,12,-1,0,7,13,-1,0,13,12,-1,12,13,14,-1,12,14,10,-1,
        ]
    }
}
Shape{
    appearance Appearance {
        material  Material 	{
            diffuseColor 1.0 0.7725490196078432 0.5607843137254902
            specularColor 0.5019607843137255 0.38823529411764707 0.2784313725490196
            ambientIntensity 0.8164
            transparency 0.0
            shininess 0.5
        }
    }
    geometry IndexedFaceSet {
        ccw TRUE
        solid FALSE
        coord DEF co Coordinate {
            point [
                0.9625 0.7162 0.4528, 0.9437 0.7162 0.4772, 1.5492 0.7162 0.5118, 0.9743 0.7162 0.4243, 0.9193 0.7162 0.496, 0.8908 0.7162 0.5078, 0.8602 0.7162 0.5118, 1.5492 0.7162 0.1969, 0.9783 0.7162 0.1969, 0.9783 0.7162 0.3937
            ]
        }
        coordIndex [
            0,1,2,-1,0,2,3,-1,1,4,2,-1,2,4,5,-1,2,5,6,-1,7,8,2,-1,2,8,9,-1,2,9,3,-1,
        ]
    }
}
Shape{
    appearance Appearance {
        material  Material 	{
            diffuseColor 0.9686274509803922 0.9686274509803922 0.9686274509803922
            specularColor 0.48627450980392156 0.48627450980392156 0.48627450980392156
            ambientIntensity 0.9686
            transparency 0.0
            shininess 0.5
        }
    }
    geometry IndexedFaceSet {
        ccw TRUE
        solid FALSE
        coord DEF co Coordinate {
            point [
                0.9783 0.7162 0.3937, 0.9783 0.7162 0.1969, 0.9783 0.8736 0.3937, 0.9783 0.8736 0.1969, 0.5221 0.8736 0.1969, 0.9743 0.8736 0.4243, 0.252 0.8736 0.1969, 0.8602 0.8736 0.5118, 0.8908 0.8736 0.5078, 0.9193 0.8736 0.496, 0.9437 0.8736 0.4772, 0.9625 0.8736 0.4528, 0.0948 0.8736 0.1969, 0.0756 0.8736 0.1969, -0.8721 0.8736 0.5118, -0.0661 0.8736 0.1969, -0.9902 0.8736 0.1969, -0.9902 0.8736 0.3937, -0.5653 0.8736 0.1969, -0.9861 0.8736 0.4243, -0.9743 0.8736 0.4528, -0.9556 0.8736 0.4772, -0.9311 0.8736 0.496, -0.251 0.8736 0.1969, -0.9026 0.8736 0.5078, -0.9902 0.7162 0.3937, -0.9902 0.7162 0.1969, -0.8721 0.7162 0.5118, -0.9026 0.7162 0.5078, -1.561 0.7162 0.5118, -0.9311 0.7162 0.496, -0.9556 0.7162 0.4772, -0.9743 0.7162 0.4528, -0.9861 0.7162 0.4243, -1.2264 0.7162 0.1969, -1.561 0.7162 0.1969, -1.561 0.4402 0.1969, -1.561 0.241 0.1969, -1.561 -0.7012 0.5118, -1.561 -0.4453 0.1969, -1.561 -0.7012 0.1969, -0.9026 -0.7012 0.5078, -0.8721 -0.7012 0.5118, -0.9311 -0.7012 0.496, -0.9861 -0.7012 0.4243, -0.9743 -0.7012 0.4528, -0.9556 -0.7012 0.4772, -1.2264 -0.7012 0.1969, -0.9902 -0.7012 0.3937, -0.9902 -0.7012 0.1969, -0.8721 -0.8586 0.5118, 0.8602 -0.8586 0.5118, 0.8602 0.7162 0.5118, 0.8602 -0.7012 0.5118, 1.5492 -0.7012 0.5118, 1.5492 0.7162 0.5118, 0.8908 0.7162 0.5078, 0.9193 0.7162 0.496, 0.9437 0.7162 0.4772, 0.9625 0.7162 0.4528, 0.9743 0.7162 0.4243, 0.8908 -0.8586 0.5078, 0.8908 -0.7012 0.5078, 0.9193 -0.8586 0.496, 0.9193 -0.7012 0.496, 0.9437 -0.8586 0.4772, 0.9437 -0.7012 0.4772, 0.9625 -0.8586 0.4528, 0.9625 -0.7012 0.4528, 0.9743 -0.8586 0.4243, 0.9743 -0.7012 0.4243, 0.9783 -0.8586 0.3937, 0.9783 -0.7012 0.3937, -0.9026 -0.8586 0.5078, -0.9311 -0.8586 0.496, -0.9556 -0.8586 0.4772, -0.9743 -0.8586 0.4528, -0.9861 -0.8586 0.4243, -0.9902 -0.8586 0.3937, -0.6949 0.0469 -1.0827, -0.6949 0.0469 0.1969, -0.6949 -0.0319 -1.0827, -0.6949 -0.0319 0.1969, -0.8917 -0.0319 0.1969, -0.8917 -0.0319 -1.0827, -0.6982 -0.0319 -1.1081, -0.8884 -0.0319 -1.1081, -0.8786 -0.0319 -1.1319, -0.7678 -0.0319 -1.1777, -0.7933 -0.0319 -1.1811, -0.8188 -0.0319 -1.1777, -0.8629 -0.0319 -1.1523, -0.8425 -0.0319 -1.1679, -0.7441 -0.0319 -1.1679, -0.7237 -0.0319 -1.1523, -0.7081 -0.0319 -1.1319, -0.8917 0.0469 -1.0827, -0.8917 0.0469 0.1969, -0.8884 0.0469 -1.1081, -0.6982 0.0469 -1.1081, -0.7678 0.0469 -1.1777, -0.7933 0.0469 -1.1811, -0.8188 0.0469 -1.1777, -0.8425 0.0469 -1.1679, -0.7081 0.0469 -1.1319, -0.7237 0.0469 -1.1523, -0.7441 0.0469 -1.1679, -0.8629 0.0469 -1.1523, -0.8786 0.0469 -1.1319, 0.0925 0.0469 -1.0827, 0.0925 0.0469 0.1969, 0.0925 -0.0319 -1.0827, 0.0925 -0.0319 0.1969, 0.0756 -0.0319 0.1969, -0.0911 -0.0319 -1.1319, -0.0755 -0.0319 -1.1523, -0.101 -0.0319 -1.1081, -0.1043 -0.0319 -1.0827, -0.0551 -0.0319 -1.1679, -0.0661 -0.0319 0.1969, -0.1043 -0.0319 0.1969, -0.0314 -0.0319 -1.1777, -0.0059 -0.0319 -1.1811, 0.0196 -0.0319 -1.1777, 0.0892 -0.0319 -1.1081, 0.0793 -0.0319 -1.1319, 0.0637 -0.0319 -1.1523, 0.0433 -0.0319 -1.1679, -0.1043 0.0469 -1.0827, -0.1043 0.0469 0.1969, 0.0892 0.0469 -1.1081, 0.0793 0.0469 -1.1319, -0.0551 0.0469 -1.1679, -0.0755 0.0469 -1.1523, -0.0661 0.0469 0.1969, -0.101 0.0469 -1.1081, -0.0911 0.0469 -1.1319, 0.0433 0.0469 -1.1679, 0.0196 0.0469 -1.1777, 0.0756 0.0469 0.1969, 0.0637 0.0469 -1.1523, -0.0059 0.0469 -1.1811, -0.0314 0.0469 -1.1777
            ]
        }
        coordIndex [
            0,1,2,-1,2,1,3,-1,2,3,4,-1,2,4,5,-1,6,7,4,-1,4,7,8,-1,4,8,9,-1,9,10,4,-1,4,10,11,-1,4,11,5,-1,6,12,7,-1,7,12,13,-1,7,13,14,-1,14,13,15,-1,16,17,18,-1,18,17,19,-1,19,20,18,-1,18,20,21,-1,18,21,22,-1,15,23,14,-1,14,23,18,-1,14,18,24,-1,24,18,22,-1,17,16,25,-1,25,16,26,-1,27,28,29,-1,29,28,30,-1,29,30,31,-1,31,32,29,-1,29,32,33,-1,29,33,25,-1,25,26,29,-1,29,26,34,-1,29,34,35,-1,35,36,29,-1,29,36,37,-1,29,37,38,-1,38,37,39,-1,38,39,40,-1,41,42,38,-1,41,38,43,-1,44,45,38,-1,38,45,46,-1,38,46,43,-1,38,40,47,-1,44,38,48,-1,48,38,47,-1,48,47,49,-1,42,50,51,-1,7,14,52,-1,52,14,27,-1,29,38,27,-1,27,38,42,-1,42,51,27,-1,27,51,53,-1,27,53,52,-1,52,53,54,-1,52,54,55,-1,27,14,24,-1,27,24,28,-1,28,24,22,-1,28,22,30,-1,30,22,21,-1,30,21,31,-1,31,21,20,-1,31,20,32,-1,32,20,19,-1,32,19,33,-1,33,19,17,-1,33,17,25,-1,7,52,56,-1,7,56,8,-1,8,56,57,-1,8,57,9,-1,9,57,58,-1,9,58,10,-1,10,58,59,-1,10,59,11,-1,11,59,60,-1,11,60,5,-1,5,60,0,-1,5,0,2,-1,53,51,61,-1,53,61,62,-1,62,61,63,-1,62,63,64,-1,64,63,65,-1,64,65,66,-1,66,65,67,-1,66,67,68,-1,68,67,69,-1,68,69,70,-1,70,69,71,-1,70,71,72,-1,50,42,41,-1,50,41,73,-1,73,41,43,-1,73,43,74,-1,74,43,46,-1,74,46,75,-1,75,46,45,-1,75,45,76,-1,76,45,44,-1,76,44,77,-1,77,44,48,-1,77,48,78,-1,79,80,81,-1,81,80,82,-1,82,83,81,-1,81,83,84,-1,81,84,85,-1,85,84,86,-1,85,86,87,-1,88,85,89,-1,89,85,90,-1,87,91,85,-1,85,91,92,-1,85,92,90,-1,88,93,85,-1,85,93,94,-1,85,94,95,-1,84,83,96,-1,96,83,97,-1,98,96,99,-1,97,80,96,-1,96,80,79,-1,96,79,99,-1,100,101,99,-1,99,101,102,-1,99,102,103,-1,104,105,99,-1,99,105,106,-1,99,106,100,-1,103,107,99,-1,99,107,108,-1,99,108,98,-1,101,89,90,-1,101,90,102,-1,102,90,92,-1,102,92,103,-1,103,92,91,-1,103,91,107,-1,107,91,87,-1,107,87,108,-1,108,87,86,-1,108,86,98,-1,98,86,84,-1,98,84,96,-1,89,101,100,-1,89,100,88,-1,88,100,106,-1,88,106,93,-1,93,106,105,-1,93,105,94,-1,94,105,104,-1,94,104,95,-1,95,104,99,-1,95,99,85,-1,85,99,79,-1,85,79,81,-1,109,110,111,-1,111,110,112,-1,111,112,113,-1,114,115,116,-1,116,115,117,-1,118,119,115,-1,115,119,120,-1,115,120,117,-1,118,121,119,-1,119,121,122,-1,119,122,123,-1,124,111,125,-1,125,111,113,-1,125,113,126,-1,126,113,119,-1,126,119,127,-1,127,119,123,-1,117,120,128,-1,128,120,129,-1,109,130,131,-1,132,133,134,-1,129,134,128,-1,128,134,133,-1,128,133,135,-1,135,133,136,-1,137,138,134,-1,110,109,139,-1,139,109,131,-1,139,131,134,-1,134,131,140,-1,134,140,137,-1,138,141,134,-1,134,141,142,-1,134,142,132,-1,141,122,121,-1,141,121,142,-1,142,121,118,-1,142,118,132,-1,132,118,115,-1,132,115,133,-1,133,115,114,-1,133,114,136,-1,136,114,116,-1,136,116,135,-1,135,116,117,-1,135,117,128,-1,122,141,138,-1,122,138,123,-1,123,138,137,-1,123,137,127,-1,127,137,140,-1,127,140,126,-1,126,140,131,-1,126,131,125,-1,125,131,130,-1,125,130,124,-1,124,130,109,-1,124,109,111,-1,
        ]
    }
}
Shape{
    appearance Appearance {
        material  Material 	{
            diffuseColor 0.2235294117647059 0.2235294117647059 0.2235294117647059
            specularColor 0.11372549019607843 0.11372549019607843 0.11372549019607843
            ambientIntensity 0.2235
            transparency 0.0
            shininess 0.5
        }
    }
    geometry IndexedFaceSet {
        ccw TRUE
        solid FALSE
        coord DEF co Coordinate {
            point [
                -0.359 0.439 0.2008, -0.4358 0.2422 0.2008, -0.359 0.439 0.1969, -0.4358 0.2422 0.1969, -0.407 0.2422 0.2008, -0.407 0.2422 0.1969, -0.3871 0.2974 0.2008, -0.3871 0.2974 0.1969, -0.3058 0.2974 0.2008, -0.3058 0.2974 0.1969, -0.287 0.2422 0.2008, -0.287 0.2422 0.1969, -0.2582 0.2422 0.2008, -0.2582 0.2422 0.1969, -0.3326 0.439 0.2008, -0.3326 0.439 0.1969, -0.3124 0.319 0.2008, -0.3782 0.319 0.2008, -0.3418 0.4012 0.2008, -0.3437 0.408 0.2008, -0.3449 0.415 0.2008, -0.3456 0.415 0.2008, -0.3468 0.4081 0.2008, -0.3486 0.4012 0.2008, -0.3124 0.319 0.1969, -0.3782 0.319 0.1969, -0.3418 0.4012 0.1969, -0.3437 0.408 0.1969, -0.3449 0.415 0.1969, -0.3456 0.415 0.1969, -0.3468 0.4081 0.1969, -0.3486 0.4012 0.1969, -0.1388 0.2422 0.2008, -0.0853 0.2422 0.2008, -0.1388 0.2422 0.1969, -0.0853 0.2422 0.1969, -0.0853 0.439 0.2008, -0.0853 0.439 0.1969, -0.1409 0.439 0.2008, -0.1409 0.439 0.1969, -0.2438 0.3431 0.2008, -0.2438 0.3431 0.1969, -0.2423 0.3616 0.1969, -0.2423 0.3616 0.2008, -0.237 0.381 0.1969, -0.237 0.381 0.2008, -0.2279 0.3979 0.1969, -0.2279 0.3979 0.2008, -0.214 0.4134 0.1969, -0.214 0.4134 0.2008, -0.2138 0.4135 0.1969, -0.2138 0.4135 0.2008, -0.1923 0.4279 0.1969, -0.1923 0.4279 0.2008, -0.1693 0.436 0.1969, -0.1693 0.436 0.2008, -0.1632 0.2443 0.1969, -0.1632 0.2443 0.2008, -0.1859 0.2511 0.1969, -0.1859 0.2511 0.2008, -0.2064 0.263 0.1969, -0.2064 0.263 0.2008, -0.2226 0.2785 0.1969, -0.2226 0.2785 0.2008, -0.2339 0.2961 0.1969, -0.2339 0.2961 0.2008, -0.241 0.3167 0.1969, -0.241 0.3167 0.2008, -0.2043 0.3898 0.2008, -0.1947 0.4 0.2008, -0.1803 0.4093 0.2008, -0.1641 0.4149 0.2008, -0.1408 0.4174 0.2008, -0.1117 0.4174 0.2008, -0.1117 0.2638 0.2008, -0.1397 0.2638 0.2008, -0.1604 0.2657 0.2008, -0.177 0.2709 0.2008, -0.1904 0.2789 0.2008, -0.2015 0.2898 0.2008, -0.2098 0.3033 0.2008, -0.2155 0.3218 0.2008, -0.2174 0.3425 0.2008, -0.2157 0.3621 0.2008, -0.2111 0.3777 0.2008, -0.1408 0.4174 0.1969, -0.1117 0.4174 0.1969, -0.1641 0.4149 0.1969, -0.1803 0.4093 0.1969, -0.1947 0.4 0.1969, -0.2043 0.3898 0.1969, -0.2111 0.3777 0.1969, -0.2157 0.3621 0.1969, -0.2174 0.3425 0.1969, -0.2155 0.3218 0.1969, -0.2098 0.3033 0.1969, -0.2015 0.2898 0.1969, -0.1904 0.2789 0.1969, -0.177 0.2709 0.1969, -0.1604 0.2657 0.1969, -0.1397 0.2638 0.1969, -0.1117 0.2638 0.1969, -0.0469 0.2638 0.2008, -0.0469 0.2422 0.2008, -0.0469 0.2638 0.1969, -0.0469 0.2422 0.1969, 0.0587 0.2422 0.2008, 0.0587 0.2422 0.1969, 0.0587 0.439 0.2008, 0.0587 0.439 0.1969, -0.0421 0.439 0.2008, -0.0421 0.439 0.1969, -0.0421 0.4174 0.2008, -0.0421 0.4174 0.1969, 0.0323 0.4174 0.2008, 0.0323 0.4174 0.1969, 0.0323 0.3526 0.2008, 0.0323 0.3526 0.1969, -0.0373 0.3526 0.2008, -0.0373 0.3526 0.1969, -0.0373 0.331 0.2008, -0.0373 0.331 0.1969, 0.0323 0.331 0.2008, 0.0323 0.331 0.1969, 0.0323 0.2638 0.2008, 0.0323 0.2638 0.1969, 0.0971 0.274 0.2008, 0.0971 0.2524 0.2008, 0.0971 0.274 0.1969, 0.0971 0.2524 0.1969, 0.1181 0.2438 0.2008, 0.1513 0.2398 0.2008, 0.1513 0.2398 0.1969, 0.1459 0.2399 0.1969, 0.1459 0.2399 0.2008, 0.138 0.241 0.1969, 0.1181 0.2438 0.1969, 0.2436 0.3369 0.2008, 0.2436 0.3369 0.1969, 0.2417 0.3141 0.1969, 0.2417 0.3141 0.2008, 0.2357 0.2933 0.1969, 0.2357 0.2933 0.2008, 0.2252 0.2745 0.1969, 0.2252 0.2745 0.2008, 0.2105 0.259 0.1969, 0.2105 0.259 0.2008, 0.1946 0.2489 0.1969, 0.1946 0.2489 0.2008, 0.1755 0.2423 0.1969, 0.1755 0.2423 0.2008, 0.1629 0.241 0.1969, 0.1434 0.4414 0.2008, 0.1434 0.4414 0.1969, 0.1632 0.4398 0.2008, 0.1582 0.4402 0.1969, 0.1632 0.4398 0.1969, 0.1852 0.4334 0.1969, 0.1852 0.4334 0.2008, 0.2039 0.4227 0.1969, 0.2039 0.4227 0.2008, 0.2216 0.4056 0.1969, 0.2216 0.4056 0.2008, 0.2332 0.3872 0.1969, 0.2332 0.3872 0.2008, 0.2407 0.3649 0.1969, 0.2407 0.3649 0.2008, 0.1261 0.4402 0.1969, 0.1199 0.4398 0.2008, 0.1199 0.4398 0.1969, 0.0971 0.4336 0.2008, 0.0971 0.4336 0.1969, 0.0971 0.4072 0.2008, 0.0971 0.4072 0.1969, 0.1432 0.4198 0.2008, 0.1432 0.4198 0.1969, 0.1193 0.4167 0.1969, 0.1193 0.4167 0.2008, 0.2172 0.3385 0.2008, 0.2172 0.3385 0.1969, 0.2162 0.3538 0.1969, 0.2162 0.3538 0.2008, 0.211 0.3749 0.1969, 0.211 0.3749 0.2008, 0.2029 0.3901 0.1969, 0.2029 0.3901 0.2008, 0.191 0.4032 0.1969, 0.191 0.4032 0.2008, 0.1773 0.4123 0.1969, 0.1773 0.4123 0.2008, 0.1626 0.4176 0.1969, 0.1626 0.4176 0.2008, 0.1476 0.2614 0.2008, 0.1476 0.2614 0.1969, 0.166 0.2634 0.1969, 0.166 0.2634 0.2008, 0.1804 0.2687 0.1969, 0.1804 0.2687 0.2008, 0.1924 0.2769 0.1969, 0.1924 0.2769 0.2008, 0.2017 0.2866 0.1969, 0.2017 0.2866 0.2008, 0.2098 0.3003 0.1969, 0.2098 0.3003 0.2008, 0.2152 0.3172 0.1969, 0.2152 0.3172 0.2008, 0.1007 0.272 0.1969, 0.1007 0.272 0.2008, 0.1215 0.2643 0.1969, 0.1215 0.2643 0.2008, 0.2604 0.2638 0.2008, 0.2604 0.2422 0.2008, 0.2604 0.2638 0.1969, 0.2604 0.2422 0.1969, 0.3612 0.2422 0.2008, 0.3612 0.2422 0.1969, 0.3612 0.439 0.2008, 0.3612 0.439 0.1969, 0.3348 0.439 0.2008, 0.3348 0.439 0.1969, 0.3348 0.2638 0.2008, 0.3348 0.2638 0.1969
            ]
        }
        coordIndex [
            0,1,2,-1,2,1,3,-1,1,4,3,-1,3,4,5,-1,4,6,5,-1,5,6,7,-1,6,8,7,-1,7,8,9,-1,8,10,9,-1,9,10,11,-1,10,12,11,-1,11,12,13,-1,12,14,13,-1,13,14,15,-1,14,0,15,-1,15,0,2,-1,16,8,17,-1,17,8,6,-1,18,14,16,-1,16,14,12,-1,16,12,8,-1,8,12,10,-1,18,19,14,-1,14,19,20,-1,14,20,0,-1,0,20,21,-1,0,21,22,-1,22,23,0,-1,0,23,17,-1,0,17,1,-1,1,17,6,-1,1,6,4,-1,16,17,24,-1,24,17,25,-1,18,16,26,-1,26,16,24,-1,18,26,27,-1,18,27,19,-1,19,27,28,-1,19,28,20,-1,21,20,29,-1,29,20,28,-1,21,29,30,-1,21,30,22,-1,22,30,31,-1,22,31,23,-1,17,23,25,-1,25,23,31,-1,32,33,34,-1,34,33,35,-1,33,36,35,-1,35,36,37,-1,36,38,37,-1,37,38,39,-1,40,41,42,-1,40,42,43,-1,43,42,44,-1,43,44,45,-1,45,44,46,-1,45,46,47,-1,47,46,48,-1,47,48,49,-1,49,48,50,-1,49,50,51,-1,51,50,52,-1,51,52,53,-1,53,52,54,-1,53,54,55,-1,55,54,39,-1,55,39,38,-1,32,34,56,-1,32,56,57,-1,57,56,58,-1,57,58,59,-1,59,58,60,-1,59,60,61,-1,61,60,62,-1,61,62,63,-1,63,62,64,-1,63,64,65,-1,65,64,66,-1,65,66,67,-1,67,66,41,-1,67,41,40,-1,45,47,68,-1,68,47,49,-1,68,49,69,-1,69,49,51,-1,69,51,70,-1,70,51,53,-1,70,53,71,-1,71,53,55,-1,71,55,72,-1,72,55,38,-1,72,38,73,-1,73,38,36,-1,73,36,74,-1,74,36,33,-1,74,33,75,-1,75,33,32,-1,75,32,76,-1,76,32,57,-1,76,57,77,-1,77,57,59,-1,77,59,78,-1,78,59,61,-1,78,61,79,-1,79,61,63,-1,79,63,80,-1,80,63,65,-1,80,65,81,-1,81,65,67,-1,81,67,82,-1,82,67,40,-1,82,40,83,-1,83,40,43,-1,83,43,84,-1,84,43,45,-1,84,45,68,-1,72,73,85,-1,85,73,86,-1,72,85,87,-1,72,87,71,-1,71,87,88,-1,71,88,70,-1,70,88,89,-1,70,89,69,-1,69,89,90,-1,69,90,68,-1,68,90,91,-1,68,91,84,-1,84,91,92,-1,84,92,83,-1,83,92,93,-1,83,93,82,-1,82,93,94,-1,82,94,81,-1,81,94,95,-1,81,95,80,-1,80,95,96,-1,80,96,79,-1,79,96,97,-1,79,97,78,-1,78,97,98,-1,78,98,77,-1,77,98,99,-1,77,99,76,-1,76,99,100,-1,76,100,75,-1,74,75,101,-1,101,75,100,-1,73,74,86,-1,86,74,101,-1,102,103,104,-1,104,103,105,-1,103,106,105,-1,105,106,107,-1,106,108,107,-1,107,108,109,-1,108,110,109,-1,109,110,111,-1,110,112,111,-1,111,112,113,-1,112,114,113,-1,113,114,115,-1,114,116,115,-1,115,116,117,-1,116,118,117,-1,117,118,119,-1,118,120,119,-1,119,120,121,-1,120,122,121,-1,121,122,123,-1,122,124,123,-1,123,124,125,-1,124,102,125,-1,125,102,104,-1,106,103,102,-1,102,124,106,-1,106,124,122,-1,106,122,108,-1,112,110,114,-1,114,110,108,-1,114,108,116,-1,116,108,122,-1,116,122,118,-1,118,122,120,-1,126,127,128,-1,128,127,129,-1,129,127,130,-1,131,132,133,-1,131,133,134,-1,134,133,135,-1,134,135,130,-1,130,135,136,-1,130,136,129,-1,137,138,139,-1,137,139,140,-1,140,139,141,-1,140,141,142,-1,142,141,143,-1,142,143,144,-1,144,143,145,-1,144,145,146,-1,146,145,147,-1,146,147,148,-1,148,147,149,-1,148,149,150,-1,150,149,131,-1,131,149,151,-1,131,151,132,-1,152,153,154,-1,154,153,155,-1,155,156,154,-1,154,156,157,-1,154,157,158,-1,158,157,159,-1,158,159,160,-1,160,159,161,-1,160,161,162,-1,162,161,163,-1,162,163,164,-1,164,163,165,-1,164,165,166,-1,166,165,138,-1,166,138,137,-1,153,152,167,-1,167,152,168,-1,167,168,169,-1,169,168,170,-1,169,170,171,-1,170,172,171,-1,171,172,173,-1,174,175,176,-1,174,176,177,-1,177,176,173,-1,177,173,172,-1,178,179,180,-1,178,180,181,-1,181,180,182,-1,181,182,183,-1,183,182,184,-1,183,184,185,-1,185,184,186,-1,185,186,187,-1,187,186,188,-1,187,188,189,-1,189,188,190,-1,189,190,191,-1,191,190,175,-1,191,175,174,-1,192,193,194,-1,192,194,195,-1,195,194,196,-1,195,196,197,-1,197,196,198,-1,197,198,199,-1,199,198,200,-1,199,200,201,-1,201,200,202,-1,201,202,203,-1,203,202,204,-1,203,204,205,-1,205,204,179,-1,205,179,178,-1,126,128,206,-1,126,206,207,-1,207,206,208,-1,207,208,209,-1,209,208,193,-1,209,193,192,-1,195,131,192,-1,192,131,134,-1,192,134,209,-1,209,134,130,-1,209,130,207,-1,207,130,127,-1,207,127,126,-1,172,170,177,-1,177,170,168,-1,177,168,174,-1,174,168,152,-1,174,152,191,-1,191,152,154,-1,191,154,189,-1,189,154,158,-1,189,158,187,-1,187,158,160,-1,187,160,185,-1,185,160,162,-1,185,162,183,-1,183,162,164,-1,183,164,181,-1,181,164,166,-1,181,166,178,-1,178,166,137,-1,178,137,205,-1,205,137,140,-1,205,140,203,-1,203,140,142,-1,203,142,201,-1,201,142,144,-1,201,144,199,-1,199,144,146,-1,199,146,197,-1,197,146,148,-1,197,148,195,-1,195,148,150,-1,195,150,131,-1,210,211,212,-1,212,211,213,-1,211,214,213,-1,213,214,215,-1,214,216,215,-1,215,216,217,-1,216,218,217,-1,217,218,219,-1,218,220,219,-1,219,220,221,-1,220,210,221,-1,221,210,212,-1,218,216,220,-1,220,216,214,-1,220,214,210,-1,210,214,211,-1,
        ]
    }
}
Shape{
    appearance Appearance {
        material  Material 	{
            diffuseColor 0.9686274509803922 0.9686274509803922 0.9686274509803922
            specularColor 0.48627450980392156 0.48627450980392156 0.48627450980392156
            ambientIntensity 0.9686
            transparency 0.0
            shininess 0.5
        }
    }
    geometry IndexedFaceSet {
        ccw TRUE
        solid FALSE
        coord DEF co Coordinate {
            point [
                -0.3124 0.319 0.1969, -0.3782 0.319 0.1969, -0.3418 0.4012 0.1969, -0.3486 0.4012 0.1969, -0.3437 0.408 0.1969, -0.3468 0.4081 0.1969, -0.3449 0.415 0.1969, -0.3456 0.415 0.1969, -0.1117 0.4174 0.1969, -0.1117 0.2638 0.1969, -0.1408 0.4174 0.1969, -0.1397 0.2638 0.1969, -0.1604 0.2657 0.1969, -0.2174 0.3425 0.1969, -0.2157 0.3621 0.1969, -0.2111 0.3777 0.1969, -0.1641 0.4149 0.1969, -0.177 0.2709 0.1969, -0.1904 0.2789 0.1969, -0.2015 0.2898 0.1969, -0.2098 0.3033 0.1969, -0.2155 0.3218 0.1969, -0.2043 0.3898 0.1969, -0.1947 0.4 0.1969, -0.1803 0.4093 0.1969
            ]
        }
        coordIndex [
            0,1,2,-1,2,1,3,-1,2,3,4,-1,4,3,5,-1,4,5,6,-1,6,5,7,-1,8,9,10,-1,10,9,11,-1,10,11,12,-1,13,14,10,-1,10,14,15,-1,10,15,16,-1,12,17,10,-1,10,17,18,-1,10,18,19,-1,19,20,10,-1,10,20,21,-1,10,21,13,-1,22,23,15,-1,15,23,24,-1,15,24,16,-1,
        ]
    }
}