#VRML V2.0 utf8
# 3D model generated by easyeda2kicad.py (https://github.com/uPesy/easyeda2kicad.py)

Shape{
    appearance Appearance {
        material  Material 	{
            diffuseColor 1.0 1.0 1.0
            specularColor 0.8784313725490196 0.8784313725490196 0.8784313725490196
            ambientIntensity 1.0
            transparency 0.0
            shininess 0.5
        }
    }
    geometry IndexedFaceSet {
        ccw TRUE
        solid FALSE
        coord DEF co Coordinate {
            point [
                0.8858 -0.8858 1.1417, 0.8858 -0.8858 1.1024, 0.8858 -0.5935 1.1417, 0.8858 0.8858 1.1024, 0.8858 0.8858 1.1417, -0.8858 -0.8858 1.1417, -0.8858 -0.8858 1.1024, 0.5935 -0.8858 1.1417, -0.8858 0.8858 1.1417, -0.8858 0.8858 1.1024, -0.8858 -0.5935 1.1417, 0.5935 0.8858 1.1417, -0.6975 -0.7532 1.1417, -0.6948 -0.7735 1.1417, -0.8417 -0.7342 1.1417, -0.8292 -0.7179 1.1417, -0.6975 -0.7939 1.1417, -0.7053 -0.8129 1.1417, -0.7179 -0.8292 1.1417, -0.7939 -0.8496 1.1417, -0.8129 -0.8417 1.1417, -0.8292 -0.8292 1.1417, -0.8417 -0.8129 1.1417, -0.7342 -0.8417 1.1417, -0.7532 -0.8496 1.1417, -0.7735 -0.8523 1.1417, -0.8496 -0.7939 1.1417, -0.8523 -0.7735 1.1417, -0.8496 -0.7532 1.1417, -0.8129 -0.7053 1.1417, -0.7939 -0.6975 1.1417, -0.7735 -0.6948 1.1417, -0.7532 -0.6975 1.1417, -0.7342 -0.7053 1.1417, 0.5935 -0.5935 1.1417, -0.7179 -0.7179 1.1417, -0.7053 -0.7342 1.1417, 0.8417 -0.8129 1.1417, 0.8292 -0.8292 1.1417, 0.8129 -0.8417 1.1417, 0.7342 -0.8417 1.1417, 0.7179 -0.8292 1.1417, 0.7053 -0.8129 1.1417, 0.6975 -0.7939 1.1417, 0.6948 -0.7735 1.1417, 0.7939 -0.8496 1.1417, 0.7735 -0.8523 1.1417, 0.7532 -0.8496 1.1417, 0.6975 -0.7532 1.1417, 0.7053 -0.7342 1.1417, 0.7179 -0.7179 1.1417, 0.7939 -0.6975 1.1417, 0.8129 -0.7053 1.1417, 0.8292 -0.7179 1.1417, 0.8417 -0.7342 1.1417, 0.8496 -0.7532 1.1417, 0.8523 -0.7735 1.1417, 0.8496 -0.7939 1.1417, 0.7342 -0.7053 1.1417, 0.7532 -0.6975 1.1417, 0.7735 -0.6948 1.1417, -0.7053 0.7342 1.1417, -0.7179 0.7179 1.1417, -0.6975 0.7532 1.1417, -0.8292 0.7179 1.1417, -0.8129 0.7053 1.1417, -0.7939 0.6975 1.1417, -0.8496 0.7939 1.1417, -0.8417 0.8129 1.1417, -0.7179 0.8292 1.1417, -0.7053 0.8129 1.1417, -0.6975 0.7939 1.1417, -0.6948 0.7735 1.1417, -0.8417 0.7342 1.1417, -0.8496 0.7532 1.1417, -0.8523 0.7735 1.1417, -0.8292 0.8292 1.1417, -0.8129 0.8417 1.1417, -0.7939 0.8496 1.1417, 0.4921 0.0 1.1417, 0.4904 0.0417 1.1417, -0.4921 0.0 1.1417, -0.485 0.0832 1.1417, -0.7532 0.6975 1.1417, -0.464 0.1639 1.1417, -0.7342 0.7053 1.1417, 0.4904 -0.0417 1.1417, 0.4762 -0.124 1.1417, 0.4484 -0.2027 1.1417, -0.4296 -0.24 1.1417, -0.464 -0.1639 1.1417, -0.7735 0.8523 1.1417, -0.7532 0.8496 1.1417, -0.7342 0.8417 1.1417, 0.4077 0.2756 1.1417, 0.4484 0.2027 1.1417, 0.4762 0.124 1.1417, -0.7735 0.6948 1.1417, -0.485 -0.0832 1.1417, 0.2216 0.4394 1.1417, 0.1441 0.4706 1.1417, 0.0625 0.4881 1.1417, 0.2926 0.3957 1.1417, 0.3553 0.3405 1.1417, 0.4077 -0.2756 1.1417, 0.3553 -0.3405 1.1417, 0.2926 -0.3957 1.1417, 0.2216 -0.4394 1.1417, 0.1441 -0.4706 1.1417, 0.0625 -0.4881 1.1417, -0.0209 -0.4917 1.1417, -0.258 0.4191 1.1417, -0.1835 0.4566 1.1417, -0.1037 0.4811 1.1417, -0.0209 0.4917 1.1417, -0.4296 0.24 1.1417, -0.3829 0.3092 1.1417, -0.3251 0.3694 1.1417, -0.1037 -0.4811 1.1417, -0.1835 -0.4566 1.1417, -0.258 -0.4191 1.1417, -0.3251 -0.3694 1.1417, -0.3829 -0.3092 1.1417, 0.8496 0.7532 1.1417, 0.8523 0.7735 1.1417, 0.8129 0.8417 1.1417, 0.8292 0.8292 1.1417, 0.8417 0.7342 1.1417, 0.8292 0.7179 1.1417, 0.8129 0.7053 1.1417, 0.7342 0.7053 1.1417, 0.7179 0.7179 1.1417, 0.8417 0.8129 1.1417, 0.8496 0.7939 1.1417, 0.6975 0.7939 1.1417, 0.7053 0.8129 1.1417, 0.7179 0.8292 1.1417, 0.7342 0.8417 1.1417, 0.7532 0.8496 1.1417, 0.7735 0.8523 1.1417, 0.7939 0.8496 1.1417, 0.7939 0.6975 1.1417, 0.7735 0.6948 1.1417, 0.7532 0.6975 1.1417, 0.7053 0.7342 1.1417, 0.6975 0.7532 1.1417, 0.6948 0.7735 1.1417
            ]
        }
        coordIndex [
            0,1,2,-1,2,1,3,-1,2,3,4,-1,5,6,7,-1,7,6,1,-1,7,1,0,-1,8,9,10,-1,10,9,6,-1,10,6,5,-1,4,3,11,-1,11,3,9,-1,11,9,8,-1,6,9,1,-1,1,9,3,-1,12,13,7,-1,14,15,10,-1,13,16,7,-1,7,16,17,-1,7,17,18,-1,19,20,5,-1,5,20,21,-1,5,21,22,-1,18,23,7,-1,7,23,24,-1,7,24,5,-1,5,24,25,-1,5,25,19,-1,22,26,5,-1,5,26,27,-1,5,27,10,-1,10,27,28,-1,10,28,14,-1,15,29,10,-1,10,29,30,-1,10,30,31,-1,32,33,34,-1,34,33,35,-1,34,35,36,-1,37,38,0,-1,0,38,39,-1,40,41,7,-1,7,41,42,-1,7,42,43,-1,43,44,7,-1,7,44,34,-1,7,34,12,-1,12,34,36,-1,39,45,0,-1,0,45,46,-1,0,46,7,-1,7,46,47,-1,7,47,40,-1,44,48,34,-1,34,48,49,-1,34,49,50,-1,51,52,2,-1,2,52,53,-1,2,53,54,-1,54,55,2,-1,2,55,56,-1,2,56,0,-1,0,56,57,-1,0,57,37,-1,50,58,34,-1,34,58,59,-1,34,59,2,-1,2,59,60,-1,2,60,51,-1,61,62,11,-1,61,11,63,-1,64,10,65,-1,65,10,66,-1,67,68,8,-1,11,69,70,-1,70,71,11,-1,11,71,72,-1,11,72,63,-1,64,73,10,-1,10,73,74,-1,10,74,8,-1,8,74,75,-1,8,75,67,-1,68,76,8,-1,8,76,77,-1,8,77,78,-1,34,11,79,-1,79,11,80,-1,81,82,83,-1,83,82,84,-1,83,84,85,-1,79,86,34,-1,34,86,87,-1,34,87,88,-1,10,89,90,-1,78,91,8,-1,8,91,92,-1,8,92,11,-1,11,92,93,-1,11,93,69,-1,94,95,11,-1,11,95,96,-1,11,96,80,-1,66,10,97,-1,97,10,90,-1,97,90,83,-1,83,90,98,-1,83,98,81,-1,99,11,100,-1,100,11,101,-1,99,102,11,-1,11,102,103,-1,11,103,94,-1,88,104,34,-1,34,104,105,-1,34,105,106,-1,106,107,34,-1,34,107,108,-1,34,108,109,-1,31,32,10,-1,10,32,34,-1,10,34,110,-1,110,34,109,-1,111,112,62,-1,62,112,113,-1,62,113,11,-1,11,113,114,-1,11,114,101,-1,84,115,85,-1,85,115,116,-1,85,116,62,-1,62,116,117,-1,62,117,111,-1,110,118,10,-1,10,118,119,-1,10,119,120,-1,120,121,10,-1,10,121,122,-1,10,122,89,-1,2,4,123,-1,123,4,124,-1,125,126,4,-1,123,127,2,-1,2,127,128,-1,2,128,129,-1,130,131,34,-1,126,132,4,-1,4,132,133,-1,4,133,124,-1,134,135,11,-1,11,135,136,-1,11,136,137,-1,137,138,11,-1,11,138,139,-1,11,139,4,-1,4,139,140,-1,4,140,125,-1,129,141,2,-1,2,141,142,-1,2,142,34,-1,34,142,143,-1,34,143,130,-1,131,144,34,-1,34,144,145,-1,34,145,11,-1,11,145,146,-1,11,146,134,-1,
        ]
    }
}
Shape{
    appearance Appearance {
        material  Material 	{
            diffuseColor 0.2235294117647059 0.2235294117647059 0.2235294117647059
            specularColor 0.11372549019607843 0.11372549019607843 0.11372549019607843
            ambientIntensity 0.2235
            transparency 0.0
            shininess 0.5
        }
    }
    geometry IndexedFaceSet {
        ccw TRUE
        solid FALSE
        coord DEF co Coordinate {
            point [
                -0.4913 -0.0292 2.4803, -0.4921 0.0 1.1417, -0.485 -0.0832 1.1417, -0.4633 -0.1637 2.4803, -0.4707 -0.1437 2.4803, -0.464 -0.1639 1.1417, -0.4844 -0.0871 2.4803, -0.4848 -0.0831 2.4803, -0.4504 -0.1984 2.4803, -0.4296 -0.24 1.1417, -0.4291 -0.2398 2.4803, -0.4237 -0.2503 2.4803, -0.3829 -0.3092 1.1417, -0.3912 -0.2986 2.4803, -0.3101 -0.3821 2.4803, -0.3246 -0.3689 2.4803, -0.3251 -0.3694 1.1417, -0.3531 -0.3428 2.4803, -0.3824 -0.3088 2.4803, -0.1835 -0.4566 1.1417, -0.2116 -0.4443 2.4803, -0.258 -0.4191 1.1417, -0.2579 -0.4188 2.4803, -0.2627 -0.4161 2.4803, -0.1037 -0.4811 1.1417, -0.1576 -0.4662 2.4803, -0.1832 -0.4558 2.4803, -0.0209 -0.4909 2.4803, -0.0437 -0.4902 2.4803, -0.0209 -0.4917 1.1417, -0.1014 -0.4816 2.4803, -0.1036 -0.481 2.4803, 0.0146 -0.4919 2.4803, 0.0625 -0.4881 1.1417, 0.0625 -0.4876 2.4803, 0.0727 -0.4867 2.4803, 0.1441 -0.4706 1.1417, 0.1297 -0.4747 2.4803, 0.2216 -0.4394 1.1417, 0.185 -0.456 2.4803, 0.1439 -0.4699 2.4803, 0.2924 -0.3954 2.4803, 0.2869 -0.3998 2.4803, 0.2926 -0.3957 1.1417, 0.2376 -0.431 2.4803, 0.2212 -0.4388 2.4803, 0.3322 -0.3631 2.4803, 0.3553 -0.3405 1.1417, 0.3547 -0.3399 2.4803, 0.3728 -0.3213 2.4803, 0.4077 -0.2756 1.1417, 0.4077 -0.2756 2.4803, 0.4082 -0.2749 2.4803, 0.4484 -0.2027 1.1417, 0.4378 -0.2247 2.4803, 0.4762 -0.124 1.1417, 0.4613 -0.1714 2.4803, 0.4477 -0.2024 2.4803, 0.4897 -0.0417 2.4803, 0.4887 -0.0582 2.4803, 0.4904 -0.0417 1.1417, 0.4784 -0.1156 2.4803, 0.4758 -0.1239 2.4803, 0.4921 0.0 2.4803, 0.4921 0.0 1.1417, 0.4897 0.0417 2.4803, 0.4904 0.0417 1.1417, 0.4887 0.0582 2.4803, 0.4762 0.124 1.1417, 0.4784 0.1156 2.4803, 0.4378 0.2247 2.4803, 0.4477 0.2024 2.4803, 0.4484 0.2027 1.1417, 0.4613 0.1714 2.4803, 0.4758 0.1239 2.4803, 0.3553 0.3405 1.1417, 0.3728 0.3213 2.4803, 0.4077 0.2756 1.1417, 0.4077 0.2756 2.4803, 0.4082 0.2749 2.4803, 0.2926 0.3957 1.1417, 0.3322 0.3631 2.4803, 0.3547 0.3399 2.4803, 0.2212 0.4388 2.4803, 0.2376 0.431 2.4803, 0.2216 0.4394 1.1417, 0.2869 0.3998 2.4803, 0.2924 0.3954 2.4803, 0.185 0.456 2.4803, 0.1441 0.4706 1.1417, 0.1439 0.4699 2.4803, 0.1297 0.4747 2.4803, 0.0625 0.4881 1.1417, 0.0727 0.4867 2.4803, -0.0437 0.4902 2.4803, -0.0209 0.4909 2.4803, -0.0209 0.4917 1.1417, 0.0146 0.4919 2.4803, 0.0625 0.4876 2.4803, -0.1835 0.4566 1.1417, -0.1576 0.4662 2.4803, -0.1037 0.4811 1.1417, -0.1036 0.481 2.4803, -0.1014 0.4816 2.4803, -0.258 0.4191 1.1417, -0.2116 0.4443 2.4803, -0.1832 0.4558 2.4803, -0.3246 0.3689 2.4803, -0.3101 0.3821 2.4803, -0.3251 0.3694 1.1417, -0.2627 0.4161 2.4803, -0.2579 0.4188 2.4803, -0.3531 0.3428 2.4803, -0.3829 0.3092 1.1417, -0.3824 0.3088 2.4803, -0.3912 0.2986 2.4803, -0.4296 0.24 1.1417, -0.4237 0.2503 2.4803, -0.4707 0.1437 2.4803, -0.4633 0.1637 2.4803, -0.464 0.1639 1.1417, -0.4504 0.1984 2.4803, -0.4291 0.2398 2.4803, -0.4913 0.0 2.4803, -0.4913 0.0292 2.4803, -0.485 0.0832 1.1417, -0.4848 0.0831 2.4803, -0.4844 0.0871 2.4803, 0.4134 -0.0 2.5591, 0.4105 0.0489 2.5591, 0.0 0.0 2.5591, 0.4105 -0.0489 2.5591, 0.3678 -0.1888 2.5591, 0.3875 -0.1439 2.5591, 0.4018 -0.0971 2.5591, 0.279 -0.305 2.5591, 0.3131 -0.2699 2.5591, 0.3429 -0.2309 2.5591, 0.1554 -0.3831 2.5591, 0.1996 -0.362 2.5591, 0.241 -0.3359 2.5591, 0.0123 -0.4132 2.5591, 0.061 -0.4089 2.5591, 0.109 -0.3988 2.5591, -0.1324 -0.3916 2.5591, -0.0851 -0.4045 2.5591, -0.0367 -0.4118 2.5591, -0.2605 -0.321 2.5591, -0.2207 -0.3496 2.5591, -0.1778 -0.3732 2.5591, -0.3559 -0.2102 2.5591, -0.3286 -0.2508 2.5591, -0.2966 -0.2879 2.5591, -0.4069 -0.0731 2.5591, -0.3954 -0.1207 2.5591, -0.3783 -0.1666 2.5591, -0.4069 0.0731 2.5591, -0.4127 0.0245 2.5591, -0.4127 -0.0245 2.5591, -0.3559 0.2102 2.5591, -0.3783 0.1666 2.5591, -0.3954 0.1207 2.5591, -0.2605 0.321 2.5591, -0.2966 0.2879 2.5591, -0.3286 0.2508 2.5591, -0.1324 0.3916 2.5591, -0.1778 0.3732 2.5591, -0.2207 0.3496 2.5591, 0.0123 0.4132 2.5591, -0.0367 0.4118 2.5591, -0.0851 0.4045 2.5591, 0.1554 0.3831 2.5591, 0.109 0.3988 2.5591, 0.061 0.4089 2.5591, 0.279 0.305 2.5591, 0.241 0.3359 2.5591, 0.1996 0.362 2.5591, 0.3678 0.1888 2.5591, 0.3429 0.2309 2.5591, 0.3131 0.2699 2.5591, 0.4018 0.0971 2.5591, 0.3875 0.1439 2.5591, -0.8523 0.7735 1.1417, -0.8496 0.7939 1.2205, -0.8496 0.7939 1.1417, -0.8417 0.8129 1.2205, -0.8417 0.8129 1.1417, -0.8292 0.8292 1.2205, -0.8292 0.8292 1.1417, -0.8129 0.8417 1.2205, -0.8129 0.8417 1.1417, -0.7939 0.8496 1.2205, -0.7939 0.8496 1.1417, -0.7735 0.8523 1.2205, -0.7735 0.8523 1.1417, -0.7532 0.8496 1.2205, -0.7532 0.8496 1.1417, -0.7342 0.8417 1.2205, -0.7342 0.8417 1.1417, -0.7179 0.8292 1.2205, -0.7179 0.8292 1.1417, -0.7053 0.8129 1.2205, -0.7053 0.8129 1.1417, -0.6975 0.7939 1.2205, -0.6975 0.7939 1.1417, -0.6948 0.7735 1.2205, -0.6948 0.7735 1.1417, -0.6975 0.7532 1.2205, -0.6975 0.7532 1.1417, -0.7053 0.7342 1.2205, -0.7053 0.7342 1.1417, -0.7179 0.7179 1.2205, -0.7179 0.7179 1.1417, -0.7342 0.7053 1.2205, -0.7342 0.7053 1.1417, -0.7532 0.6975 1.2205, -0.7532 0.6975 1.1417, -0.7735 0.6948 1.2205, -0.7735 0.6948 1.1417, -0.7939 0.6975 1.2205, -0.7939 0.6975 1.1417, -0.8129 0.7053 1.2205, -0.8129 0.7053 1.1417, -0.8292 0.7179 1.2205, -0.8292 0.7179 1.1417, -0.8417 0.7342 1.2205, -0.8417 0.7342 1.1417, -0.8496 0.7532 1.2205, -0.8496 0.7532 1.1417, -0.8523 0.7735 1.2205, 0.6948 0.7735 1.1417, 0.6975 0.7939 1.2205, 0.6975 0.7939 1.1417, 0.7053 0.8129 1.2205, 0.7053 0.8129 1.1417, 0.7179 0.8292 1.2205, 0.7179 0.8292 1.1417, 0.7342 0.8417 1.2205, 0.7342 0.8417 1.1417, 0.7532 0.8496 1.2205, 0.7532 0.8496 1.1417, 0.7735 0.8523 1.2205, 0.7735 0.8523 1.1417, 0.7939 0.8496 1.2205, 0.7939 0.8496 1.1417, 0.8129 0.8417 1.2205, 0.8129 0.8417 1.1417, 0.8292 0.8292 1.2205, 0.8292 0.8292 1.1417, 0.8417 0.8129 1.2205, 0.8417 0.8129 1.1417, 0.8496 0.7939 1.2205, 0.8496 0.7939 1.1417, 0.8523 0.7735 1.2205, 0.8523 0.7735 1.1417, 0.8496 0.7532 1.2205, 0.8496 0.7532 1.1417, 0.8417 0.7342 1.2205, 0.8417 0.7342 1.1417, 0.8292 0.7179 1.2205, 0.8292 0.7179 1.1417, 0.8129 0.7053 1.2205, 0.8129 0.7053 1.1417, 0.7939 0.6975 1.2205, 0.7939 0.6975 1.1417, 0.7735 0.6948 1.2205, 0.7735 0.6948 1.1417, 0.7532 0.6975 1.2205, 0.7532 0.6975 1.1417, 0.7342 0.7053 1.2205, 0.7342 0.7053 1.1417, 0.7179 0.7179 1.2205, 0.7179 0.7179 1.1417, 0.7053 0.7342 1.2205, 0.7053 0.7342 1.1417, 0.6975 0.7532 1.2205, 0.6975 0.7532 1.1417, 0.6948 0.7735 1.2205, 0.6948 -0.7735 1.1417, 0.6975 -0.7532 1.2205, 0.6975 -0.7532 1.1417, 0.7053 -0.7342 1.2205, 0.7053 -0.7342 1.1417, 0.7179 -0.7179 1.2205, 0.7179 -0.7179 1.1417, 0.7342 -0.7053 1.2205, 0.7342 -0.7053 1.1417, 0.7532 -0.6975 1.2205, 0.7532 -0.6975 1.1417, 0.7735 -0.6948 1.2205, 0.7735 -0.6948 1.1417, 0.7939 -0.6975 1.2205, 0.7939 -0.6975 1.1417, 0.8129 -0.7053 1.2205, 0.8129 -0.7053 1.1417, 0.8292 -0.7179 1.2205, 0.8292 -0.7179 1.1417, 0.8417 -0.7342 1.2205, 0.8417 -0.7342 1.1417, 0.8496 -0.7532 1.2205, 0.8496 -0.7532 1.1417, 0.8523 -0.7735 1.2205, 0.8523 -0.7735 1.1417, 0.8496 -0.7939 1.2205, 0.8496 -0.7939 1.1417, 0.8417 -0.8129 1.2205, 0.8417 -0.8129 1.1417, 0.8292 -0.8292 1.2205, 0.8292 -0.8292 1.1417, 0.8129 -0.8417 1.2205, 0.8129 -0.8417 1.1417, 0.7939 -0.8496 1.2205, 0.7939 -0.8496 1.1417, 0.7735 -0.8523 1.2205, 0.7735 -0.8523 1.1417, 0.7532 -0.8496 1.2205, 0.7532 -0.8496 1.1417, 0.7342 -0.8417 1.2205, 0.7342 -0.8417 1.1417, 0.7179 -0.8292 1.2205, 0.7179 -0.8292 1.1417, 0.7053 -0.8129 1.2205, 0.7053 -0.8129 1.1417, 0.6975 -0.7939 1.2205, 0.6975 -0.7939 1.1417, 0.6948 -0.7735 1.2205, -0.8523 -0.7735 1.1417, -0.8496 -0.7532 1.2205, -0.8496 -0.7532 1.1417, -0.8417 -0.7342 1.2205, -0.8417 -0.7342 1.1417, -0.8292 -0.7179 1.2205, -0.8292 -0.7179 1.1417, -0.8129 -0.7053 1.2205, -0.8129 -0.7053 1.1417, -0.7939 -0.6975 1.2205, -0.7939 -0.6975 1.1417, -0.7735 -0.6948 1.2205, -0.7735 -0.6948 1.1417, -0.7532 -0.6975 1.2205, -0.7532 -0.6975 1.1417, -0.7342 -0.7053 1.2205, -0.7342 -0.7053 1.1417, -0.7179 -0.7179 1.2205, -0.7179 -0.7179 1.1417, -0.7053 -0.7342 1.2205, -0.7053 -0.7342 1.1417, -0.6975 -0.7532 1.2205, -0.6975 -0.7532 1.1417, -0.6948 -0.7735 1.2205, -0.6948 -0.7735 1.1417, -0.6975 -0.7939 1.2205, -0.6975 -0.7939 1.1417, -0.7053 -0.8129 1.2205, -0.7053 -0.8129 1.1417, -0.7179 -0.8292 1.2205, -0.7179 -0.8292 1.1417, -0.7342 -0.8417 1.2205, -0.7342 -0.8417 1.1417, -0.7532 -0.8496 1.2205, -0.7532 -0.8496 1.1417, -0.7735 -0.8523 1.2205, -0.7735 -0.8523 1.1417, -0.7939 -0.8496 1.2205, -0.7939 -0.8496 1.1417, -0.8129 -0.8417 1.2205, -0.8129 -0.8417 1.1417, -0.8292 -0.8292 1.2205, -0.8292 -0.8292 1.1417, -0.8417 -0.8129 1.2205, -0.8417 -0.8129 1.1417, -0.8496 -0.7939 1.2205, -0.8496 -0.7939 1.1417, -0.8523 -0.7735 1.2205, 0.486 0.0579 2.5007, 0.4588 0.1704 2.5007, 0.3708 0.3195 2.5007, 0.3304 0.3611 2.5007, 0.2853 0.3977 2.5007, 0.1839 0.4536 2.5007, 0.0145 0.4892 2.5007, -0.1568 0.4637 2.5007, -0.2105 0.4419 2.5007, -0.2613 0.4139 2.5007, -0.3512 0.3409 2.5007, -0.4479 0.1973 2.5007, -0.4886 0.029 2.5007, -0.4817 -0.0866 2.5007, -0.4479 -0.1973 2.5007, -0.4214 -0.2489 2.5007, -0.3512 -0.3409 2.5007, -0.2105 -0.4419 2.5007, -0.1008 -0.4789 2.5007, 0.0145 -0.4892 2.5007, 0.0723 -0.4841 2.5007, 0.1839 -0.4536 2.5007, 0.3304 -0.3611 2.5007, 0.4059 -0.2734 2.5007, 0.4588 -0.1704 2.5007, 0.4066 -0.151 2.5564, 0.4216 -0.1019 2.5564, 0.4401 -0.1063 2.5485, 0.4307 -0.0513 2.5564, 0.4496 -0.0535 2.5485, 0.4658 -0.0555 2.536, 0.4338 0.0 2.5564, 0.4528 0.0 2.5485, 0.4691 0.0 2.536, 0.4816 0.0 2.5197, 0.4307 0.0513 2.5564, 0.4496 0.0535 2.5485, 0.4658 0.0555 2.536, 0.4782 0.057 2.5197, 0.4782 -0.057 2.5197, 0.486 -0.0579 2.5007, 0.4894 0.0 2.5007, 0.4757 -0.115 2.5007, 0.4681 -0.1131 2.5197, 0.4559 -0.1102 2.536, 0.3286 -0.2832 2.5564, 0.2928 -0.32 2.5564, 0.343 -0.2956 2.5485, 0.3056 -0.3341 2.5485, 0.3553 -0.3062 2.536, 0.3166 -0.3461 2.536, 0.3648 -0.3144 2.5197, 0.3251 -0.3553 2.5197, 0.3708 -0.3195 2.5007, 0.2094 -0.3799 2.5564, 0.163 -0.402 2.5564, 0.2186 -0.3965 2.5485, 0.1702 -0.4196 2.5485, 0.2265 -0.4108 2.536, 0.1763 -0.4347 2.536, 0.2325 -0.4217 2.5197, 0.181 -0.4463 2.5197, 0.2363 -0.4286 2.5007, -0.1389 -0.4109 2.5564, -0.1865 -0.3916 2.5564, -0.145 -0.4289 2.5485, -0.1947 -0.4087 2.5485, -0.1502 -0.4444 2.536, -0.2017 -0.4235 2.536, -0.1542 -0.4562 2.5197, -0.2071 -0.4348 2.5197, -0.1568 -0.4637 2.5007, -0.2733 -0.3368 2.5564, -0.3112 -0.3021 2.5564, -0.2853 -0.3516 2.5485, -0.3249 -0.3154 2.5485, -0.2956 -0.3642 2.536, -0.3366 -0.3267 2.536, -0.3034 -0.374 2.5197, -0.3455 -0.3354 2.5197, -0.3084 -0.3801 2.5007, -0.433 -0.0257 2.5564, -0.433 0.0257 2.5564, -0.452 -0.0268 2.5485, -0.452 0.0268 2.5485, -0.4682 -0.0278 2.536, -0.4682 0.0278 2.536, -0.4807 -0.0285 2.5197, -0.4807 0.0285 2.5197, -0.4886 -0.029 2.5007, -0.4149 0.1267 2.5564, -0.397 0.1749 2.5564, -0.433 0.1322 2.5485, -0.4143 0.1825 2.5485, -0.4486 0.137 2.536, -0.4293 0.1891 2.536, -0.4606 0.1406 2.5197, -0.4407 0.1941 2.5197, -0.4681 0.1429 2.5007, -0.3448 0.2632 2.5564, -0.3112 0.3021 2.5564, -0.3599 0.2747 2.5485, -0.3249 0.3154 2.5485, -0.3728 0.2846 2.536, -0.3366 0.3267 2.536, -0.3828 0.2922 2.5197, -0.3455 0.3354 2.5197, -0.389 0.297 2.5007, -0.0385 0.4321 2.5564, 0.0129 0.4336 2.5564, -0.0402 0.451 2.5485, 0.0134 0.4526 2.5485, -0.0417 0.4672 2.536, 0.0139 0.4689 2.536, -0.0428 0.4797 2.5197, 0.0143 0.4814 2.5197, -0.0435 0.4875 2.5007, 0.1143 0.4184 2.5564, 0.163 0.402 2.5564, 0.1193 0.4367 2.5485, 0.1702 0.4196 2.5485, 0.1236 0.4525 2.536, 0.1763 0.4347 2.536, 0.1269 0.4645 2.5197, 0.181 0.4463 2.5197, 0.129 0.4721 2.5007, 0.3859 0.1981 2.5564, 0.4066 0.151 2.5564, 0.4028 0.2067 2.5485, 0.4244 0.1577 2.5485, 0.4173 0.2142 2.536, 0.4397 0.1633 2.536, 0.4284 0.2199 2.5197, 0.4514 0.1677 2.5197, 0.4354 0.2235 2.5007, 0.4514 -0.1677 2.5197, 0.4397 -0.1633 2.536, 0.4244 -0.1577 2.5485, 0.4354 -0.2235 2.5007, 0.4284 -0.2199 2.5197, 0.4173 -0.2142 2.536, 0.4028 -0.2067 2.5485, 0.3859 -0.1981 2.5564, 0.3598 -0.2423 2.5564, 0.3755 -0.2529 2.5485, 0.389 -0.262 2.536, 0.3994 -0.269 2.5197, 0.2853 -0.3977 2.5007, 0.2807 -0.3913 2.5197, 0.2735 -0.3811 2.536, 0.2639 -0.3679 2.5485, 0.2529 -0.3524 2.5564, 0.129 -0.4721 2.5007, 0.1269 -0.4645 2.5197, 0.1236 -0.4525 2.536, 0.1193 -0.4367 2.5485, 0.1143 -0.4184 2.5564, 0.064 -0.429 2.5564, 0.0668 -0.4478 2.5485, 0.0693 -0.4639 2.536, 0.0711 -0.4763 2.5197, 0.0143 -0.4814 2.5197, 0.0139 -0.4689 2.536, 0.0134 -0.4526 2.5485, 0.0129 -0.4336 2.5564, -0.0435 -0.4875 2.5007, -0.0428 -0.4797 2.5197, -0.0417 -0.4672 2.536, -0.0402 -0.451 2.5485, -0.0385 -0.4321 2.5564, -0.0893 -0.4245 2.5564, -0.0933 -0.443 2.5485, -0.0966 -0.459 2.536, -0.0992 -0.4712 2.5197, -0.2613 -0.4139 2.5007, -0.2571 -0.4072 2.5197, -0.2504 -0.3966 2.536, -0.2417 -0.3828 2.5485, -0.2316 -0.3668 2.5564, -0.389 -0.297 2.5007, -0.3828 -0.2922 2.5197, -0.3728 -0.2846 2.536, -0.3599 -0.2747 2.5485, -0.3448 -0.2632 2.5564, -0.3735 -0.2206 2.5564, -0.3898 -0.2302 2.5485, -0.4039 -0.2385 2.536, -0.4147 -0.2449 2.5197, -0.4407 -0.1941 2.5197, -0.4293 -0.1891 2.536, -0.4143 -0.1825 2.5485, -0.397 -0.1749 2.5564, -0.4681 -0.1429 2.5007, -0.4606 -0.1406 2.5197, -0.4486 -0.137 2.536, -0.433 -0.1322 2.5485, -0.4149 -0.1267 2.5564, -0.4269 -0.0767 2.5564, -0.4456 -0.0801 2.5485, -0.4617 -0.083 2.536, -0.474 -0.0852 2.5197, -0.4817 0.0866 2.5007, -0.474 0.0852 2.5197, -0.4617 0.083 2.536, -0.4456 0.0801 2.5485, -0.4269 0.0767 2.5564, -0.4214 0.2489 2.5007, -0.4147 0.2449 2.5197, -0.4039 0.2385 2.536, -0.3898 0.2302 2.5485, -0.3735 0.2206 2.5564, -0.3084 0.3801 2.5007, -0.3034 0.374 2.5197, -0.2956 0.3642 2.536, -0.2853 0.3516 2.5485, -0.2733 0.3368 2.5564, -0.2316 0.3668 2.5564, -0.2417 0.3828 2.5485, -0.2504 0.3966 2.536, -0.2571 0.4072 2.5197, -0.2071 0.4348 2.5197, -0.2017 0.4235 2.536, -0.1947 0.4087 2.5485, -0.1865 0.3916 2.5564, -0.1542 0.4562 2.5197, -0.1502 0.4444 2.536, -0.145 0.4289 2.5485, -0.1389 0.4109 2.5564, -0.1008 0.4789 2.5007, -0.0992 0.4712 2.5197, -0.0966 0.459 2.536, -0.0933 0.443 2.5485, -0.0893 0.4245 2.5564, 0.0723 0.4841 2.5007, 0.0711 0.4763 2.5197, 0.0693 0.4639 2.536, 0.0668 0.4478 2.5485, 0.064 0.429 2.5564, 0.2363 0.4286 2.5007, 0.2325 0.4217 2.5197, 0.2265 0.4108 2.536, 0.2186 0.3965 2.5485, 0.2094 0.3799 2.5564, 0.2529 0.3524 2.5564, 0.2639 0.3679 2.5485, 0.2735 0.3811 2.536, 0.2807 0.3913 2.5197, 0.3251 0.3553 2.5197, 0.3166 0.3461 2.536, 0.3056 0.3341 2.5485, 0.2928 0.32 2.5564, 0.3648 0.3144 2.5197, 0.3553 0.3062 2.536, 0.343 0.2956 2.5485, 0.3286 0.2832 2.5564, 0.4059 0.2734 2.5007, 0.3994 0.269 2.5197, 0.389 0.262 2.536, 0.3755 0.2529 2.5485, 0.3598 0.2423 2.5564, 0.4757 0.115 2.5007, 0.4681 0.1131 2.5197, 0.4559 0.1102 2.536, 0.4401 0.1063 2.5485, 0.4216 0.1019 2.5564, -0.7735 -0.7735 1.2992, -0.7538 -0.7683 1.2965, -0.7559 -0.7633 1.2965, -0.7532 -0.7735 1.2965, -0.7633 -0.7559 1.2965, -0.7683 -0.7538 1.2965, -0.7591 -0.7591 1.2965, -0.7788 -0.7538 1.2965, -0.7837 -0.7559 1.2965, -0.7735 -0.7532 1.2965, -0.7912 -0.7633 1.2965, -0.7932 -0.7683 1.2965, -0.7879 -0.7591 1.2965, -0.7932 -0.7788 1.2965, -0.7912 -0.7837 1.2965, -0.7939 -0.7735 1.2965, -0.7837 -0.7912 1.2965, -0.7788 -0.7932 1.2965, -0.7879 -0.7879 1.2965, -0.7683 -0.7932 1.2965, -0.7633 -0.7912 1.2965, -0.7735 -0.7939 1.2965, -0.7559 -0.7837 1.2965, -0.7538 -0.7788 1.2965, -0.7591 -0.7879 1.2965, -0.7355 -0.7633 1.2887, -0.7394 -0.7538 1.2887, -0.7457 -0.7457 1.2887, -0.7538 -0.7394 1.2887, -0.7633 -0.7355 1.2887, -0.7735 -0.7342 1.2887, -0.7837 -0.7355 1.2887, -0.7932 -0.7394 1.2887, -0.8014 -0.7457 1.2887, -0.8076 -0.7538 1.2887, -0.8116 -0.7633 1.2887, -0.8129 -0.7735 1.2887, -0.8116 -0.7837 1.2887, -0.8076 -0.7932 1.2887, -0.8014 -0.8014 1.2887, -0.7932 -0.8076 1.2887, -0.7837 -0.8116 1.2887, -0.7735 -0.8129 1.2887, -0.7633 -0.8116 1.2887, -0.7538 -0.8076 1.2887, -0.7457 -0.8014 1.2887, -0.7394 -0.7932 1.2887, -0.7355 -0.7837 1.2887, -0.7342 -0.7735 1.2887, -0.7198 -0.7591 1.2762, -0.7253 -0.7457 1.2762, -0.7342 -0.7342 1.2762, -0.7457 -0.7253 1.2762, -0.7591 -0.7198 1.2762, -0.7735 -0.7179 1.2762, -0.7879 -0.7198 1.2762, -0.8014 -0.7253 1.2762, -0.8129 -0.7342 1.2762, -0.8218 -0.7457 1.2762, -0.8273 -0.7591 1.2762, -0.8292 -0.7735 1.2762, -0.8273 -0.7879 1.2762, -0.8218 -0.8014 1.2762, -0.8129 -0.8129 1.2762, -0.8014 -0.8218 1.2762, -0.7879 -0.8273 1.2762, -0.7735 -0.8292 1.2762, -0.7591 -0.8273 1.2762, -0.7457 -0.8218 1.2762, -0.7342 -0.8129 1.2762, -0.7253 -0.8014 1.2762, -0.7198 -0.7879 1.2762, -0.7179 -0.7735 1.2762, -0.7077 -0.7559 1.2598, -0.7145 -0.7394 1.2598, -0.7253 -0.7253 1.2598, -0.7394 -0.7145 1.2598, -0.7559 -0.7077 1.2598, -0.7735 -0.7053 1.2598, -0.7912 -0.7077 1.2598, -0.8076 -0.7145 1.2598, -0.8218 -0.7253 1.2598, -0.8326 -0.7394 1.2598, -0.8394 -0.7559 1.2598, -0.8417 -0.7735 1.2598, -0.8394 -0.7912 1.2598, -0.8326 -0.8076 1.2598, -0.8218 -0.8218 1.2598, -0.8076 -0.8326 1.2598, -0.7912 -0.8394 1.2598, -0.7735 -0.8417 1.2598, -0.7559 -0.8394 1.2598, -0.7394 -0.8326 1.2598, -0.7253 -0.8218 1.2598, -0.7145 -0.8076 1.2598, -0.7077 -0.7912 1.2598, -0.7053 -0.7735 1.2598, -0.7001 -0.7538 1.2409, -0.7077 -0.7355 1.2409, -0.7198 -0.7198 1.2409, -0.7355 -0.7077 1.2409, -0.7538 -0.7001 1.2409, -0.7735 -0.6975 1.2409, -0.7932 -0.7001 1.2409, -0.8116 -0.7077 1.2409, -0.8273 -0.7198 1.2409, -0.8394 -0.7355 1.2409, -0.847 -0.7538 1.2409, -0.8496 -0.7735 1.2409, -0.847 -0.7932 1.2409, -0.8394 -0.8116 1.2409, -0.8273 -0.8273 1.2409, -0.8116 -0.8394 1.2409, -0.7932 -0.847 1.2409, -0.7735 -0.8496 1.2409, -0.7538 -0.847 1.2409, -0.7355 -0.8394 1.2409, -0.7198 -0.8273 1.2409, -0.7077 -0.8116 1.2409, -0.7001 -0.7932 1.2409, -0.6975 -0.7735 1.2409, 0.7735 -0.7735 1.2992, 0.7932 -0.7683 1.2965, 0.7912 -0.7633 1.2965, 0.7939 -0.7735 1.2965, 0.7837 -0.7559 1.2965, 0.7788 -0.7538 1.2965, 0.7879 -0.7591 1.2965, 0.7683 -0.7538 1.2965, 0.7633 -0.7559 1.2965, 0.7735 -0.7532 1.2965, 0.7559 -0.7633 1.2965, 0.7538 -0.7683 1.2965, 0.7591 -0.7591 1.2965, 0.7538 -0.7788 1.2965, 0.7559 -0.7837 1.2965, 0.7532 -0.7735 1.2965, 0.7633 -0.7912 1.2965, 0.7683 -0.7932 1.2965, 0.7591 -0.7879 1.2965, 0.7788 -0.7932 1.2965, 0.7837 -0.7912 1.2965, 0.7735 -0.7939 1.2965, 0.7912 -0.7837 1.2965, 0.7932 -0.7788 1.2965, 0.7879 -0.7879 1.2965, 0.8116 -0.7633 1.2887, 0.8076 -0.7538 1.2887, 0.8014 -0.7457 1.2887, 0.7932 -0.7394 1.2887, 0.7837 -0.7355 1.2887, 0.7735 -0.7342 1.2887, 0.7633 -0.7355 1.2887, 0.7538 -0.7394 1.2887, 0.7457 -0.7457 1.2887, 0.7394 -0.7538 1.2887, 0.7355 -0.7633 1.2887, 0.7342 -0.7735 1.2887, 0.7355 -0.7837 1.2887, 0.7394 -0.7932 1.2887, 0.7457 -0.8014 1.2887, 0.7538 -0.8076 1.2887, 0.7633 -0.8116 1.2887, 0.7735 -0.8129 1.2887, 0.7837 -0.8116 1.2887, 0.7932 -0.8076 1.2887, 0.8014 -0.8014 1.2887, 0.8076 -0.7932 1.2887, 0.8116 -0.7837 1.2887, 0.8129 -0.7735 1.2887, 0.8273 -0.7591 1.2762, 0.8218 -0.7457 1.2762, 0.8129 -0.7342 1.2762, 0.8014 -0.7253 1.2762, 0.7879 -0.7198 1.2762, 0.7735 -0.7179 1.2762, 0.7591 -0.7198 1.2762, 0.7457 -0.7253 1.2762, 0.7342 -0.7342 1.2762, 0.7253 -0.7457 1.2762, 0.7198 -0.7591 1.2762, 0.7179 -0.7735 1.2762, 0.7198 -0.7879 1.2762, 0.7253 -0.8014 1.2762, 0.7342 -0.8129 1.2762, 0.7457 -0.8218 1.2762, 0.7591 -0.8273 1.2762, 0.7735 -0.8292 1.2762, 0.7879 -0.8273 1.2762, 0.8014 -0.8218 1.2762, 0.8129 -0.8129 1.2762, 0.8218 -0.8014 1.2762, 0.8273 -0.7879 1.2762, 0.8292 -0.7735 1.2762, 0.8394 -0.7559 1.2598, 0.8326 -0.7394 1.2598, 0.8218 -0.7253 1.2598, 0.8076 -0.7145 1.2598, 0.7912 -0.7077 1.2598, 0.7735 -0.7053 1.2598, 0.7559 -0.7077 1.2598, 0.7394 -0.7145 1.2598, 0.7253 -0.7253 1.2598, 0.7145 -0.7394 1.2598, 0.7077 -0.7559 1.2598, 0.7053 -0.7735 1.2598, 0.7077 -0.7912 1.2598, 0.7145 -0.8076 1.2598, 0.7253 -0.8218 1.2598, 0.7394 -0.8326 1.2598, 0.7559 -0.8394 1.2598, 0.7735 -0.8417 1.2598, 0.7912 -0.8394 1.2598, 0.8076 -0.8326 1.2598, 0.8218 -0.8218 1.2598, 0.8326 -0.8076 1.2598, 0.8394 -0.7912 1.2598, 0.8417 -0.7735 1.2598, 0.847 -0.7538 1.2409, 0.8394 -0.7355 1.2409, 0.8273 -0.7198 1.2409, 0.8116 -0.7077 1.2409, 0.7932 -0.7001 1.2409, 0.7735 -0.6975 1.2409, 0.7538 -0.7001 1.2409, 0.7355 -0.7077 1.2409, 0.7198 -0.7198 1.2409, 0.7077 -0.7355 1.2409, 0.7001 -0.7538 1.2409, 0.6975 -0.7735 1.2409, 0.7001 -0.7932 1.2409, 0.7077 -0.8116 1.2409, 0.7198 -0.8273 1.2409, 0.7355 -0.8394 1.2409, 0.7538 -0.847 1.2409, 0.7735 -0.8496 1.2409, 0.7932 -0.847 1.2409, 0.8116 -0.8394 1.2409, 0.8273 -0.8273 1.2409, 0.8394 -0.8116 1.2409, 0.847 -0.7932 1.2409, 0.8496 -0.7735 1.2409, 0.7735 0.7735 1.2992, 0.7932 0.7788 1.2965, 0.7912 0.7837 1.2965, 0.7939 0.7735 1.2965, 0.7837 0.7912 1.2965, 0.7788 0.7932 1.2965, 0.7879 0.7879 1.2965, 0.7683 0.7932 1.2965, 0.7633 0.7912 1.2965, 0.7735 0.7939 1.2965, 0.7559 0.7837 1.2965, 0.7538 0.7788 1.2965, 0.7591 0.7879 1.2965, 0.7538 0.7683 1.2965, 0.7559 0.7633 1.2965, 0.7532 0.7735 1.2965, 0.7633 0.7559 1.2965, 0.7683 0.7538 1.2965, 0.7591 0.7591 1.2965, 0.7788 0.7538 1.2965, 0.7837 0.7559 1.2965, 0.7735 0.7532 1.2965, 0.7912 0.7633 1.2965, 0.7932 0.7683 1.2965, 0.7879 0.7591 1.2965, 0.8116 0.7837 1.2887, 0.8076 0.7932 1.2887, 0.8014 0.8014 1.2887, 0.7932 0.8076 1.2887, 0.7837 0.8116 1.2887, 0.7735 0.8129 1.2887, 0.7633 0.8116 1.2887, 0.7538 0.8076 1.2887, 0.7457 0.8014 1.2887, 0.7394 0.7932 1.2887, 0.7355 0.7837 1.2887, 0.7342 0.7735 1.2887, 0.7355 0.7633 1.2887, 0.7394 0.7538 1.2887, 0.7457 0.7457 1.2887, 0.7538 0.7394 1.2887, 0.7633 0.7355 1.2887, 0.7735 0.7342 1.2887, 0.7837 0.7355 1.2887, 0.7932 0.7394 1.2887, 0.8014 0.7457 1.2887, 0.8076 0.7538 1.2887, 0.8116 0.7633 1.2887, 0.8129 0.7735 1.2887, 0.8273 0.7879 1.2762, 0.8218 0.8014 1.2762, 0.8129 0.8129 1.2762, 0.8014 0.8218 1.2762, 0.7879 0.8273 1.2762, 0.7735 0.8292 1.2762, 0.7591 0.8273 1.2762, 0.7457 0.8218 1.2762, 0.7342 0.8129 1.2762, 0.7253 0.8014 1.2762, 0.7198 0.7879 1.2762, 0.7179 0.7735 1.2762, 0.7198 0.7591 1.2762, 0.7253 0.7457 1.2762, 0.7342 0.7342 1.2762, 0.7457 0.7253 1.2762, 0.7591 0.7198 1.2762, 0.7735 0.7179 1.2762, 0.7879 0.7198 1.2762, 0.8014 0.7253 1.2762, 0.8129 0.7342 1.2762, 0.8218 0.7457 1.2762, 0.8273 0.7591 1.2762, 0.8292 0.7735 1.2762, 0.8394 0.7912 1.2598, 0.8326 0.8076 1.2598, 0.8218 0.8218 1.2598, 0.8076 0.8326 1.2598, 0.7912 0.8394 1.2598, 0.7735 0.8417 1.2598, 0.7559 0.8394 1.2598, 0.7394 0.8326 1.2598, 0.7253 0.8218 1.2598, 0.7145 0.8076 1.2598, 0.7077 0.7912 1.2598, 0.7053 0.7735 1.2598, 0.7077 0.7559 1.2598, 0.7145 0.7394 1.2598, 0.7253 0.7253 1.2598, 0.7394 0.7145 1.2598, 0.7559 0.7077 1.2598, 0.7735 0.7053 1.2598, 0.7912 0.7077 1.2598, 0.8076 0.7145 1.2598, 0.8218 0.7253 1.2598, 0.8326 0.7394 1.2598, 0.8394 0.7559 1.2598, 0.8417 0.7735 1.2598, 0.847 0.7932 1.2409, 0.8394 0.8116 1.2409, 0.8273 0.8273 1.2409, 0.8116 0.8394 1.2409, 0.7932 0.847 1.2409, 0.7735 0.8496 1.2409, 0.7538 0.847 1.2409, 0.7355 0.8394 1.2409, 0.7198 0.8273 1.2409, 0.7077 0.8116 1.2409, 0.7001 0.7932 1.2409, 0.6975 0.7735 1.2409, 0.7001 0.7538 1.2409, 0.7077 0.7355 1.2409, 0.7198 0.7198 1.2409, 0.7355 0.7077 1.2409, 0.7538 0.7001 1.2409, 0.7735 0.6975 1.2409, 0.7932 0.7001 1.2409, 0.8116 0.7077 1.2409, 0.8273 0.7198 1.2409, 0.8394 0.7355 1.2409, 0.847 0.7538 1.2409, 0.8496 0.7735 1.2409, -0.7735 0.7735 1.2992, -0.7538 0.7788 1.2965, -0.7559 0.7837 1.2965, -0.7532 0.7735 1.2965, -0.7633 0.7912 1.2965, -0.7683 0.7932 1.2965, -0.7591 0.7879 1.2965, -0.7788 0.7932 1.2965, -0.7837 0.7912 1.2965, -0.7735 0.7939 1.2965, -0.7912 0.7837 1.2965, -0.7932 0.7788 1.2965, -0.7879 0.7879 1.2965, -0.7932 0.7683 1.2965, -0.7912 0.7633 1.2965, -0.7939 0.7735 1.2965, -0.7837 0.7559 1.2965, -0.7788 0.7538 1.2965, -0.7879 0.7591 1.2965, -0.7683 0.7538 1.2965, -0.7633 0.7559 1.2965, -0.7735 0.7532 1.2965, -0.7559 0.7633 1.2965, -0.7538 0.7683 1.2965, -0.7591 0.7591 1.2965, -0.7355 0.7837 1.2887, -0.7394 0.7932 1.2887, -0.7457 0.8014 1.2887, -0.7538 0.8076 1.2887, -0.7633 0.8116 1.2887, -0.7735 0.8129 1.2887, -0.7837 0.8116 1.2887, -0.7932 0.8076 1.2887, -0.8014 0.8014 1.2887, -0.8076 0.7932 1.2887, -0.8116 0.7837 1.2887, -0.8129 0.7735 1.2887, -0.8116 0.7633 1.2887, -0.8076 0.7538 1.2887, -0.8014 0.7457 1.2887, -0.7932 0.7394 1.2887, -0.7837 0.7355 1.2887, -0.7735 0.7342 1.2887, -0.7633 0.7355 1.2887, -0.7538 0.7394 1.2887, -0.7457 0.7457 1.2887, -0.7394 0.7538 1.2887, -0.7355 0.7633 1.2887, -0.7342 0.7735 1.2887, -0.7198 0.7879 1.2762, -0.7253 0.8014 1.2762, -0.7342 0.8129 1.2762, -0.7457 0.8218 1.2762, -0.7591 0.8273 1.2762, -0.7735 0.8292 1.2762, -0.7879 0.8273 1.2762, -0.8014 0.8218 1.2762, -0.8129 0.8129 1.2762, -0.8218 0.8014 1.2762, -0.8273 0.7879 1.2762, -0.8292 0.7735 1.2762, -0.8273 0.7591 1.2762, -0.8218 0.7457 1.2762, -0.8129 0.7342 1.2762, -0.8014 0.7253 1.2762, -0.7879 0.7198 1.2762, -0.7735 0.7179 1.2762, -0.7591 0.7198 1.2762, -0.7457 0.7253 1.2762, -0.7342 0.7342 1.2762, -0.7253 0.7457 1.2762, -0.7198 0.7591 1.2762, -0.7179 0.7735 1.2762, -0.7077 0.7912 1.2598, -0.7145 0.8076 1.2598, -0.7253 0.8218 1.2598, -0.7394 0.8326 1.2598, -0.7559 0.8394 1.2598, -0.7735 0.8417 1.2598, -0.7912 0.8394 1.2598, -0.8076 0.8326 1.2598, -0.8218 0.8218 1.2598, -0.8326 0.8076 1.2598, -0.8394 0.7912 1.2598, -0.8417 0.7735 1.2598, -0.8394 0.7559 1.2598, -0.8326 0.7394 1.2598, -0.8218 0.7253 1.2598, -0.8076 0.7145 1.2598, -0.7912 0.7077 1.2598, -0.7735 0.7053 1.2598, -0.7559 0.7077 1.2598, -0.7394 0.7145 1.2598, -0.7253 0.7253 1.2598, -0.7145 0.7394 1.2598, -0.7077 0.7559 1.2598, -0.7053 0.7735 1.2598, -0.7001 0.7932 1.2409, -0.7077 0.8116 1.2409, -0.7198 0.8273 1.2409, -0.7355 0.8394 1.2409, -0.7538 0.847 1.2409, -0.7735 0.8496 1.2409, -0.7932 0.847 1.2409, -0.8116 0.8394 1.2409, -0.8273 0.8273 1.2409, -0.8394 0.8116 1.2409, -0.847 0.7932 1.2409, -0.8496 0.7735 1.2409, -0.847 0.7538 1.2409, -0.8394 0.7355 1.2409, -0.8273 0.7198 1.2409, -0.8116 0.7077 1.2409, -0.7932 0.7001 1.2409, -0.7735 0.6975 1.2409, -0.7538 0.7001 1.2409, -0.7355 0.7077 1.2409, -0.7198 0.7198 1.2409, -0.7077 0.7355 1.2409, -0.7001 0.7538 1.2409, -0.6975 0.7735 1.2409, -0.8858 -0.2953 0.0394, -0.8858 -0.7283 0.0695, -0.8858 -0.4528 0.0695, -0.8858 0.8819 0.0, -0.8858 0.7283 0.1876, -0.8858 0.8819 1.0984, -0.8858 0.4528 0.1876, -0.8858 -0.2953 0.0, -0.8858 -0.8819 0.0, -0.8858 -0.7283 0.1876, -0.8858 -0.8819 1.0984, -0.8858 -0.4528 0.1876, -0.8858 0.2953 0.0394, -0.8858 0.2953 0.0, -0.8858 0.4528 0.0695, -0.8858 0.7283 0.0695, 0.8858 -0.8819 0.0, 0.8858 -0.7283 0.0695, 0.8858 -0.7283 0.1876, 0.8858 -0.4528 0.1876, 0.8858 0.8819 1.0984, 0.8858 -0.8819 1.0984, 0.8858 -0.4528 0.0695, 0.8858 -0.2953 0.0, 0.8858 -0.2953 0.0394, 0.8858 0.2953 0.0394, 0.8858 0.4528 0.1876, 0.8858 0.7283 0.1876, 0.8858 0.8819 0.0, 0.8858 0.7283 0.0695, 0.8858 0.2953 0.0, 0.8858 0.4528 0.0695, -0.0689 -0.7295 0.0, -0.0692 -0.7292 0.0, -0.047 -0.2953 0.0, -0.4424 -0.7087 0.0, -0.443 -0.7097 0.0, -0.068 -0.4098 0.0, -0.0685 -0.4088 0.0, -0.2025 -0.7277 0.0, -0.1929 -0.7357 0.0, -0.2807 -0.7579 0.0, -0.1821 -0.7409 0.0, -0.1567 -0.7458 0.0, -0.2121 -0.7153 0.0, -0.2771 -0.7144 0.0, -0.2268 -0.6851 0.0, -0.2783 -0.711 0.0, -0.2793 -0.709 0.0, -0.4169 -0.6269 0.0, -0.4236 -0.6552 0.0, -0.8858 -0.7579 0.0, -0.4433 -0.7105 0.0, -0.4434 -0.7118 0.0, -0.4429 -0.7176 0.0, -0.4427 -0.7199 0.0, -0.4424 -0.726 0.0, -0.4401 -0.7515 0.0, -0.4393 -0.7579 0.0, -0.0905 -0.7288 0.0, -0.0905 -0.4321 0.0, -0.0736 -0.7288 0.0, -0.0713 -0.7286 0.0, -0.1601 -0.3964 0.0, -0.1777 -0.3976 0.0, -0.0682 -0.7322 0.0, -0.0681 -0.7317 0.0, -0.047 -0.7579 0.0, -0.0682 -0.7312 0.0, -0.0687 -0.73 0.0, -0.0691 -0.4161 0.0, -0.0682 -0.4146 0.0, -0.0677 -0.4129 0.0, -0.0677 -0.4113 0.0, -0.0695 -0.729 0.0, -0.07 -0.7288 0.0, -0.0702 -0.7287 0.0, -0.1476 -0.3975 0.0, -0.3619 -0.384 0.0, -0.354 -0.384 0.0, -0.1909 -0.4009 0.0, -0.2007 -0.406 0.0, -0.2093 -0.4133 0.0, -0.2182 -0.4256 0.0, -0.2804 -0.7543 0.0, -0.2776 -0.7306 0.0, -0.2768 -0.7196 0.0, -0.1381 -0.7481 0.0, -0.1132 -0.751 0.0, -0.1039 -0.7534 0.0, -0.2265 -0.4455 0.0, -0.2346 -0.4906 0.0, -0.2957 -0.6541 0.0, -0.4267 -0.6686 0.0, -0.4304 -0.6818 0.0, -0.4344 -0.6926 0.0, -0.438 -0.7027 0.0, -0.4404 -0.7063 0.0, -0.0694 -0.7346 0.0, -0.0688 -0.7336 0.0, -0.0684 -0.7329 0.0, -0.2821 -0.7039 0.0, -0.2895 -0.6792 0.0, -0.2356 -0.6424 0.0, -0.2389 -0.5924 0.0, -0.0831 -0.4281 0.0, -0.073 -0.4197 0.0, -0.0706 -0.4178 0.0, -0.0867 -0.4303 0.0, -0.1018 -0.4072 0.0, -0.1138 -0.4061 0.0, -0.1352 -0.3999 0.0, -0.0693 -0.4079 0.0, -0.0701 -0.4072 0.0, -0.0804 -0.4089 0.0, -0.0917 -0.7568 0.0, -0.0838 -0.7501 0.0, -0.0786 -0.7447 0.0, -0.0922 -0.4089 0.0, -0.097 -0.408 0.0, -0.0718 -0.7374 0.0, -0.0704 -0.7358 0.0, -0.0956 -0.7583 0.0, -0.0943 -0.7582 0.0, -0.047 -0.8819 0.0, -0.0936 -0.758 0.0, -0.0935 -0.7579 0.0, -0.4347 -0.7699 0.0, -0.4342 -0.7695 0.0, -0.2838 -0.7711 0.0, -0.2836 -0.771 0.0, -0.2829 -0.7704 0.0, -0.2823 -0.7693 0.0, -0.0965 -0.7579 0.0, -0.2819 -0.768 0.0, -0.4373 -0.7696 0.0, -0.4369 -0.7699 0.0, -0.4352 -0.7701 0.0, -0.0961 -0.7581 0.0, -0.2833 -0.7708 0.0, -0.098 -0.757 0.0, -0.2812 -0.762 0.0, -0.4381 -0.7677 0.0, -0.4378 -0.7686 0.0, -0.4376 -0.7692 0.0, -0.4365 -0.7702 0.0, -0.4361 -0.7703 0.0, -0.4356 -0.7702 0.0, -0.4337 -0.7688 0.0, -0.4331 -0.7674 0.0, -0.2902 -0.7579 0.0, -0.4327 -0.7662 0.0, -0.4313 -0.7579 0.0, -0.2857 -0.7705 0.0, -0.2851 -0.7709 0.0, -0.2846 -0.7711 0.0, -0.2842 -0.7712 0.0, -0.2875 -0.7676 0.0, -0.2869 -0.769 0.0, -0.2863 -0.7699 0.0, -0.4389 -0.7611 0.0, -0.4387 -0.7641 0.0, -0.4384 -0.7662 0.0, -0.2883 -0.7656 0.0, -0.3954 -0.606 0.0, -0.3184 -0.6246 0.0, -0.4288 -0.7436 0.0, -0.3002 -0.709 0.0, -0.2917 -0.752 0.0, 0.5009 -0.3806 0.0, 0.497 -0.376 0.0, 0.2193 -0.4019 0.0, 0.1918 -0.397 0.0, 0.232 -0.3951 0.0, 0.2484 -0.3908 0.0, 0.2071 -0.413 0.0, 0.2008 -0.4213 0.0, 0.1958 -0.4304 0.0, 0.1268 -0.4138 0.0, 0.1274 -0.4116 0.0, 0.1833 -0.397 0.0, 0.2602 -0.3914 0.0, 0.2513 -0.3907 0.0, 0.4721 -0.4072 0.0, 0.1275 -0.41 0.0, 0.1275 -0.4089 0.0, 0.1276 -0.4077 0.0, 0.1748 -0.6178 0.0, 0.1185 -0.7509 0.0, 0.1189 -0.7487 0.0, 0.1275 -0.4073 0.0, 0.1273 -0.407 0.0, 0.1269 -0.4066 0.0, 0.0971 -0.5556 0.0, 0.0495 -0.5494 0.0, 0.0971 -0.431 0.0, 0.0299 -0.5454 0.0, 0.0065 -0.5346 0.0, -0.01 -0.4146 0.0, -0.0009 -0.4157 0.0, 0.1245 -0.4058 0.0, 0.1256 -0.4059 0.0, 0.1264 -0.4062 0.0, 0.1839 -0.6173 0.0, 0.3154 -0.5869 0.0, 0.1867 -0.6473 0.0, 0.3147 -0.6015 0.0, 0.1903 -0.6712 0.0, 0.3042 -0.6691 0.0, 0.295 -0.6994 0.0, 0.0173 -0.5409 0.0, 0.0116 -0.5375 0.0, 0.0258 -0.4191 0.0, 0.0124 -0.4175 0.0, -0.0125 -0.5562 0.0, -0.0126 -0.4141 0.0, -0.0124 -0.5552 0.0, -0.0115 -0.4144 0.0, -0.0119 -0.5539 0.0, -0.0112 -0.5526 0.0, 0.4805 -0.7317 0.0, 0.4369 -0.7281 0.0, 0.4805 -0.4429 0.0, 0.4162 -0.7248 0.0, 0.1833 -0.5482 0.0, 0.194 -0.5482 0.0, 0.3125 -0.5102 0.0, 0.1962 -0.4866 0.0, 0.3077 -0.4823 0.0, 0.2033 -0.45 0.0, 0.2118 -0.4308 0.0, 0.1186 -0.7442 0.0, 0.1186 -0.7442 0.0, 0.115 -0.7299 0.0, 0.1135 -0.7152 0.0, 0.1226 -0.4061 0.0, 0.1118 -0.4078 0.0, 0.1022 -0.4089 0.0, 0.2846 -0.7172 0.0, 0.2781 -0.7249 0.0, 0.2699 -0.732 0.0, 0.2484 -0.7385 0.0, 0.1982 -0.7037 0.0, 0.2054 -0.7172 0.0, -0.0149 -0.4113 0.0, -0.0147 -0.4121 0.0, -0.0099 -0.5602 0.0, -0.0082 -0.7084 0.0, -0.0106 -0.5598 0.0, -0.0114 -0.559 0.0, 0.2721 -0.7511 0.0, 0.373 -0.7401 0.0, 0.2568 -0.7563 0.0, 0.3736 -0.7414 0.0, 0.3741 -0.742 0.0, 0.2848 -0.429 0.0, 0.2946 -0.4445 0.0, 0.2266 -0.4154 0.0, 0.2185 -0.4219 0.0, 0.2627 -0.7359 0.0, 0.255 -0.7379 0.0, 0.2356 -0.7374 0.0, 0.2233 -0.7329 0.0, 0.2134 -0.7261 0.0, -0.0124 -0.5572 0.0, -0.012 -0.5581 0.0, 0.0971 -0.5754 0.0, 0.0971 -0.7288 0.0, 0.0127 -0.717 0.0, -0.01 -0.551 0.0, 0.4088 -0.723 0.0, 0.4044 -0.7208 0.0, 0.3987 -0.7158 0.0, 0.2939 -0.4139 0.0, 0.2796 -0.4011 0.0, 0.2682 -0.3941 0.0, 0.3054 -0.7138 0.0, 0.321 -0.668 0.0, 0.3749 -0.7341 0.0, 0.4953 -0.4411 0.0, 0.4957 -0.4135 0.0, 0.4998 -0.3863 0.0, 0.2439 -0.4094 0.0, 0.2557 -0.4102 0.0, 0.2344 -0.4116 0.0, 0.2658 -0.4136 0.0, 0.2754 -0.4196 0.0, 0.1135 -0.7045 0.0, 0.1132 -0.6974 0.0, 0.1129 -0.6903 0.0, 0.0925 -0.4089 0.0, 0.0909 -0.4089 0.0, 0.0798 -0.4087 0.0, 0.0688 -0.4072 0.0, 0.0466 -0.4032 0.0, 0.0271 -0.3993 0.0, 0.0036 -0.3885 0.0, -0.0127 -0.4055 0.0, -0.0138 -0.4074 0.0, -0.0145 -0.4087 0.0, -0.0142 -0.4128 0.0, -0.0136 -0.4135 0.0, -0.0088 -0.5605 0.0, -0.0071 -0.5607 0.0, -0.0032 -0.7113 0.0, 0.0045 -0.7149 0.0, 0.4781 -0.4198 0.0, 0.3175 -0.463 0.0, 0.3049 -0.4306 0.0, 0.3768 -0.7321 0.0, 0.3281 -0.6223 0.0, 0.3309 -0.5513 0.0, 0.3962 -0.7147 0.0, 0.3277 -0.5136 0.0, 0.2836 -0.744 0.0, 0.2932 -0.7339 0.0, 0.3733 -0.7381 0.0, 0.374 -0.7356 0.0, -0.0251 -0.7341 0.0, -0.0247 -0.7344 0.0, 0.8858 -0.7579 0.0, 0.496 -0.754 0.0, 0.4965 -0.7535 0.0, 0.1255 -0.4164 0.0, 0.1232 -0.4194 0.0, 0.1196 -0.424 0.0, 0.1135 -0.431 0.0, 0.0115 -0.3936 0.0, 0.0087 -0.3919 0.0, -0.0149 -0.4097 0.0, -0.015 -0.4106 0.0, 0.4804 -0.4359 0.0, 0.493 -0.7546 0.0, 0.4944 -0.7546 0.0, 0.4953 -0.7544 0.0, 0.4972 -0.7526 0.0, 0.498 -0.7511 0.0, 0.4983 -0.7497 0.0, 0.4982 -0.7464 0.0, 0.4953 -0.696 0.0, 0.4965 -0.7303 0.0, 0.4964 -0.7294 0.0, 0.476 -0.7526 0.0, 0.4891 -0.7537 0.0, 0.2027 -0.7398 0.0, 0.1169 -0.7536 0.0, 0.1177 -0.7525 0.0, 0.114 -0.7552 0.0, 0.1155 -0.7546 0.0, 0.2264 -0.7546 0.0, 0.2134 -0.7485 0.0, 0.2405 -0.7572 0.0, 0.383 -0.7264 0.0, 0.375 -0.7425 0.0, 0.3765 -0.7431 0.0, 0.3776 -0.7433 0.0, 0.4193 -0.7476 0.0, 0.4095 -0.7465 0.0, 0.386 -0.7433 0.0, -0.0241 -0.726 0.0, -0.0256 -0.7281 0.0, -0.0262 -0.7293 0.0, -0.0264 -0.7305 0.0, -0.0263 -0.7315 0.0, -0.026 -0.7326 0.0, -0.0254 -0.7337 0.0, 0.1774 -0.6686 0.0, 0.185 -0.7092 0.0, 0.1935 -0.7274 0.0, 0.112 -0.7555 0.0, 0.1093 -0.7553 0.0, 0.4523 -0.7504 0.0, -0.024 -0.7347 0.0, -0.0222 -0.735 0.0, -0.0207 -0.7351 0.0, 0.0733 -0.7475 0.0, 0.0993 -0.752 0.0, 0.1055 -0.7543 0.0, -0.0122 -0.7356 0.0, 0.0306 -0.7409 0.0, -0.4288 -0.7436 0.0394, -0.3954 -0.606 0.0394, -0.3184 -0.6246 0.0394
            ]
        }
        coordIndex [
            0,1,2,-1,3,4,5,-1,5,4,6,-1,5,6,2,-1,2,6,7,-1,2,7,0,-1,3,5,8,-1,8,5,9,-1,8,9,10,-1,10,9,11,-1,11,9,12,-1,11,12,13,-1,14,15,16,-1,16,15,17,-1,16,17,12,-1,12,17,18,-1,12,18,13,-1,19,20,21,-1,21,20,22,-1,21,22,16,-1,16,22,23,-1,16,23,14,-1,24,25,19,-1,19,25,26,-1,19,26,20,-1,27,28,29,-1,29,28,30,-1,29,30,24,-1,24,30,31,-1,24,31,25,-1,27,29,32,-1,32,29,33,-1,32,33,34,-1,34,33,35,-1,35,33,36,-1,35,36,37,-1,38,39,36,-1,36,39,40,-1,36,40,37,-1,41,42,43,-1,43,42,44,-1,43,44,38,-1,38,44,45,-1,38,45,39,-1,41,43,46,-1,46,43,47,-1,46,47,48,-1,48,47,49,-1,49,47,50,-1,49,50,51,-1,51,50,52,-1,52,50,53,-1,52,53,54,-1,55,56,53,-1,53,56,57,-1,53,57,54,-1,58,59,60,-1,60,59,61,-1,60,61,55,-1,55,61,62,-1,55,62,56,-1,58,60,63,-1,63,60,64,-1,63,64,65,-1,65,64,66,-1,65,66,67,-1,67,66,68,-1,67,68,69,-1,70,71,72,-1,72,71,73,-1,72,73,68,-1,68,73,74,-1,68,74,69,-1,75,76,77,-1,77,76,78,-1,77,78,72,-1,72,78,79,-1,72,79,70,-1,80,81,75,-1,75,81,82,-1,75,82,76,-1,83,84,85,-1,85,84,86,-1,85,86,80,-1,80,86,87,-1,80,87,81,-1,83,85,88,-1,88,85,89,-1,88,89,90,-1,90,89,91,-1,91,89,92,-1,91,92,93,-1,94,95,96,-1,96,95,97,-1,96,97,92,-1,92,97,98,-1,92,98,93,-1,99,100,101,-1,101,100,102,-1,101,102,96,-1,96,102,103,-1,96,103,94,-1,104,105,99,-1,99,105,106,-1,99,106,100,-1,107,108,109,-1,109,108,110,-1,109,110,104,-1,104,110,111,-1,104,111,105,-1,107,109,112,-1,112,109,113,-1,112,113,114,-1,114,113,115,-1,115,113,116,-1,115,116,117,-1,118,119,120,-1,120,119,121,-1,120,121,116,-1,116,121,122,-1,116,122,117,-1,0,123,1,-1,1,123,124,-1,1,124,125,-1,125,124,126,-1,125,126,120,-1,120,126,127,-1,120,127,118,-1,128,129,130,-1,128,130,131,-1,132,133,130,-1,130,133,134,-1,130,134,131,-1,135,136,130,-1,130,136,137,-1,130,137,132,-1,138,139,130,-1,130,139,140,-1,130,140,135,-1,141,142,130,-1,130,142,143,-1,130,143,138,-1,144,145,130,-1,130,145,146,-1,130,146,141,-1,147,148,130,-1,130,148,149,-1,130,149,144,-1,150,151,130,-1,130,151,152,-1,130,152,147,-1,153,154,130,-1,130,154,155,-1,130,155,150,-1,156,157,130,-1,130,157,158,-1,130,158,153,-1,159,160,130,-1,130,160,161,-1,130,161,156,-1,162,163,130,-1,130,163,164,-1,130,164,159,-1,165,166,130,-1,130,166,167,-1,130,167,162,-1,168,169,130,-1,130,169,170,-1,130,170,165,-1,171,172,130,-1,130,172,173,-1,130,173,168,-1,174,175,130,-1,130,175,176,-1,130,176,171,-1,177,178,130,-1,130,178,179,-1,130,179,174,-1,129,180,130,-1,130,180,181,-1,130,181,177,-1,182,183,184,-1,184,183,185,-1,184,185,186,-1,186,185,187,-1,186,187,188,-1,188,187,189,-1,188,189,190,-1,190,189,191,-1,190,191,192,-1,192,191,193,-1,192,193,194,-1,194,193,195,-1,194,195,196,-1,196,195,197,-1,196,197,198,-1,198,197,199,-1,198,199,200,-1,200,199,201,-1,200,201,202,-1,202,201,203,-1,202,203,204,-1,204,203,205,-1,204,205,206,-1,206,205,207,-1,206,207,208,-1,208,207,209,-1,208,209,210,-1,210,209,211,-1,210,211,212,-1,212,211,213,-1,212,213,214,-1,214,213,215,-1,214,215,216,-1,216,215,217,-1,216,217,218,-1,218,217,219,-1,218,219,220,-1,220,219,221,-1,220,221,222,-1,222,221,223,-1,222,223,224,-1,224,223,225,-1,224,225,226,-1,226,225,227,-1,226,227,228,-1,228,227,229,-1,228,229,182,-1,182,229,183,-1,230,231,232,-1,232,231,233,-1,232,233,234,-1,234,233,235,-1,234,235,236,-1,236,235,237,-1,236,237,238,-1,238,237,239,-1,238,239,240,-1,240,239,241,-1,240,241,242,-1,242,241,243,-1,242,243,244,-1,244,243,245,-1,244,245,246,-1,246,245,247,-1,246,247,248,-1,248,247,249,-1,248,249,250,-1,250,249,251,-1,250,251,252,-1,252,251,253,-1,252,253,254,-1,254,253,255,-1,254,255,256,-1,256,255,257,-1,256,257,258,-1,258,257,259,-1,258,259,260,-1,260,259,261,-1,260,261,262,-1,262,261,263,-1,262,263,264,-1,264,263,265,-1,264,265,266,-1,266,265,267,-1,266,267,268,-1,268,267,269,-1,268,269,270,-1,270,269,271,-1,270,271,272,-1,272,271,273,-1,272,273,274,-1,274,273,275,-1,274,275,276,-1,276,275,277,-1,276,277,230,-1,230,277,231,-1,278,279,280,-1,280,279,281,-1,280,281,282,-1,282,281,283,-1,282,283,284,-1,284,283,285,-1,284,285,286,-1,286,285,287,-1,286,287,288,-1,288,287,289,-1,288,289,290,-1,290,289,291,-1,290,291,292,-1,292,291,293,-1,292,293,294,-1,294,293,295,-1,294,295,296,-1,296,295,297,-1,296,297,298,-1,298,297,299,-1,298,299,300,-1,300,299,301,-1,300,301,302,-1,302,301,303,-1,302,303,304,-1,304,303,305,-1,304,305,306,-1,306,305,307,-1,306,307,308,-1,308,307,309,-1,308,309,310,-1,310,309,311,-1,310,311,312,-1,312,311,313,-1,312,313,314,-1,314,313,315,-1,314,315,316,-1,316,315,317,-1,316,317,318,-1,318,317,319,-1,318,319,320,-1,320,319,321,-1,320,321,322,-1,322,321,323,-1,322,323,324,-1,324,323,325,-1,324,325,278,-1,278,325,279,-1,326,327,328,-1,328,327,329,-1,328,329,330,-1,330,329,331,-1,330,331,332,-1,332,331,333,-1,332,333,334,-1,334,333,335,-1,334,335,336,-1,336,335,337,-1,336,337,338,-1,338,337,339,-1,338,339,340,-1,340,339,341,-1,340,341,342,-1,342,341,343,-1,342,343,344,-1,344,343,345,-1,344,345,346,-1,346,345,347,-1,346,347,348,-1,348,347,349,-1,348,349,350,-1,350,349,351,-1,350,351,352,-1,352,351,353,-1,352,353,354,-1,354,353,355,-1,354,355,356,-1,356,355,357,-1,356,357,358,-1,358,357,359,-1,358,359,360,-1,360,359,361,-1,360,361,362,-1,362,361,363,-1,362,363,364,-1,364,363,365,-1,364,365,366,-1,366,365,367,-1,366,367,368,-1,368,367,369,-1,368,369,370,-1,370,369,371,-1,370,371,372,-1,372,371,373,-1,372,373,326,-1,326,373,327,-1,65,67,374,-1,74,73,375,-1,78,76,376,-1,82,81,377,-1,87,86,378,-1,83,88,379,-1,98,97,380,-1,102,100,381,-1,106,105,382,-1,111,110,383,-1,107,112,384,-1,122,121,385,-1,126,124,386,-1,7,6,387,-1,3,8,388,-1,10,11,389,-1,18,17,390,-1,22,20,391,-1,31,30,392,-1,27,32,393,-1,34,35,394,-1,40,39,395,-1,41,46,396,-1,51,52,397,-1,57,56,398,-1,399,133,132,-1,134,133,400,-1,400,133,399,-1,400,399,401,-1,131,134,402,-1,402,134,400,-1,402,400,403,-1,403,400,401,-1,403,401,404,-1,128,131,405,-1,405,131,402,-1,405,402,406,-1,406,402,403,-1,406,403,407,-1,407,403,404,-1,407,404,408,-1,129,128,409,-1,409,128,405,-1,409,405,410,-1,410,405,406,-1,410,406,411,-1,411,406,407,-1,411,407,412,-1,412,407,408,-1,412,408,374,-1,413,414,415,-1,416,414,417,-1,417,414,413,-1,417,413,418,-1,136,135,419,-1,419,135,420,-1,419,420,421,-1,421,420,422,-1,421,422,423,-1,423,422,424,-1,423,424,425,-1,425,424,426,-1,425,426,427,-1,427,426,396,-1,139,138,428,-1,428,138,429,-1,428,429,430,-1,430,429,431,-1,430,431,432,-1,432,431,433,-1,432,433,434,-1,434,433,435,-1,434,435,436,-1,436,435,395,-1,144,149,437,-1,437,149,438,-1,437,438,439,-1,439,438,440,-1,439,440,441,-1,441,440,442,-1,441,442,443,-1,443,442,444,-1,443,444,445,-1,445,444,391,-1,147,152,446,-1,446,152,447,-1,446,447,448,-1,448,447,449,-1,448,449,450,-1,450,449,451,-1,450,451,452,-1,452,451,453,-1,452,453,454,-1,454,453,390,-1,158,157,455,-1,455,157,456,-1,455,456,457,-1,457,456,458,-1,457,458,459,-1,459,458,460,-1,459,460,461,-1,461,460,462,-1,461,462,463,-1,463,462,386,-1,161,160,464,-1,464,160,465,-1,464,465,466,-1,466,465,467,-1,466,467,468,-1,468,467,469,-1,468,469,470,-1,470,469,471,-1,470,471,472,-1,472,471,385,-1,164,163,473,-1,473,163,474,-1,473,474,475,-1,475,474,476,-1,475,476,477,-1,477,476,478,-1,477,478,479,-1,479,478,480,-1,479,480,481,-1,481,480,384,-1,169,168,482,-1,482,168,483,-1,482,483,484,-1,484,483,485,-1,484,485,486,-1,486,485,487,-1,486,487,488,-1,488,487,489,-1,488,489,490,-1,490,489,380,-1,172,171,491,-1,491,171,492,-1,491,492,493,-1,493,492,494,-1,493,494,495,-1,495,494,496,-1,495,496,497,-1,497,496,498,-1,497,498,499,-1,499,498,379,-1,177,181,500,-1,500,181,501,-1,500,501,502,-1,502,501,503,-1,502,503,504,-1,504,503,505,-1,504,505,506,-1,506,505,507,-1,506,507,508,-1,508,507,375,-1,62,61,416,-1,416,61,59,-1,416,59,414,-1,414,59,58,-1,414,58,415,-1,415,58,63,-1,56,62,398,-1,398,62,416,-1,398,416,509,-1,509,416,417,-1,509,417,510,-1,510,417,418,-1,510,418,511,-1,54,57,512,-1,512,57,398,-1,512,398,513,-1,513,398,509,-1,513,509,514,-1,514,509,510,-1,514,510,515,-1,515,510,511,-1,515,511,516,-1,132,137,516,-1,516,137,517,-1,516,517,515,-1,515,517,518,-1,515,518,514,-1,514,518,519,-1,514,519,513,-1,513,519,520,-1,513,520,512,-1,512,520,397,-1,512,397,54,-1,54,397,52,-1,49,51,427,-1,427,51,397,-1,427,397,425,-1,425,397,520,-1,425,520,423,-1,423,520,519,-1,423,519,421,-1,421,519,518,-1,421,518,419,-1,419,518,517,-1,419,517,136,-1,136,517,137,-1,396,46,427,-1,427,46,48,-1,427,48,49,-1,42,41,521,-1,521,41,396,-1,521,396,522,-1,522,396,426,-1,522,426,523,-1,523,426,424,-1,523,424,524,-1,524,424,422,-1,524,422,525,-1,525,422,420,-1,525,420,140,-1,140,420,135,-1,140,139,525,-1,525,139,428,-1,525,428,524,-1,524,428,430,-1,524,430,523,-1,523,430,432,-1,523,432,522,-1,522,432,434,-1,522,434,521,-1,521,434,436,-1,521,436,42,-1,42,436,44,-1,395,39,436,-1,436,39,45,-1,436,45,44,-1,37,40,526,-1,526,40,395,-1,526,395,527,-1,527,395,435,-1,527,435,528,-1,528,435,433,-1,528,433,529,-1,529,433,431,-1,529,431,530,-1,530,431,429,-1,530,429,143,-1,143,429,138,-1,143,142,530,-1,530,142,531,-1,530,531,529,-1,529,531,532,-1,529,532,528,-1,528,532,533,-1,528,533,527,-1,527,533,534,-1,527,534,526,-1,526,534,394,-1,526,394,37,-1,37,394,35,-1,32,34,393,-1,393,34,394,-1,393,394,535,-1,535,394,534,-1,535,534,536,-1,536,534,533,-1,536,533,537,-1,537,533,532,-1,537,532,538,-1,538,532,531,-1,538,531,141,-1,141,531,142,-1,28,27,539,-1,539,27,393,-1,539,393,540,-1,540,393,535,-1,540,535,541,-1,541,535,536,-1,541,536,542,-1,542,536,537,-1,542,537,543,-1,543,537,538,-1,543,538,146,-1,146,538,141,-1,146,145,543,-1,543,145,544,-1,543,544,542,-1,542,544,545,-1,542,545,541,-1,541,545,546,-1,541,546,540,-1,540,546,547,-1,540,547,539,-1,539,547,392,-1,539,392,28,-1,28,392,30,-1,25,31,445,-1,445,31,392,-1,445,392,443,-1,443,392,547,-1,443,547,441,-1,441,547,546,-1,441,546,439,-1,439,546,545,-1,439,545,437,-1,437,545,544,-1,437,544,144,-1,144,544,145,-1,391,20,445,-1,445,20,26,-1,445,26,25,-1,23,22,548,-1,548,22,391,-1,548,391,549,-1,549,391,444,-1,549,444,550,-1,550,444,442,-1,550,442,551,-1,551,442,440,-1,551,440,552,-1,552,440,438,-1,552,438,148,-1,148,438,149,-1,148,147,552,-1,552,147,446,-1,552,446,551,-1,551,446,448,-1,551,448,550,-1,550,448,450,-1,550,450,549,-1,549,450,452,-1,549,452,548,-1,548,452,454,-1,548,454,23,-1,23,454,14,-1,390,17,454,-1,454,17,15,-1,454,15,14,-1,13,18,553,-1,553,18,390,-1,553,390,554,-1,554,390,453,-1,554,453,555,-1,555,453,451,-1,555,451,556,-1,556,451,449,-1,556,449,557,-1,557,449,447,-1,557,447,151,-1,151,447,152,-1,151,150,557,-1,557,150,558,-1,557,558,556,-1,556,558,559,-1,556,559,555,-1,555,559,560,-1,555,560,554,-1,554,560,561,-1,554,561,553,-1,553,561,389,-1,553,389,13,-1,13,389,11,-1,8,10,388,-1,388,10,389,-1,388,389,562,-1,562,389,561,-1,562,561,563,-1,563,561,560,-1,563,560,564,-1,564,560,559,-1,564,559,565,-1,565,559,558,-1,565,558,155,-1,155,558,150,-1,4,3,566,-1,566,3,388,-1,566,388,567,-1,567,388,562,-1,567,562,568,-1,568,562,563,-1,568,563,569,-1,569,563,564,-1,569,564,570,-1,570,564,565,-1,570,565,154,-1,154,565,155,-1,154,153,570,-1,570,153,571,-1,570,571,569,-1,569,571,572,-1,569,572,568,-1,568,572,573,-1,568,573,567,-1,567,573,574,-1,567,574,566,-1,566,574,387,-1,566,387,4,-1,4,387,6,-1,0,7,463,-1,463,7,387,-1,463,387,461,-1,461,387,574,-1,461,574,459,-1,459,574,573,-1,459,573,457,-1,457,573,572,-1,457,572,455,-1,455,572,571,-1,455,571,158,-1,158,571,153,-1,386,124,463,-1,463,124,123,-1,463,123,0,-1,127,126,575,-1,575,126,386,-1,575,386,576,-1,576,386,462,-1,576,462,577,-1,577,462,460,-1,577,460,578,-1,578,460,458,-1,578,458,579,-1,579,458,456,-1,579,456,156,-1,156,456,157,-1,156,161,579,-1,579,161,464,-1,579,464,578,-1,578,464,466,-1,578,466,577,-1,577,466,468,-1,577,468,576,-1,576,468,470,-1,576,470,575,-1,575,470,472,-1,575,472,127,-1,127,472,118,-1,385,121,472,-1,472,121,119,-1,472,119,118,-1,117,122,580,-1,580,122,385,-1,580,385,581,-1,581,385,471,-1,581,471,582,-1,582,471,469,-1,582,469,583,-1,583,469,467,-1,583,467,584,-1,584,467,465,-1,584,465,159,-1,159,465,160,-1,159,164,584,-1,584,164,473,-1,584,473,583,-1,583,473,475,-1,583,475,582,-1,582,475,477,-1,582,477,581,-1,581,477,479,-1,581,479,580,-1,580,479,481,-1,580,481,117,-1,117,481,115,-1,384,112,481,-1,481,112,114,-1,481,114,115,-1,108,107,585,-1,585,107,384,-1,585,384,586,-1,586,384,480,-1,586,480,587,-1,587,480,478,-1,587,478,588,-1,588,478,476,-1,588,476,589,-1,589,476,474,-1,589,474,162,-1,162,474,163,-1,162,167,589,-1,589,167,590,-1,589,590,588,-1,588,590,591,-1,588,591,587,-1,587,591,592,-1,587,592,586,-1,586,592,593,-1,586,593,585,-1,585,593,383,-1,585,383,108,-1,108,383,110,-1,105,111,382,-1,382,111,383,-1,382,383,594,-1,594,383,593,-1,594,593,595,-1,595,593,592,-1,595,592,596,-1,596,592,591,-1,596,591,597,-1,597,591,590,-1,597,590,166,-1,166,590,167,-1,100,106,381,-1,381,106,382,-1,381,382,598,-1,598,382,594,-1,598,594,599,-1,599,594,595,-1,599,595,600,-1,600,595,596,-1,600,596,601,-1,601,596,597,-1,601,597,165,-1,165,597,166,-1,103,102,602,-1,602,102,381,-1,602,381,603,-1,603,381,598,-1,603,598,604,-1,604,598,599,-1,604,599,605,-1,605,599,600,-1,605,600,606,-1,606,600,601,-1,606,601,170,-1,170,601,165,-1,170,169,606,-1,606,169,482,-1,606,482,605,-1,605,482,484,-1,605,484,604,-1,604,484,486,-1,604,486,603,-1,603,486,488,-1,603,488,602,-1,602,488,490,-1,602,490,103,-1,103,490,94,-1,380,97,490,-1,490,97,95,-1,490,95,94,-1,93,98,607,-1,607,98,380,-1,607,380,608,-1,608,380,489,-1,608,489,609,-1,609,489,487,-1,609,487,610,-1,610,487,485,-1,610,485,611,-1,611,485,483,-1,611,483,173,-1,173,483,168,-1,173,172,611,-1,611,172,491,-1,611,491,610,-1,610,491,493,-1,610,493,609,-1,609,493,495,-1,609,495,608,-1,608,495,497,-1,608,497,607,-1,607,497,499,-1,607,499,93,-1,93,499,91,-1,379,88,499,-1,499,88,90,-1,499,90,91,-1,84,83,612,-1,612,83,379,-1,612,379,613,-1,613,379,498,-1,613,498,614,-1,614,498,496,-1,614,496,615,-1,615,496,494,-1,615,494,616,-1,616,494,492,-1,616,492,176,-1,176,492,171,-1,176,175,616,-1,616,175,617,-1,616,617,615,-1,615,617,618,-1,615,618,614,-1,614,618,619,-1,614,619,613,-1,613,619,620,-1,613,620,612,-1,612,620,378,-1,612,378,84,-1,84,378,86,-1,81,87,377,-1,377,87,378,-1,377,378,621,-1,621,378,620,-1,621,620,622,-1,622,620,619,-1,622,619,623,-1,623,619,618,-1,623,618,624,-1,624,618,617,-1,624,617,174,-1,174,617,175,-1,76,82,376,-1,376,82,377,-1,376,377,625,-1,625,377,621,-1,625,621,626,-1,626,621,622,-1,626,622,627,-1,627,622,623,-1,627,623,628,-1,628,623,624,-1,628,624,179,-1,179,624,174,-1,79,78,629,-1,629,78,376,-1,629,376,630,-1,630,376,625,-1,630,625,631,-1,631,625,626,-1,631,626,632,-1,632,626,627,-1,632,627,633,-1,633,627,628,-1,633,628,178,-1,178,628,179,-1,178,177,633,-1,633,177,500,-1,633,500,632,-1,632,500,502,-1,632,502,631,-1,631,502,504,-1,631,504,630,-1,630,504,506,-1,630,506,629,-1,629,506,508,-1,629,508,79,-1,79,508,70,-1,375,73,508,-1,508,73,71,-1,508,71,70,-1,69,74,634,-1,634,74,375,-1,634,375,635,-1,635,375,507,-1,635,507,636,-1,636,507,505,-1,636,505,637,-1,637,505,503,-1,637,503,638,-1,638,503,501,-1,638,501,180,-1,180,501,181,-1,180,129,638,-1,638,129,409,-1,638,409,637,-1,637,409,410,-1,637,410,636,-1,636,410,411,-1,636,411,635,-1,635,411,412,-1,635,412,634,-1,634,412,374,-1,634,374,69,-1,69,374,67,-1,132,516,399,-1,399,516,511,-1,399,511,401,-1,401,511,418,-1,401,418,404,-1,404,418,413,-1,404,413,408,-1,408,413,415,-1,408,415,374,-1,374,415,63,-1,374,63,65,-1,639,640,641,-1,642,640,639,-1,639,643,644,-1,645,643,639,-1,641,645,639,-1,639,646,647,-1,648,646,639,-1,644,648,639,-1,639,649,650,-1,651,649,639,-1,647,651,639,-1,639,652,653,-1,654,652,639,-1,650,654,639,-1,639,655,656,-1,657,655,639,-1,653,657,639,-1,639,658,659,-1,660,658,639,-1,656,660,639,-1,639,661,662,-1,663,661,639,-1,659,663,639,-1,662,642,639,-1,642,664,640,-1,640,664,665,-1,640,665,641,-1,641,665,666,-1,641,666,645,-1,645,666,667,-1,645,667,643,-1,643,667,668,-1,643,668,644,-1,644,668,669,-1,644,669,648,-1,648,669,670,-1,648,670,646,-1,646,670,671,-1,646,671,647,-1,647,671,672,-1,647,672,651,-1,651,672,673,-1,651,673,649,-1,649,673,674,-1,649,674,650,-1,650,674,675,-1,650,675,654,-1,654,675,676,-1,654,676,652,-1,652,676,677,-1,652,677,653,-1,653,677,678,-1,653,678,657,-1,657,678,679,-1,657,679,655,-1,655,679,680,-1,655,680,656,-1,656,680,681,-1,656,681,660,-1,660,681,682,-1,660,682,658,-1,658,682,683,-1,658,683,659,-1,659,683,684,-1,659,684,663,-1,663,684,685,-1,663,685,661,-1,661,685,686,-1,661,686,662,-1,662,686,687,-1,662,687,642,-1,642,687,664,-1,687,688,664,-1,664,688,689,-1,664,689,665,-1,665,689,690,-1,665,690,666,-1,666,690,691,-1,666,691,667,-1,667,691,692,-1,667,692,668,-1,668,692,693,-1,668,693,669,-1,669,693,694,-1,669,694,670,-1,670,694,695,-1,670,695,671,-1,671,695,696,-1,671,696,672,-1,672,696,697,-1,672,697,673,-1,673,697,698,-1,673,698,674,-1,674,698,699,-1,674,699,675,-1,675,699,700,-1,675,700,676,-1,676,700,701,-1,676,701,677,-1,677,701,702,-1,677,702,678,-1,678,702,703,-1,678,703,679,-1,679,703,704,-1,679,704,680,-1,680,704,705,-1,680,705,681,-1,681,705,706,-1,681,706,682,-1,682,706,707,-1,682,707,683,-1,683,707,708,-1,683,708,684,-1,684,708,709,-1,684,709,685,-1,685,709,710,-1,685,710,686,-1,686,710,711,-1,686,711,687,-1,687,711,688,-1,711,712,688,-1,688,712,713,-1,688,713,689,-1,689,713,714,-1,689,714,690,-1,690,714,715,-1,690,715,691,-1,691,715,716,-1,691,716,692,-1,692,716,717,-1,692,717,693,-1,693,717,718,-1,693,718,694,-1,694,718,719,-1,694,719,695,-1,695,719,720,-1,695,720,696,-1,696,720,721,-1,696,721,697,-1,697,721,722,-1,697,722,698,-1,698,722,723,-1,698,723,699,-1,699,723,724,-1,699,724,700,-1,700,724,725,-1,700,725,701,-1,701,725,726,-1,701,726,702,-1,702,726,727,-1,702,727,703,-1,703,727,728,-1,703,728,704,-1,704,728,729,-1,704,729,705,-1,705,729,730,-1,705,730,706,-1,706,730,731,-1,706,731,707,-1,707,731,732,-1,707,732,708,-1,708,732,733,-1,708,733,709,-1,709,733,734,-1,709,734,710,-1,710,734,735,-1,710,735,711,-1,711,735,712,-1,735,736,712,-1,712,736,737,-1,712,737,713,-1,713,737,738,-1,713,738,714,-1,714,738,739,-1,714,739,715,-1,715,739,740,-1,715,740,716,-1,716,740,741,-1,716,741,717,-1,717,741,742,-1,717,742,718,-1,718,742,743,-1,718,743,719,-1,719,743,744,-1,719,744,720,-1,720,744,745,-1,720,745,721,-1,721,745,746,-1,721,746,722,-1,722,746,747,-1,722,747,723,-1,723,747,748,-1,723,748,724,-1,724,748,749,-1,724,749,725,-1,725,749,750,-1,725,750,726,-1,726,750,751,-1,726,751,727,-1,727,751,752,-1,727,752,728,-1,728,752,753,-1,728,753,729,-1,729,753,754,-1,729,754,730,-1,730,754,755,-1,730,755,731,-1,731,755,756,-1,731,756,732,-1,732,756,757,-1,732,757,733,-1,733,757,758,-1,733,758,734,-1,734,758,759,-1,734,759,735,-1,735,759,736,-1,759,347,736,-1,736,347,345,-1,736,345,737,-1,737,345,343,-1,737,343,738,-1,738,343,341,-1,738,341,739,-1,739,341,339,-1,739,339,740,-1,740,339,337,-1,740,337,741,-1,741,337,335,-1,741,335,742,-1,742,335,333,-1,742,333,743,-1,743,333,331,-1,743,331,744,-1,744,331,329,-1,744,329,745,-1,745,329,327,-1,745,327,746,-1,746,327,373,-1,746,373,747,-1,747,373,371,-1,747,371,748,-1,748,371,369,-1,748,369,749,-1,749,369,367,-1,749,367,750,-1,750,367,365,-1,750,365,751,-1,751,365,363,-1,751,363,752,-1,752,363,361,-1,752,361,753,-1,753,361,359,-1,753,359,754,-1,754,359,357,-1,754,357,755,-1,755,357,355,-1,755,355,756,-1,756,355,353,-1,756,353,757,-1,757,353,351,-1,757,351,758,-1,758,351,349,-1,758,349,759,-1,759,349,347,-1,760,761,762,-1,763,761,760,-1,760,764,765,-1,766,764,760,-1,762,766,760,-1,760,767,768,-1,769,767,760,-1,765,769,760,-1,760,770,771,-1,772,770,760,-1,768,772,760,-1,760,773,774,-1,775,773,760,-1,771,775,760,-1,760,776,777,-1,778,776,760,-1,774,778,760,-1,760,779,780,-1,781,779,760,-1,777,781,760,-1,760,782,783,-1,784,782,760,-1,780,784,760,-1,783,763,760,-1,763,785,761,-1,761,785,786,-1,761,786,762,-1,762,786,787,-1,762,787,766,-1,766,787,788,-1,766,788,764,-1,764,788,789,-1,764,789,765,-1,765,789,790,-1,765,790,769,-1,769,790,791,-1,769,791,767,-1,767,791,792,-1,767,792,768,-1,768,792,793,-1,768,793,772,-1,772,793,794,-1,772,794,770,-1,770,794,795,-1,770,795,771,-1,771,795,796,-1,771,796,775,-1,775,796,797,-1,775,797,773,-1,773,797,798,-1,773,798,774,-1,774,798,799,-1,774,799,778,-1,778,799,800,-1,778,800,776,-1,776,800,801,-1,776,801,777,-1,777,801,802,-1,777,802,781,-1,781,802,803,-1,781,803,779,-1,779,803,804,-1,779,804,780,-1,780,804,805,-1,780,805,784,-1,784,805,806,-1,784,806,782,-1,782,806,807,-1,782,807,783,-1,783,807,808,-1,783,808,763,-1,763,808,785,-1,808,809,785,-1,785,809,810,-1,785,810,786,-1,786,810,811,-1,786,811,787,-1,787,811,812,-1,787,812,788,-1,788,812,813,-1,788,813,789,-1,789,813,814,-1,789,814,790,-1,790,814,815,-1,790,815,791,-1,791,815,816,-1,791,816,792,-1,792,816,817,-1,792,817,793,-1,793,817,818,-1,793,818,794,-1,794,818,819,-1,794,819,795,-1,795,819,820,-1,795,820,796,-1,796,820,821,-1,796,821,797,-1,797,821,822,-1,797,822,798,-1,798,822,823,-1,798,823,799,-1,799,823,824,-1,799,824,800,-1,800,824,825,-1,800,825,801,-1,801,825,826,-1,801,826,802,-1,802,826,827,-1,802,827,803,-1,803,827,828,-1,803,828,804,-1,804,828,829,-1,804,829,805,-1,805,829,830,-1,805,830,806,-1,806,830,831,-1,806,831,807,-1,807,831,832,-1,807,832,808,-1,808,832,809,-1,832,833,809,-1,809,833,834,-1,809,834,810,-1,810,834,835,-1,810,835,811,-1,811,835,836,-1,811,836,812,-1,812,836,837,-1,812,837,813,-1,813,837,838,-1,813,838,814,-1,814,838,839,-1,814,839,815,-1,815,839,840,-1,815,840,816,-1,816,840,841,-1,816,841,817,-1,817,841,842,-1,817,842,818,-1,818,842,843,-1,818,843,819,-1,819,843,844,-1,819,844,820,-1,820,844,845,-1,820,845,821,-1,821,845,846,-1,821,846,822,-1,822,846,847,-1,822,847,823,-1,823,847,848,-1,823,848,824,-1,824,848,849,-1,824,849,825,-1,825,849,850,-1,825,850,826,-1,826,850,851,-1,826,851,827,-1,827,851,852,-1,827,852,828,-1,828,852,853,-1,828,853,829,-1,829,853,854,-1,829,854,830,-1,830,854,855,-1,830,855,831,-1,831,855,856,-1,831,856,832,-1,832,856,833,-1,856,857,833,-1,833,857,858,-1,833,858,834,-1,834,858,859,-1,834,859,835,-1,835,859,860,-1,835,860,836,-1,836,860,861,-1,836,861,837,-1,837,861,862,-1,837,862,838,-1,838,862,863,-1,838,863,839,-1,839,863,864,-1,839,864,840,-1,840,864,865,-1,840,865,841,-1,841,865,866,-1,841,866,842,-1,842,866,867,-1,842,867,843,-1,843,867,868,-1,843,868,844,-1,844,868,869,-1,844,869,845,-1,845,869,870,-1,845,870,846,-1,846,870,871,-1,846,871,847,-1,847,871,872,-1,847,872,848,-1,848,872,873,-1,848,873,849,-1,849,873,874,-1,849,874,850,-1,850,874,875,-1,850,875,851,-1,851,875,876,-1,851,876,852,-1,852,876,877,-1,852,877,853,-1,853,877,878,-1,853,878,854,-1,854,878,879,-1,854,879,855,-1,855,879,880,-1,855,880,856,-1,856,880,857,-1,880,299,857,-1,857,299,297,-1,857,297,858,-1,858,297,295,-1,858,295,859,-1,859,295,293,-1,859,293,860,-1,860,293,291,-1,860,291,861,-1,861,291,289,-1,861,289,862,-1,862,289,287,-1,862,287,863,-1,863,287,285,-1,863,285,864,-1,864,285,283,-1,864,283,865,-1,865,283,281,-1,865,281,866,-1,866,281,279,-1,866,279,867,-1,867,279,325,-1,867,325,868,-1,868,325,323,-1,868,323,869,-1,869,323,321,-1,869,321,870,-1,870,321,319,-1,870,319,871,-1,871,319,317,-1,871,317,872,-1,872,317,315,-1,872,315,873,-1,873,315,313,-1,873,313,874,-1,874,313,311,-1,874,311,875,-1,875,311,309,-1,875,309,876,-1,876,309,307,-1,876,307,877,-1,877,307,305,-1,877,305,878,-1,878,305,303,-1,878,303,879,-1,879,303,301,-1,879,301,880,-1,880,301,299,-1,881,882,883,-1,884,882,881,-1,881,885,886,-1,887,885,881,-1,883,887,881,-1,881,888,889,-1,890,888,881,-1,886,890,881,-1,881,891,892,-1,893,891,881,-1,889,893,881,-1,881,894,895,-1,896,894,881,-1,892,896,881,-1,881,897,898,-1,899,897,881,-1,895,899,881,-1,881,900,901,-1,902,900,881,-1,898,902,881,-1,881,903,904,-1,905,903,881,-1,901,905,881,-1,904,884,881,-1,884,906,882,-1,882,906,907,-1,882,907,883,-1,883,907,908,-1,883,908,887,-1,887,908,909,-1,887,909,885,-1,885,909,910,-1,885,910,886,-1,886,910,911,-1,886,911,890,-1,890,911,912,-1,890,912,888,-1,888,912,913,-1,888,913,889,-1,889,913,914,-1,889,914,893,-1,893,914,915,-1,893,915,891,-1,891,915,916,-1,891,916,892,-1,892,916,917,-1,892,917,896,-1,896,917,918,-1,896,918,894,-1,894,918,919,-1,894,919,895,-1,895,919,920,-1,895,920,899,-1,899,920,921,-1,899,921,897,-1,897,921,922,-1,897,922,898,-1,898,922,923,-1,898,923,902,-1,902,923,924,-1,902,924,900,-1,900,924,925,-1,900,925,901,-1,901,925,926,-1,901,926,905,-1,905,926,927,-1,905,927,903,-1,903,927,928,-1,903,928,904,-1,904,928,929,-1,904,929,884,-1,884,929,906,-1,929,930,906,-1,906,930,931,-1,906,931,907,-1,907,931,932,-1,907,932,908,-1,908,932,933,-1,908,933,909,-1,909,933,934,-1,909,934,910,-1,910,934,935,-1,910,935,911,-1,911,935,936,-1,911,936,912,-1,912,936,937,-1,912,937,913,-1,913,937,938,-1,913,938,914,-1,914,938,939,-1,914,939,915,-1,915,939,940,-1,915,940,916,-1,916,940,941,-1,916,941,917,-1,917,941,942,-1,917,942,918,-1,918,942,943,-1,918,943,919,-1,919,943,944,-1,919,944,920,-1,920,944,945,-1,920,945,921,-1,921,945,946,-1,921,946,922,-1,922,946,947,-1,922,947,923,-1,923,947,948,-1,923,948,924,-1,924,948,949,-1,924,949,925,-1,925,949,950,-1,925,950,926,-1,926,950,951,-1,926,951,927,-1,927,951,952,-1,927,952,928,-1,928,952,953,-1,928,953,929,-1,929,953,930,-1,953,954,930,-1,930,954,955,-1,930,955,931,-1,931,955,956,-1,931,956,932,-1,932,956,957,-1,932,957,933,-1,933,957,958,-1,933,958,934,-1,934,958,959,-1,934,959,935,-1,935,959,960,-1,935,960,936,-1,936,960,961,-1,936,961,937,-1,937,961,962,-1,937,962,938,-1,938,962,963,-1,938,963,939,-1,939,963,964,-1,939,964,940,-1,940,964,965,-1,940,965,941,-1,941,965,966,-1,941,966,942,-1,942,966,967,-1,942,967,943,-1,943,967,968,-1,943,968,944,-1,944,968,969,-1,944,969,945,-1,945,969,970,-1,945,970,946,-1,946,970,971,-1,946,971,947,-1,947,971,972,-1,947,972,948,-1,948,972,973,-1,948,973,949,-1,949,973,974,-1,949,974,950,-1,950,974,975,-1,950,975,951,-1,951,975,976,-1,951,976,952,-1,952,976,977,-1,952,977,953,-1,953,977,954,-1,977,978,954,-1,954,978,979,-1,954,979,955,-1,955,979,980,-1,955,980,956,-1,956,980,981,-1,956,981,957,-1,957,981,982,-1,957,982,958,-1,958,982,983,-1,958,983,959,-1,959,983,984,-1,959,984,960,-1,960,984,985,-1,960,985,961,-1,961,985,986,-1,961,986,962,-1,962,986,987,-1,962,987,963,-1,963,987,988,-1,963,988,964,-1,964,988,989,-1,964,989,965,-1,965,989,990,-1,965,990,966,-1,966,990,991,-1,966,991,967,-1,967,991,992,-1,967,992,968,-1,968,992,993,-1,968,993,969,-1,969,993,994,-1,969,994,970,-1,970,994,995,-1,970,995,971,-1,971,995,996,-1,971,996,972,-1,972,996,997,-1,972,997,973,-1,973,997,998,-1,973,998,974,-1,974,998,999,-1,974,999,975,-1,975,999,1000,-1,975,1000,976,-1,976,1000,1001,-1,976,1001,977,-1,977,1001,978,-1,1001,251,978,-1,978,251,249,-1,978,249,979,-1,979,249,247,-1,979,247,980,-1,980,247,245,-1,980,245,981,-1,981,245,243,-1,981,243,982,-1,982,243,241,-1,982,241,983,-1,983,241,239,-1,983,239,984,-1,984,239,237,-1,984,237,985,-1,985,237,235,-1,985,235,986,-1,986,235,233,-1,986,233,987,-1,987,233,231,-1,987,231,988,-1,988,231,277,-1,988,277,989,-1,989,277,275,-1,989,275,990,-1,990,275,273,-1,990,273,991,-1,991,273,271,-1,991,271,992,-1,992,271,269,-1,992,269,993,-1,993,269,267,-1,993,267,994,-1,994,267,265,-1,994,265,995,-1,995,265,263,-1,995,263,996,-1,996,263,261,-1,996,261,997,-1,997,261,259,-1,997,259,998,-1,998,259,257,-1,998,257,999,-1,999,257,255,-1,999,255,1000,-1,1000,255,253,-1,1000,253,1001,-1,1001,253,251,-1,1002,1003,1004,-1,1005,1003,1002,-1,1002,1006,1007,-1,1008,1006,1002,-1,1004,1008,1002,-1,1002,1009,1010,-1,1011,1009,1002,-1,1007,1011,1002,-1,1002,1012,1013,-1,1014,1012,1002,-1,1010,1014,1002,-1,1002,1015,1016,-1,1017,1015,1002,-1,1013,1017,1002,-1,1002,1018,1019,-1,1020,1018,1002,-1,1016,1020,1002,-1,1002,1021,1022,-1,1023,1021,1002,-1,1019,1023,1002,-1,1002,1024,1025,-1,1026,1024,1002,-1,1022,1026,1002,-1,1025,1005,1002,-1,1005,1027,1003,-1,1003,1027,1028,-1,1003,1028,1004,-1,1004,1028,1029,-1,1004,1029,1008,-1,1008,1029,1030,-1,1008,1030,1006,-1,1006,1030,1031,-1,1006,1031,1007,-1,1007,1031,1032,-1,1007,1032,1011,-1,1011,1032,1033,-1,1011,1033,1009,-1,1009,1033,1034,-1,1009,1034,1010,-1,1010,1034,1035,-1,1010,1035,1014,-1,1014,1035,1036,-1,1014,1036,1012,-1,1012,1036,1037,-1,1012,1037,1013,-1,1013,1037,1038,-1,1013,1038,1017,-1,1017,1038,1039,-1,1017,1039,1015,-1,1015,1039,1040,-1,1015,1040,1016,-1,1016,1040,1041,-1,1016,1041,1020,-1,1020,1041,1042,-1,1020,1042,1018,-1,1018,1042,1043,-1,1018,1043,1019,-1,1019,1043,1044,-1,1019,1044,1023,-1,1023,1044,1045,-1,1023,1045,1021,-1,1021,1045,1046,-1,1021,1046,1022,-1,1022,1046,1047,-1,1022,1047,1026,-1,1026,1047,1048,-1,1026,1048,1024,-1,1024,1048,1049,-1,1024,1049,1025,-1,1025,1049,1050,-1,1025,1050,1005,-1,1005,1050,1027,-1,1050,1051,1027,-1,1027,1051,1052,-1,1027,1052,1028,-1,1028,1052,1053,-1,1028,1053,1029,-1,1029,1053,1054,-1,1029,1054,1030,-1,1030,1054,1055,-1,1030,1055,1031,-1,1031,1055,1056,-1,1031,1056,1032,-1,1032,1056,1057,-1,1032,1057,1033,-1,1033,1057,1058,-1,1033,1058,1034,-1,1034,1058,1059,-1,1034,1059,1035,-1,1035,1059,1060,-1,1035,1060,1036,-1,1036,1060,1061,-1,1036,1061,1037,-1,1037,1061,1062,-1,1037,1062,1038,-1,1038,1062,1063,-1,1038,1063,1039,-1,1039,1063,1064,-1,1039,1064,1040,-1,1040,1064,1065,-1,1040,1065,1041,-1,1041,1065,1066,-1,1041,1066,1042,-1,1042,1066,1067,-1,1042,1067,1043,-1,1043,1067,1068,-1,1043,1068,1044,-1,1044,1068,1069,-1,1044,1069,1045,-1,1045,1069,1070,-1,1045,1070,1046,-1,1046,1070,1071,-1,1046,1071,1047,-1,1047,1071,1072,-1,1047,1072,1048,-1,1048,1072,1073,-1,1048,1073,1049,-1,1049,1073,1074,-1,1049,1074,1050,-1,1050,1074,1051,-1,1074,1075,1051,-1,1051,1075,1076,-1,1051,1076,1052,-1,1052,1076,1077,-1,1052,1077,1053,-1,1053,1077,1078,-1,1053,1078,1054,-1,1054,1078,1079,-1,1054,1079,1055,-1,1055,1079,1080,-1,1055,1080,1056,-1,1056,1080,1081,-1,1056,1081,1057,-1,1057,1081,1082,-1,1057,1082,1058,-1,1058,1082,1083,-1,1058,1083,1059,-1,1059,1083,1084,-1,1059,1084,1060,-1,1060,1084,1085,-1,1060,1085,1061,-1,1061,1085,1086,-1,1061,1086,1062,-1,1062,1086,1087,-1,1062,1087,1063,-1,1063,1087,1088,-1,1063,1088,1064,-1,1064,1088,1089,-1,1064,1089,1065,-1,1065,1089,1090,-1,1065,1090,1066,-1,1066,1090,1091,-1,1066,1091,1067,-1,1067,1091,1092,-1,1067,1092,1068,-1,1068,1092,1093,-1,1068,1093,1069,-1,1069,1093,1094,-1,1069,1094,1070,-1,1070,1094,1095,-1,1070,1095,1071,-1,1071,1095,1096,-1,1071,1096,1072,-1,1072,1096,1097,-1,1072,1097,1073,-1,1073,1097,1098,-1,1073,1098,1074,-1,1074,1098,1075,-1,1098,1099,1075,-1,1075,1099,1100,-1,1075,1100,1076,-1,1076,1100,1101,-1,1076,1101,1077,-1,1077,1101,1102,-1,1077,1102,1078,-1,1078,1102,1103,-1,1078,1103,1079,-1,1079,1103,1104,-1,1079,1104,1080,-1,1080,1104,1105,-1,1080,1105,1081,-1,1081,1105,1106,-1,1081,1106,1082,-1,1082,1106,1107,-1,1082,1107,1083,-1,1083,1107,1108,-1,1083,1108,1084,-1,1084,1108,1109,-1,1084,1109,1085,-1,1085,1109,1110,-1,1085,1110,1086,-1,1086,1110,1111,-1,1086,1111,1087,-1,1087,1111,1112,-1,1087,1112,1088,-1,1088,1112,1113,-1,1088,1113,1089,-1,1089,1113,1114,-1,1089,1114,1090,-1,1090,1114,1115,-1,1090,1115,1091,-1,1091,1115,1116,-1,1091,1116,1092,-1,1092,1116,1117,-1,1092,1117,1093,-1,1093,1117,1118,-1,1093,1118,1094,-1,1094,1118,1119,-1,1094,1119,1095,-1,1095,1119,1120,-1,1095,1120,1096,-1,1096,1120,1121,-1,1096,1121,1097,-1,1097,1121,1122,-1,1097,1122,1098,-1,1098,1122,1099,-1,1122,203,1099,-1,1099,203,201,-1,1099,201,1100,-1,1100,201,199,-1,1100,199,1101,-1,1101,199,197,-1,1101,197,1102,-1,1102,197,195,-1,1102,195,1103,-1,1103,195,193,-1,1103,193,1104,-1,1104,193,191,-1,1104,191,1105,-1,1105,191,189,-1,1105,189,1106,-1,1106,189,187,-1,1106,187,1107,-1,1107,187,185,-1,1107,185,1108,-1,1108,185,183,-1,1108,183,1109,-1,1109,183,229,-1,1109,229,1110,-1,1110,229,227,-1,1110,227,1111,-1,1111,227,225,-1,1111,225,1112,-1,1112,225,223,-1,1112,223,1113,-1,1113,223,221,-1,1113,221,1114,-1,1114,221,219,-1,1114,219,1115,-1,1115,219,217,-1,1115,217,1116,-1,1116,217,215,-1,1116,215,1117,-1,1117,215,213,-1,1117,213,1118,-1,1118,213,211,-1,1118,211,1119,-1,1119,211,209,-1,1119,209,1120,-1,1120,209,207,-1,1120,207,1121,-1,1121,207,205,-1,1121,205,1122,-1,1122,205,203,-1,1123,1124,1125,-1,1126,1127,1128,-1,1128,1127,1129,-1,1123,1130,1124,-1,1124,1130,1131,-1,1124,1131,1132,-1,1132,1131,1133,-1,1132,1133,1134,-1,1134,1133,1128,-1,1125,1134,1123,-1,1123,1134,1128,-1,1123,1128,1135,-1,1135,1128,1129,-1,1135,1129,1136,-1,1136,1129,1137,-1,1136,1137,1126,-1,1126,1137,1138,-1,1126,1138,1127,-1,1139,1140,1141,-1,1142,1143,1141,-1,1141,1143,1144,-1,1141,1144,1139,-1,1140,1139,1145,-1,1145,1139,1146,-1,1145,1146,1142,-1,1142,1146,1147,-1,1142,1147,1148,-1,1142,1149,1143,-1,1143,1149,1150,-1,1143,1150,1151,-1,1151,1150,1152,-1,1151,1152,1153,-1,1153,1152,1154,-1,1153,1154,1148,-1,1148,1154,1149,-1,1148,1149,1142,-1,1155,1156,1157,-1,1158,1159,1130,-1,1160,1161,1157,-1,1162,1163,1164,-1,1164,1163,1165,-1,1164,1165,1166,-1,1167,1168,1169,-1,1169,1168,1170,-1,1169,1170,1171,-1,1172,1173,1130,-1,1130,1159,1174,-1,1174,1159,1175,-1,1174,1175,1176,-1,1177,1178,1176,-1,1176,1178,1179,-1,1176,1179,1174,-1,1174,1179,1180,-1,1174,1180,1181,-1,1182,1183,1184,-1,1184,1183,1185,-1,1186,1187,1157,-1,1188,1189,1190,-1,1190,1189,1191,-1,1190,1191,1157,-1,1157,1191,1192,-1,1157,1192,1155,-1,1193,1194,1156,-1,1156,1194,1195,-1,1156,1195,1157,-1,1157,1195,1196,-1,1157,1196,1160,-1,1197,1198,1183,-1,1183,1198,1199,-1,1183,1199,1185,-1,1186,1157,1200,-1,1172,1130,1201,-1,1201,1130,1157,-1,1201,1157,1202,-1,1202,1157,1187,-1,1202,1187,1203,-1,1203,1204,1202,-1,1202,1204,1205,-1,1202,1205,1206,-1,1164,1207,1162,-1,1162,1207,1208,-1,1162,1208,1167,-1,1167,1208,1209,-1,1167,1209,1168,-1,1166,1210,1164,-1,1164,1210,1211,-1,1164,1211,1212,-1,1206,1213,1202,-1,1202,1213,1214,-1,1202,1214,1215,-1,1173,1216,1130,-1,1130,1216,1217,-1,1130,1217,1218,-1,1218,1219,1130,-1,1130,1219,1220,-1,1130,1220,1158,-1,1221,1222,1190,-1,1190,1222,1223,-1,1190,1223,1188,-1,1171,1224,1169,-1,1169,1224,1225,-1,1169,1225,1226,-1,1226,1225,1215,-1,1226,1215,1227,-1,1227,1215,1214,-1,1228,1229,1156,-1,1156,1229,1230,-1,1156,1230,1193,-1,1197,1183,1156,-1,1156,1183,1231,-1,1156,1231,1228,-1,1232,1233,1157,-1,1157,1233,1234,-1,1157,1234,1200,-1,1161,1235,1157,-1,1157,1235,1236,-1,1157,1236,1237,-1,1238,1239,1190,-1,1190,1239,1240,-1,1237,1241,1157,-1,1157,1241,1242,-1,1157,1242,1232,-1,1240,1243,1190,-1,1190,1243,1244,-1,1190,1244,1221,-1,1245,1246,1247,-1,1247,1246,1248,-1,1247,1248,1190,-1,1190,1248,1249,-1,1190,1249,1238,-1,1250,1251,1247,-1,1247,1252,1253,-1,1254,1255,1256,-1,1256,1255,1257,-1,1131,1258,1259,-1,1250,1247,1260,-1,1245,1247,1261,-1,1261,1247,1253,-1,1261,1253,1256,-1,1256,1253,1262,-1,1256,1262,1254,-1,1212,1263,1164,-1,1164,1263,1256,-1,1164,1256,1264,-1,1264,1256,1257,-1,1265,1266,1131,-1,1131,1266,1267,-1,1131,1267,1258,-1,1259,1268,1131,-1,1131,1268,1269,-1,1131,1269,1247,-1,1247,1269,1270,-1,1247,1270,1260,-1,1271,1272,1273,-1,1273,1272,1274,-1,1273,1274,1275,-1,1276,1277,1251,-1,1251,1277,1278,-1,1251,1278,1247,-1,1247,1278,1279,-1,1247,1279,1252,-1,1280,1281,1251,-1,1251,1281,1282,-1,1251,1282,1276,-1,1181,1283,1174,-1,1174,1283,1284,-1,1174,1284,1131,-1,1131,1284,1285,-1,1131,1285,1265,-1,1271,1273,1251,-1,1251,1273,1286,-1,1251,1286,1280,-1,1287,1288,1289,-1,1289,1288,1290,-1,1289,1290,1275,-1,1275,1290,1291,-1,1275,1291,1273,-1,1292,1293,1146,-1,1294,1295,1296,-1,1296,1295,1297,-1,1294,1298,1295,-1,1295,1298,1299,-1,1295,1299,1300,-1,1301,1302,1303,-1,1304,1305,1306,-1,1302,1307,1303,-1,1303,1307,1308,-1,1303,1308,1309,-1,1310,1311,1312,-1,1146,1293,1157,-1,1309,1313,1303,-1,1303,1313,1314,-1,1303,1314,1315,-1,1316,1317,1318,-1,1318,1317,1319,-1,1320,1321,1322,-1,1295,1303,1297,-1,1297,1303,1157,-1,1297,1157,1305,-1,1305,1157,1293,-1,1305,1293,1306,-1,1323,1157,1324,-1,1324,1157,1303,-1,1324,1303,1325,-1,1325,1303,1315,-1,1326,1327,1328,-1,1328,1327,1329,-1,1328,1329,1330,-1,1330,1329,1331,-1,1330,1331,1332,-1,1319,1333,1318,-1,1318,1333,1334,-1,1318,1334,1335,-1,1335,1334,1320,-1,1335,1320,1336,-1,1336,1320,1322,-1,1337,1338,1339,-1,1339,1338,1340,-1,1339,1340,1341,-1,1341,1340,1342,-1,1343,1344,1345,-1,1345,1344,1346,-1,1326,1347,1327,-1,1327,1347,1348,-1,1327,1348,1349,-1,1349,1348,1350,-1,1349,1350,1351,-1,1351,1350,1352,-1,1351,1352,1353,-1,1326,1310,1347,-1,1347,1310,1312,-1,1347,1312,1303,-1,1303,1312,1354,-1,1355,1356,1357,-1,1323,1358,1157,-1,1157,1358,1359,-1,1157,1359,1360,-1,1332,1361,1330,-1,1330,1361,1362,-1,1330,1362,1363,-1,1330,1364,1365,-1,1365,1364,1366,-1,1367,1368,1337,-1,1369,1370,1371,-1,1371,1370,1372,-1,1373,1374,1375,-1,1375,1374,1376,-1,1375,1376,1377,-1,1378,1379,1380,-1,1380,1379,1351,-1,1380,1351,1381,-1,1381,1351,1353,-1,1363,1382,1330,-1,1330,1382,1383,-1,1330,1383,1364,-1,1384,1385,1364,-1,1364,1385,1386,-1,1364,1386,1366,-1,1337,1387,1370,-1,1370,1387,1388,-1,1370,1388,1372,-1,1389,1390,1391,-1,1321,1320,1340,-1,1340,1320,1392,-1,1340,1392,1342,-1,1346,1393,1345,-1,1345,1393,1394,-1,1345,1394,1395,-1,1396,1397,1306,-1,1306,1397,1398,-1,1306,1398,1304,-1,1399,1400,1401,-1,1402,1403,1404,-1,1405,1406,1407,-1,1407,1406,1408,-1,1407,1408,1380,-1,1380,1408,1409,-1,1380,1409,1378,-1,1357,1410,1355,-1,1355,1410,1411,-1,1355,1411,1412,-1,1360,1413,1157,-1,1157,1413,1414,-1,1157,1414,1415,-1,1415,1416,1157,-1,1157,1416,1417,-1,1157,1417,1418,-1,1419,1420,1157,-1,1157,1420,1421,-1,1157,1421,1422,-1,1368,1423,1337,-1,1337,1423,1424,-1,1337,1424,1338,-1,1369,1425,1370,-1,1370,1425,1426,-1,1370,1426,1427,-1,1427,1426,1389,-1,1427,1389,1428,-1,1428,1389,1391,-1,1429,1430,1306,-1,1306,1430,1431,-1,1306,1431,1396,-1,1401,1400,1432,-1,1433,1434,1435,-1,1435,1434,1436,-1,1435,1436,1430,-1,1373,1437,1374,-1,1374,1437,1438,-1,1374,1438,1439,-1,1439,1438,1399,-1,1439,1399,1440,-1,1440,1399,1401,-1,1441,1442,1190,-1,1443,1444,1445,-1,1301,1303,1446,-1,1446,1303,1354,-1,1446,1354,1447,-1,1447,1354,1355,-1,1447,1355,1448,-1,1448,1355,1412,-1,1448,1412,1449,-1,1418,1450,1157,-1,1157,1450,1451,-1,1157,1451,1419,-1,1422,1452,1157,-1,1157,1452,1453,-1,1157,1453,1367,-1,1395,1435,1345,-1,1345,1435,1430,-1,1345,1430,1454,-1,1454,1430,1429,-1,1455,1456,1443,-1,1443,1456,1457,-1,1443,1457,1444,-1,1445,1458,1443,-1,1443,1458,1459,-1,1443,1459,1146,-1,1146,1459,1460,-1,1292,1146,1404,-1,1404,1146,1460,-1,1404,1460,1402,-1,1402,1460,1461,-1,1402,1461,1462,-1,1462,1461,1463,-1,1462,1463,1464,-1,1465,1466,1455,-1,1467,1468,1469,-1,1470,1471,1472,-1,1472,1471,1468,-1,1472,1468,1473,-1,1473,1468,1467,-1,1190,1472,1474,-1,1433,1435,1400,-1,1400,1435,1475,-1,1400,1475,1432,-1,1377,1476,1375,-1,1375,1476,1477,-1,1375,1477,1478,-1,1479,1375,1480,-1,1480,1375,1478,-1,1480,1478,1481,-1,1367,1337,1157,-1,1157,1337,1370,-1,1157,1370,1482,-1,1482,1483,1157,-1,1157,1483,1484,-1,1157,1484,1190,-1,1190,1484,1485,-1,1190,1485,1486,-1,1486,1487,1190,-1,1190,1487,1488,-1,1190,1488,1441,-1,1310,1489,1311,-1,1311,1489,1490,-1,1311,1490,1469,-1,1469,1490,1491,-1,1469,1491,1467,-1,1470,1472,1492,-1,1492,1472,1190,-1,1492,1190,1493,-1,1479,1494,1375,-1,1375,1494,1465,-1,1375,1465,1474,-1,1442,1495,1190,-1,1190,1495,1496,-1,1190,1496,1497,-1,1498,1499,1190,-1,1190,1499,1500,-1,1190,1500,1493,-1,1497,1501,1190,-1,1190,1501,1502,-1,1190,1502,1498,-1,1465,1455,1474,-1,1474,1455,1443,-1,1474,1443,1190,-1,1190,1443,1139,-1,1190,1139,1247,-1,1126,1151,1136,-1,1136,1151,1153,-1,1128,1133,1143,-1,1143,1133,1144,-1,1126,1128,1151,-1,1151,1128,1143,-1,1139,1144,1247,-1,1247,1144,1133,-1,1247,1133,1131,-1,1123,1135,1147,-1,1147,1135,1148,-1,1148,1135,1153,-1,1153,1135,1136,-1,1130,1123,1157,-1,1157,1123,1147,-1,1157,1147,1146,-1,1503,1504,1289,-1,1289,1504,1287,-1,1504,1505,1287,-1,1287,1505,1288,-1,
        ]
    }
}
Shape{
    appearance Appearance {
        material  Material 	{
            diffuseColor 1.0 1.0 1.0
            specularColor 0.8784313725490196 0.8784313725490196 0.8784313725490196
            ambientIntensity 1.0
            transparency 0.0
            shininess 0.5
        }
    }
    geometry IndexedFaceSet {
        ccw TRUE
        solid FALSE
        coord DEF co Coordinate {
            point [
                -0.3184 -0.6246 0.0394, -0.3002 -0.709 0.0394, -0.3184 -0.6246 0.0, -0.3002 -0.709 0.0, -0.2917 -0.752 0.0394, -0.2917 -0.752 0.0, -0.2902 -0.7579 0.0, -0.2883 -0.7656 0.0394, -0.2883 -0.7656 0.0, -0.2804 -0.7543 0.0394, -0.2804 -0.7543 0.0, -0.2807 -0.7579 0.0, -0.2812 -0.762 0.0394, -0.2812 -0.762 0.0, -0.2819 -0.768 0.0, -0.2819 -0.768 0.0394, -0.2823 -0.7693 0.0, -0.2823 -0.7693 0.0394, -0.2829 -0.7704 0.0, -0.2829 -0.7704 0.0394, -0.2833 -0.7708 0.0, -0.2833 -0.7708 0.0394, -0.2836 -0.771 0.0, -0.2836 -0.771 0.0394, -0.2838 -0.7711 0.0, -0.2838 -0.7711 0.0394, -0.2842 -0.7712 0.0, -0.2842 -0.7712 0.0394, -0.2846 -0.7711 0.0, -0.2846 -0.7711 0.0394, -0.2851 -0.7709 0.0, -0.2851 -0.7709 0.0394, -0.2857 -0.7705 0.0, -0.2857 -0.7705 0.0394, -0.2863 -0.7699 0.0, -0.2863 -0.7699 0.0394, -0.2869 -0.769 0.0, -0.2869 -0.769 0.0394, -0.2875 -0.7676 0.0, -0.2875 -0.7676 0.0394, -0.2776 -0.7306 0.0394, -0.2776 -0.7306 0.0, -0.2793 -0.709 0.0394, -0.2793 -0.709 0.0, -0.2783 -0.711 0.0, -0.2783 -0.711 0.0394, -0.2771 -0.7144 0.0, -0.2771 -0.7144 0.0394, -0.2768 -0.7196 0.0, -0.2768 -0.7196 0.0394, -0.2821 -0.7039 0.0394, -0.2821 -0.7039 0.0, -0.2957 -0.6541 0.0394, -0.2957 -0.6541 0.0, -0.2895 -0.6792 0.0, -0.2895 -0.6792 0.0394, -0.354 -0.384 0.0394, -0.354 -0.384 0.0, -0.3619 -0.384 0.0394, -0.3619 -0.384 0.0, -0.4169 -0.6269 0.0394, -0.4169 -0.6269 0.0, -0.4236 -0.6552 0.0394, -0.4236 -0.6552 0.0, -0.4304 -0.6818 0.0394, -0.4304 -0.6818 0.0, -0.4267 -0.6686 0.0, -0.4267 -0.6686 0.0394, -0.4344 -0.6926 0.0394, -0.4344 -0.6926 0.0, -0.4424 -0.726 0.0394, -0.4424 -0.726 0.0, -0.4427 -0.7199 0.0, -0.4427 -0.7199 0.0394, -0.4429 -0.7176 0.0, -0.4429 -0.7176 0.0394, -0.4434 -0.7118 0.0, -0.4434 -0.7118 0.0394, -0.4433 -0.7105 0.0, -0.4433 -0.7105 0.0394, -0.443 -0.7097 0.0, -0.443 -0.7097 0.0394, -0.4424 -0.7087 0.0, -0.4424 -0.7087 0.0394, -0.4404 -0.7063 0.0, -0.4404 -0.7063 0.0394, -0.438 -0.7027 0.0, -0.438 -0.7027 0.0394, -0.4401 -0.7515 0.0394, -0.4401 -0.7515 0.0, -0.4393 -0.7579 0.0, -0.4389 -0.7611 0.0394, -0.4389 -0.7611 0.0, -0.4327 -0.7662 0.0394, -0.4327 -0.7662 0.0, -0.4331 -0.7674 0.0, -0.4331 -0.7674 0.0394, -0.4337 -0.7688 0.0, -0.4337 -0.7688 0.0394, -0.4342 -0.7695 0.0, -0.4342 -0.7695 0.0394, -0.4347 -0.7699 0.0, -0.4347 -0.7699 0.0394, -0.4352 -0.7701 0.0, -0.4352 -0.7701 0.0394, -0.4356 -0.7702 0.0, -0.4356 -0.7702 0.0394, -0.4361 -0.7703 0.0, -0.4361 -0.7703 0.0394, -0.4365 -0.7702 0.0, -0.4365 -0.7702 0.0394, -0.4369 -0.7699 0.0, -0.4369 -0.7699 0.0394, -0.4373 -0.7696 0.0, -0.4373 -0.7696 0.0394, -0.4376 -0.7692 0.0, -0.4376 -0.7692 0.0394, -0.4378 -0.7686 0.0, -0.4378 -0.7686 0.0394, -0.4381 -0.7677 0.0, -0.4381 -0.7677 0.0394, -0.4384 -0.7662 0.0, -0.4384 -0.7662 0.0394, -0.4387 -0.7641 0.0, -0.4387 -0.7641 0.0394, -0.4313 -0.7579 0.0, -0.4288 -0.7436 0.0394, -0.4288 -0.7436 0.0, -0.358 -0.4384 0.0394, -0.3211 -0.6048 0.0394, -0.3954 -0.606 0.0394, -0.3942 -0.5974 0.0394, -0.3789 -0.5828 0.0394, -0.3648 -0.5924 0.0394, -0.3595 -0.5951 0.0394, -0.3434 -0.6002 0.0394, -0.3789 -0.5828 0.0, -0.3942 -0.5974 0.0, -0.3648 -0.5924 0.0, -0.3595 -0.5951 0.0, -0.3434 -0.6002 0.0, -0.3211 -0.6048 0.0, -0.358 -0.4384 0.0, -0.0905 -0.7288 0.0394, -0.0905 -0.4321 0.0394, -0.0905 -0.7288 0.0, -0.0905 -0.4321 0.0, -0.0831 -0.4281 0.0394, -0.0831 -0.4281 0.0, -0.0867 -0.4303 0.0, -0.0867 -0.4303 0.0394, -0.073 -0.4197 0.0394, -0.073 -0.4197 0.0, -0.0701 -0.4072 0.0394, -0.0701 -0.4072 0.0, -0.0693 -0.4079 0.0, -0.0693 -0.4079 0.0394, -0.0685 -0.4088 0.0, -0.0685 -0.4088 0.0394, -0.068 -0.4098 0.0, -0.068 -0.4098 0.0394, -0.0677 -0.4113 0.0, -0.0677 -0.4113 0.0394, -0.0677 -0.4129 0.0, -0.0677 -0.4129 0.0394, -0.0682 -0.4146 0.0, -0.0682 -0.4146 0.0394, -0.0691 -0.4161 0.0, -0.0691 -0.4161 0.0394, -0.0706 -0.4178 0.0, -0.0706 -0.4178 0.0394, -0.0804 -0.4089 0.0394, -0.0804 -0.4089 0.0, -0.0922 -0.4089 0.0394, -0.0922 -0.4089 0.0, -0.1018 -0.4072 0.0394, -0.1018 -0.4072 0.0, -0.097 -0.408 0.0, -0.097 -0.408 0.0394, -0.1138 -0.4061 0.0394, -0.1138 -0.4061 0.0, -0.1352 -0.3999 0.0394, -0.1352 -0.3999 0.0, -0.1601 -0.3964 0.0394, -0.1601 -0.3964 0.0, -0.1476 -0.3975 0.0, -0.1476 -0.3975 0.0394, -0.2389 -0.5924 0.0394, -0.2389 -0.5924 0.0, -0.2346 -0.4906 0.0, -0.2346 -0.4906 0.0394, -0.2265 -0.4455 0.0, -0.2265 -0.4455 0.0394, -0.2182 -0.4256 0.0, -0.2182 -0.4256 0.0394, -0.2093 -0.4133 0.0, -0.2093 -0.4133 0.0394, -0.2007 -0.406 0.0, -0.2007 -0.406 0.0394, -0.1909 -0.4009 0.0, -0.1909 -0.4009 0.0394, -0.1777 -0.3976 0.0, -0.1777 -0.3976 0.0394, -0.1381 -0.7481 0.0394, -0.1381 -0.7481 0.0, -0.1567 -0.7458 0.0, -0.1567 -0.7458 0.0394, -0.1821 -0.7409 0.0, -0.1821 -0.7409 0.0394, -0.1929 -0.7357 0.0, -0.1929 -0.7357 0.0394, -0.2025 -0.7277 0.0, -0.2025 -0.7277 0.0394, -0.2121 -0.7153 0.0, -0.2121 -0.7153 0.0394, -0.2268 -0.6851 0.0, -0.2268 -0.6851 0.0394, -0.2356 -0.6424 0.0, -0.2356 -0.6424 0.0394, -0.1132 -0.751 0.0394, -0.1132 -0.751 0.0, -0.0956 -0.7583 0.0394, -0.0956 -0.7583 0.0, -0.0961 -0.7581 0.0, -0.0961 -0.7581 0.0394, -0.0965 -0.7579 0.0, -0.098 -0.757 0.0394, -0.098 -0.757 0.0, -0.1039 -0.7534 0.0, -0.1039 -0.7534 0.0394, -0.0786 -0.7447 0.0394, -0.0786 -0.7447 0.0, -0.0838 -0.7501 0.0, -0.0838 -0.7501 0.0394, -0.0917 -0.7568 0.0, -0.0917 -0.7568 0.0394, -0.0935 -0.7579 0.0, -0.0936 -0.758 0.0394, -0.0936 -0.758 0.0, -0.0943 -0.7582 0.0, -0.0943 -0.7582 0.0394, -0.0718 -0.7374 0.0394, -0.0718 -0.7374 0.0, -0.0736 -0.7288 0.0394, -0.0736 -0.7288 0.0, -0.0713 -0.7286 0.0, -0.0713 -0.7286 0.0394, -0.0702 -0.7287 0.0, -0.0702 -0.7287 0.0394, -0.07 -0.7288 0.0, -0.07 -0.7288 0.0394, -0.0695 -0.729 0.0, -0.0695 -0.729 0.0394, -0.0692 -0.7292 0.0, -0.0692 -0.7292 0.0394, -0.0689 -0.7295 0.0, -0.0689 -0.7295 0.0394, -0.0687 -0.73 0.0, -0.0687 -0.73 0.0394, -0.0682 -0.7312 0.0, -0.0682 -0.7312 0.0394, -0.0681 -0.7317 0.0, -0.0681 -0.7317 0.0394, -0.0682 -0.7322 0.0, -0.0682 -0.7322 0.0394, -0.0684 -0.7329 0.0, -0.0684 -0.7329 0.0394, -0.0688 -0.7336 0.0, -0.0688 -0.7336 0.0394, -0.0694 -0.7346 0.0, -0.0694 -0.7346 0.0394, -0.0704 -0.7358 0.0, -0.0704 -0.7358 0.0394, -0.1064 -0.4281 0.0394, -0.1824 -0.4196 0.0394, -0.1658 -0.4162 0.0394, -0.1412 -0.4181 0.0394, -0.1171 -0.4236 0.0394, -0.1064 -0.7277 0.0394, -0.1923 -0.4238 0.0394, -0.1987 -0.4287 0.0394, -0.2061 -0.438 0.0394, -0.2123 -0.4508 0.0394, -0.1662 -0.7226 0.0394, -0.1488 -0.7249 0.0394, -0.1239 -0.7277 0.0394, -0.1151 -0.728 0.0394, -0.2189 -0.4808 0.0394, -0.2231 -0.5426 0.0394, -0.2233 -0.5578 0.0394, -0.2211 -0.6318 0.0394, -0.2131 -0.6748 0.0394, -0.2013 -0.7016 0.0394, -0.1949 -0.7099 0.0394, -0.188 -0.7154 0.0394, -0.1789 -0.7194 0.0394, -0.1064 -0.4281 0.0, -0.1064 -0.7277 0.0, -0.1171 -0.4236 0.0, -0.1412 -0.4181 0.0, -0.1658 -0.4162 0.0, -0.1824 -0.4196 0.0, -0.1923 -0.4238 0.0, -0.1987 -0.4287 0.0, -0.2061 -0.438 0.0, -0.2123 -0.4508 0.0, -0.2189 -0.4808 0.0, -0.2231 -0.5426 0.0, -0.2233 -0.5578 0.0, -0.2211 -0.6318 0.0, -0.2131 -0.6748 0.0, -0.2013 -0.7016 0.0, -0.1949 -0.7099 0.0, -0.188 -0.7154 0.0, -0.1789 -0.7194 0.0, -0.1662 -0.7226 0.0, -0.1488 -0.7249 0.0, -0.1239 -0.7277 0.0, -0.1151 -0.728 0.0, 0.0258 -0.4191 0.0394, 0.0971 -0.431 0.0394, 0.0258 -0.4191 0.0, 0.0971 -0.431 0.0, 0.0971 -0.5556 0.0394, 0.0971 -0.5556 0.0, 0.0495 -0.5494 0.0394, 0.0495 -0.5494 0.0, 0.0116 -0.5375 0.0394, 0.0116 -0.5375 0.0, 0.0173 -0.5409 0.0, 0.0173 -0.5409 0.0394, 0.0299 -0.5454 0.0, 0.0299 -0.5454 0.0394, 0.0065 -0.5346 0.0394, 0.0065 -0.5346 0.0, -0.01 -0.551 0.0394, -0.01 -0.551 0.0, -0.0071 -0.5607 0.0394, -0.0071 -0.5607 0.0, -0.0088 -0.5605 0.0, -0.0088 -0.5605 0.0394, -0.0099 -0.5602 0.0, -0.0099 -0.5602 0.0394, -0.0106 -0.5598 0.0, -0.0106 -0.5598 0.0394, -0.0114 -0.559 0.0, -0.0114 -0.559 0.0394, -0.012 -0.5581 0.0, -0.012 -0.5581 0.0394, -0.0124 -0.5572 0.0, -0.0124 -0.5572 0.0394, -0.0125 -0.5562 0.0, -0.0125 -0.5562 0.0394, -0.0124 -0.5552 0.0, -0.0124 -0.5552 0.0394, -0.0119 -0.5539 0.0, -0.0119 -0.5539 0.0394, -0.0112 -0.5526 0.0, -0.0112 -0.5526 0.0394, 0.0971 -0.5754 0.0394, 0.0971 -0.5754 0.0, 0.0971 -0.7288 0.0394, 0.0971 -0.7288 0.0, 0.0127 -0.717 0.0394, 0.0127 -0.717 0.0, -0.0032 -0.7113 0.0394, -0.0032 -0.7113 0.0, 0.0045 -0.7149 0.0, 0.0045 -0.7149 0.0394, -0.0082 -0.7084 0.0394, -0.0082 -0.7084 0.0, -0.0241 -0.726 0.0394, -0.0241 -0.726 0.0, -0.0207 -0.7351 0.0394, -0.0207 -0.7351 0.0, -0.0222 -0.735 0.0, -0.0222 -0.735 0.0394, -0.024 -0.7347 0.0, -0.024 -0.7347 0.0394, -0.0247 -0.7344 0.0, -0.0247 -0.7344 0.0394, -0.0251 -0.7341 0.0, -0.0251 -0.7341 0.0394, -0.0254 -0.7337 0.0, -0.0254 -0.7337 0.0394, -0.026 -0.7326 0.0, -0.026 -0.7326 0.0394, -0.0263 -0.7315 0.0, -0.0263 -0.7315 0.0394, -0.0264 -0.7305 0.0, -0.0264 -0.7305 0.0394, -0.0262 -0.7293 0.0, -0.0262 -0.7293 0.0394, -0.0256 -0.7281 0.0, -0.0256 -0.7281 0.0394, -0.0122 -0.7356 0.0394, -0.0122 -0.7356 0.0, 0.0733 -0.7475 0.0394, 0.0733 -0.7475 0.0, 0.0306 -0.7409 0.0, 0.0306 -0.7409 0.0394, 0.0993 -0.752 0.0394, 0.0993 -0.752 0.0, 0.1186 -0.7442 0.0394, 0.1186 -0.7442 0.0, 0.1186 -0.7442 0.0, 0.1186 -0.7442 0.0394, 0.1189 -0.7487 0.0, 0.1189 -0.7487 0.0394, 0.1185 -0.7509 0.0, 0.1185 -0.7509 0.0394, 0.1177 -0.7525 0.0, 0.1177 -0.7525 0.0394, 0.1169 -0.7536 0.0, 0.1169 -0.7536 0.0394, 0.1155 -0.7546 0.0, 0.1155 -0.7546 0.0394, 0.114 -0.7552 0.0, 0.114 -0.7552 0.0394, 0.112 -0.7555 0.0, 0.112 -0.7555 0.0394, 0.1093 -0.7553 0.0, 0.1093 -0.7553 0.0394, 0.1055 -0.7543 0.0, 0.1055 -0.7543 0.0394, 0.1135 -0.7152 0.0394, 0.1135 -0.7152 0.0, 0.115 -0.7299 0.0, 0.115 -0.7299 0.0394, 0.1135 -0.7045 0.0394, 0.1135 -0.7045 0.0, 0.1129 -0.6903 0.0394, 0.1129 -0.6903 0.0, 0.1132 -0.6974 0.0, 0.1132 -0.6974 0.0394, 0.1135 -0.431 0.0394, 0.1135 -0.431 0.0, 0.1226 -0.4061 0.0394, 0.1226 -0.4061 0.0, 0.1245 -0.4058 0.0, 0.1245 -0.4058 0.0394, 0.1256 -0.4059 0.0, 0.1256 -0.4059 0.0394, 0.1264 -0.4062 0.0, 0.1264 -0.4062 0.0394, 0.1269 -0.4066 0.0, 0.1269 -0.4066 0.0394, 0.1273 -0.407 0.0, 0.1273 -0.407 0.0394, 0.1275 -0.4073 0.0, 0.1275 -0.4073 0.0394, 0.1276 -0.4077 0.0, 0.1276 -0.4077 0.0394, 0.1275 -0.4089 0.0, 0.1275 -0.4089 0.0394, 0.1275 -0.41 0.0, 0.1275 -0.41 0.0394, 0.1274 -0.4116 0.0, 0.1274 -0.4116 0.0394, 0.1268 -0.4138 0.0, 0.1268 -0.4138 0.0394, 0.1255 -0.4164 0.0, 0.1255 -0.4164 0.0394, 0.1232 -0.4194 0.0, 0.1232 -0.4194 0.0394, 0.1196 -0.424 0.0, 0.1196 -0.424 0.0394, 0.1118 -0.4078 0.0394, 0.1118 -0.4078 0.0, 0.0925 -0.4089 0.0394, 0.0925 -0.4089 0.0, 0.1022 -0.4089 0.0, 0.1022 -0.4089 0.0394, 0.0909 -0.4089 0.0394, 0.0909 -0.4089 0.0, 0.0688 -0.4072 0.0394, 0.0688 -0.4072 0.0, 0.0798 -0.4087 0.0, 0.0798 -0.4087 0.0394, 0.0466 -0.4032 0.0394, 0.0466 -0.4032 0.0, 0.0087 -0.3919 0.0394, 0.0087 -0.3919 0.0, 0.0115 -0.3936 0.0, 0.0115 -0.3936 0.0394, 0.0271 -0.3993 0.0, 0.0271 -0.3993 0.0394, 0.0036 -0.3885 0.0394, 0.0036 -0.3885 0.0, -0.0127 -0.4055 0.0394, -0.0127 -0.4055 0.0, -0.01 -0.4146 0.0394, -0.01 -0.4146 0.0, -0.0115 -0.4144 0.0, -0.0115 -0.4144 0.0394, -0.0126 -0.4141 0.0, -0.0126 -0.4141 0.0394, -0.0136 -0.4135 0.0, -0.0136 -0.4135 0.0394, -0.0142 -0.4128 0.0, -0.0142 -0.4128 0.0394, -0.0147 -0.4121 0.0, -0.0147 -0.4121 0.0394, -0.0149 -0.4113 0.0, -0.0149 -0.4113 0.0394, -0.015 -0.4106 0.0, -0.015 -0.4106 0.0394, -0.0149 -0.4097 0.0, -0.0149 -0.4097 0.0394, -0.0145 -0.4087 0.0, -0.0145 -0.4087 0.0394, -0.0138 -0.4074 0.0, -0.0138 -0.4074 0.0394, -0.0009 -0.4157 0.0394, -0.0009 -0.4157 0.0, 0.0124 -0.4175 0.0, 0.0124 -0.4175 0.0394, 0.2008 -0.4213 0.0394, 0.1958 -0.4304 0.0394, 0.2008 -0.4213 0.0, 0.1958 -0.4304 0.0, 0.1918 -0.397 0.0394, 0.1918 -0.397 0.0, 0.1833 -0.397 0.0394, 0.1833 -0.397 0.0, 0.1833 -0.5482 0.0394, 0.1833 -0.5482 0.0, 0.194 -0.5482 0.0394, 0.194 -0.5482 0.0, 0.2439 -0.4094 0.0394, 0.2439 -0.4094 0.0, 0.2344 -0.4116 0.0, 0.2344 -0.4116 0.0394, 0.2266 -0.4154 0.0, 0.2266 -0.4154 0.0394, 0.2185 -0.4219 0.0, 0.2185 -0.4219 0.0394, 0.2118 -0.4308 0.0, 0.2118 -0.4308 0.0394, 0.2033 -0.45 0.0, 0.2033 -0.45 0.0394, 0.1962 -0.4866 0.0, 0.1962 -0.4866 0.0394, 0.3147 -0.6015 0.0394, 0.3147 -0.6015 0.0, 0.3154 -0.5869 0.0, 0.3154 -0.5869 0.0394, 0.3125 -0.5102 0.0, 0.3125 -0.5102 0.0394, 0.3077 -0.4823 0.0, 0.3077 -0.4823 0.0394, 0.2946 -0.4445 0.0, 0.2946 -0.4445 0.0394, 0.2848 -0.429 0.0, 0.2848 -0.429 0.0394, 0.2754 -0.4196 0.0, 0.2754 -0.4196 0.0394, 0.2658 -0.4136 0.0, 0.2658 -0.4136 0.0394, 0.2557 -0.4102 0.0, 0.2557 -0.4102 0.0394, 0.2484 -0.7385 0.0394, 0.2484 -0.7385 0.0, 0.255 -0.7379 0.0, 0.255 -0.7379 0.0394, 0.2627 -0.7359 0.0, 0.2627 -0.7359 0.0394, 0.2699 -0.732 0.0, 0.2699 -0.732 0.0394, 0.2781 -0.7249 0.0, 0.2781 -0.7249 0.0394, 0.2846 -0.7172 0.0, 0.2846 -0.7172 0.0394, 0.295 -0.6994 0.0, 0.295 -0.6994 0.0394, 0.3042 -0.6691 0.0, 0.3042 -0.6691 0.0394, 0.1867 -0.6473 0.0394, 0.1867 -0.6473 0.0, 0.1903 -0.6712 0.0, 0.1903 -0.6712 0.0394, 0.1982 -0.7037 0.0, 0.1982 -0.7037 0.0394, 0.2054 -0.7172 0.0, 0.2054 -0.7172 0.0394, 0.2134 -0.7261 0.0, 0.2134 -0.7261 0.0394, 0.2233 -0.7329 0.0, 0.2233 -0.7329 0.0394, 0.2356 -0.7374 0.0, 0.2356 -0.7374 0.0394, 0.1839 -0.6173 0.0394, 0.1839 -0.6173 0.0, 0.1748 -0.6178 0.0394, 0.1748 -0.6178 0.0, 0.2405 -0.7572 0.0394, 0.2405 -0.7572 0.0, 0.2264 -0.7546 0.0, 0.2264 -0.7546 0.0394, 0.2134 -0.7485 0.0, 0.2134 -0.7485 0.0394, 0.2027 -0.7398 0.0, 0.2027 -0.7398 0.0394, 0.1935 -0.7274 0.0, 0.1935 -0.7274 0.0394, 0.185 -0.7092 0.0, 0.185 -0.7092 0.0394, 0.1774 -0.6686 0.0, 0.1774 -0.6686 0.0394, 0.3277 -0.5136 0.0394, 0.3277 -0.5136 0.0, 0.3309 -0.5513 0.0, 0.3309 -0.5513 0.0394, 0.3281 -0.6223 0.0, 0.3281 -0.6223 0.0394, 0.321 -0.668 0.0, 0.321 -0.668 0.0394, 0.3054 -0.7138 0.0, 0.3054 -0.7138 0.0394, 0.2932 -0.7339 0.0, 0.2932 -0.7339 0.0394, 0.2836 -0.744 0.0, 0.2836 -0.744 0.0394, 0.2721 -0.7511 0.0, 0.2721 -0.7511 0.0394, 0.2568 -0.7563 0.0, 0.2568 -0.7563 0.0394, 0.2484 -0.3908 0.0394, 0.2484 -0.3908 0.0, 0.2513 -0.3907 0.0, 0.2513 -0.3907 0.0394, 0.2602 -0.3914 0.0, 0.2602 -0.3914 0.0394, 0.2682 -0.3941 0.0, 0.2682 -0.3941 0.0394, 0.2796 -0.4011 0.0, 0.2796 -0.4011 0.0394, 0.2939 -0.4139 0.0, 0.2939 -0.4139 0.0394, 0.3049 -0.4306 0.0, 0.3049 -0.4306 0.0394, 0.3175 -0.463 0.0, 0.3175 -0.463 0.0394, 0.2071 -0.413 0.0, 0.2071 -0.413 0.0394, 0.2193 -0.4019 0.0, 0.2193 -0.4019 0.0394, 0.232 -0.3951 0.0, 0.232 -0.3951 0.0394, 0.4998 -0.3863 0.0394, 0.5009 -0.3806 0.0394, 0.4998 -0.3863 0.0, 0.5009 -0.3806 0.0, 0.497 -0.376 0.0394, 0.497 -0.376 0.0, 0.4721 -0.4072 0.0394, 0.4721 -0.4072 0.0, 0.4805 -0.4429 0.0394, 0.4805 -0.4429 0.0, 0.4804 -0.4359 0.0, 0.4804 -0.4359 0.0394, 0.4781 -0.4198 0.0, 0.4781 -0.4198 0.0394, 0.4805 -0.7317 0.0394, 0.4805 -0.7317 0.0, 0.3962 -0.7147 0.0394, 0.3962 -0.7147 0.0, 0.3987 -0.7158 0.0, 0.3987 -0.7158 0.0394, 0.4044 -0.7208 0.0, 0.4044 -0.7208 0.0394, 0.4088 -0.723 0.0, 0.4088 -0.723 0.0394, 0.4162 -0.7248 0.0, 0.4162 -0.7248 0.0394, 0.4369 -0.7281 0.0, 0.4369 -0.7281 0.0394, 0.373 -0.7401 0.0394, 0.373 -0.7401 0.0, 0.3733 -0.7381 0.0, 0.3733 -0.7381 0.0394, 0.374 -0.7356 0.0, 0.374 -0.7356 0.0394, 0.3749 -0.7341 0.0, 0.3749 -0.7341 0.0394, 0.3768 -0.7321 0.0, 0.3768 -0.7321 0.0394, 0.383 -0.7264 0.0, 0.383 -0.7264 0.0394, 0.4523 -0.7504 0.0394, 0.4523 -0.7504 0.0, 0.4193 -0.7476 0.0, 0.4193 -0.7476 0.0394, 0.4095 -0.7465 0.0, 0.4095 -0.7465 0.0394, 0.386 -0.7433 0.0, 0.386 -0.7433 0.0394, 0.3776 -0.7433 0.0, 0.3776 -0.7433 0.0394, 0.3765 -0.7431 0.0, 0.3765 -0.7431 0.0394, 0.375 -0.7425 0.0, 0.375 -0.7425 0.0394, 0.3741 -0.742 0.0, 0.3741 -0.742 0.0394, 0.3736 -0.7414 0.0, 0.3736 -0.7414 0.0394, 0.476 -0.7526 0.0394, 0.476 -0.7526 0.0, 0.4891 -0.7537 0.0394, 0.4891 -0.7537 0.0, 0.4964 -0.7294 0.0394, 0.4964 -0.7294 0.0, 0.4965 -0.7303 0.0, 0.4965 -0.7303 0.0394, 0.4982 -0.7464 0.0, 0.4982 -0.7464 0.0394, 0.4983 -0.7497 0.0, 0.4983 -0.7497 0.0394, 0.498 -0.7511 0.0, 0.498 -0.7511 0.0394, 0.4972 -0.7526 0.0, 0.4972 -0.7526 0.0394, 0.4965 -0.7535 0.0, 0.4965 -0.7535 0.0394, 0.496 -0.754 0.0, 0.496 -0.754 0.0394, 0.4953 -0.7544 0.0, 0.4953 -0.7544 0.0394, 0.4944 -0.7546 0.0, 0.4944 -0.7546 0.0394, 0.493 -0.7546 0.0, 0.493 -0.7546 0.0394, 0.4953 -0.696 0.0394, 0.4953 -0.696 0.0, 0.4953 -0.4411 0.0394, 0.4953 -0.4411 0.0, 0.4957 -0.4135 0.0, 0.4957 -0.4135 0.0394
            ]
        }
        coordIndex [
            0,1,2,-1,2,1,3,-1,1,4,3,-1,3,4,5,-1,5,4,6,-1,6,4,7,-1,6,7,8,-1,9,10,11,-1,9,11,12,-1,11,13,12,-1,12,13,14,-1,12,14,15,-1,15,14,16,-1,15,16,17,-1,17,16,18,-1,17,18,19,-1,19,18,20,-1,19,20,21,-1,21,20,22,-1,21,22,23,-1,23,22,24,-1,23,24,25,-1,25,24,26,-1,25,26,27,-1,27,26,28,-1,27,28,29,-1,29,28,30,-1,29,30,31,-1,31,30,32,-1,31,32,33,-1,33,32,34,-1,33,34,35,-1,35,34,36,-1,35,36,37,-1,37,36,38,-1,37,38,39,-1,39,38,8,-1,39,8,7,-1,9,40,10,-1,10,40,41,-1,42,43,44,-1,42,44,45,-1,45,44,46,-1,45,46,47,-1,47,46,48,-1,47,48,49,-1,49,48,41,-1,49,41,40,-1,42,50,43,-1,43,50,51,-1,52,53,54,-1,52,54,55,-1,55,54,51,-1,55,51,50,-1,52,56,53,-1,53,56,57,-1,56,58,57,-1,57,58,59,-1,58,60,59,-1,59,60,61,-1,60,62,61,-1,61,62,63,-1,64,65,66,-1,64,66,67,-1,67,66,63,-1,67,63,62,-1,64,68,65,-1,65,68,69,-1,70,71,72,-1,70,72,73,-1,73,72,74,-1,73,74,75,-1,75,74,76,-1,75,76,77,-1,77,76,78,-1,77,78,79,-1,79,78,80,-1,79,80,81,-1,81,80,82,-1,81,82,83,-1,83,82,84,-1,83,84,85,-1,85,84,86,-1,85,86,87,-1,87,86,69,-1,87,69,68,-1,70,88,71,-1,71,88,89,-1,89,88,90,-1,90,88,91,-1,90,91,92,-1,93,94,95,-1,93,95,96,-1,96,95,97,-1,96,97,98,-1,98,97,99,-1,98,99,100,-1,100,99,101,-1,100,101,102,-1,102,101,103,-1,102,103,104,-1,104,103,105,-1,104,105,106,-1,106,105,107,-1,106,107,108,-1,108,107,109,-1,108,109,110,-1,110,109,111,-1,110,111,112,-1,112,111,113,-1,112,113,114,-1,114,113,115,-1,114,115,116,-1,116,115,117,-1,116,117,118,-1,118,117,119,-1,118,119,120,-1,120,119,121,-1,120,121,122,-1,122,121,123,-1,122,123,124,-1,124,123,92,-1,124,92,91,-1,94,93,125,-1,125,93,126,-1,125,126,127,-1,128,56,129,-1,129,56,52,-1,130,131,132,-1,85,87,126,-1,126,87,68,-1,132,133,130,-1,130,133,134,-1,130,134,0,-1,0,134,135,-1,55,1,52,-1,52,1,0,-1,52,0,129,-1,129,0,135,-1,68,64,126,-1,126,64,67,-1,126,67,130,-1,130,67,62,-1,130,62,131,-1,131,62,60,-1,131,60,128,-1,128,60,58,-1,128,58,56,-1,1,40,4,-1,4,40,9,-1,4,9,7,-1,7,9,12,-1,7,12,39,-1,122,93,120,-1,120,93,96,-1,120,96,118,-1,70,73,126,-1,126,73,75,-1,126,75,85,-1,85,75,77,-1,55,50,1,-1,1,50,42,-1,1,42,45,-1,39,12,37,-1,37,12,15,-1,37,15,35,-1,79,81,77,-1,77,81,83,-1,77,83,85,-1,45,47,1,-1,1,47,49,-1,1,49,40,-1,31,33,19,-1,122,124,93,-1,93,124,91,-1,93,91,126,-1,126,91,88,-1,126,88,70,-1,35,15,33,-1,33,15,17,-1,33,17,19,-1,100,102,116,-1,118,96,116,-1,116,96,98,-1,116,98,100,-1,112,106,110,-1,110,106,108,-1,102,104,116,-1,116,104,106,-1,116,106,114,-1,114,106,112,-1,31,19,29,-1,29,19,21,-1,29,21,27,-1,27,21,23,-1,27,23,25,-1,132,131,136,-1,136,131,137,-1,133,132,138,-1,138,132,136,-1,133,138,139,-1,133,139,134,-1,134,139,140,-1,134,140,135,-1,135,140,141,-1,135,141,129,-1,128,129,142,-1,142,129,141,-1,131,128,137,-1,137,128,142,-1,143,144,145,-1,145,144,146,-1,147,148,149,-1,147,149,150,-1,150,149,146,-1,150,146,144,-1,147,151,148,-1,148,151,152,-1,153,154,155,-1,153,155,156,-1,156,155,157,-1,156,157,158,-1,158,157,159,-1,158,159,160,-1,160,159,161,-1,160,161,162,-1,162,161,163,-1,162,163,164,-1,164,163,165,-1,164,165,166,-1,166,165,167,-1,166,167,168,-1,168,167,169,-1,168,169,170,-1,170,169,152,-1,170,152,151,-1,153,171,154,-1,154,171,172,-1,171,173,172,-1,172,173,174,-1,175,176,177,-1,175,177,178,-1,178,177,174,-1,178,174,173,-1,175,179,176,-1,176,179,180,-1,179,181,180,-1,180,181,182,-1,183,184,185,-1,183,185,186,-1,186,185,182,-1,186,182,181,-1,187,188,189,-1,187,189,190,-1,190,189,191,-1,190,191,192,-1,192,191,193,-1,192,193,194,-1,194,193,195,-1,194,195,196,-1,196,195,197,-1,196,197,198,-1,198,197,199,-1,198,199,200,-1,200,199,201,-1,200,201,202,-1,202,201,184,-1,202,184,183,-1,203,204,205,-1,203,205,206,-1,206,205,207,-1,206,207,208,-1,208,207,209,-1,208,209,210,-1,210,209,211,-1,210,211,212,-1,212,211,213,-1,212,213,214,-1,214,213,215,-1,214,215,216,-1,216,215,217,-1,216,217,218,-1,218,217,188,-1,218,188,187,-1,203,219,204,-1,204,219,220,-1,221,222,223,-1,221,223,224,-1,224,223,225,-1,224,225,226,-1,225,227,226,-1,226,227,228,-1,226,228,229,-1,229,228,220,-1,229,220,219,-1,230,231,232,-1,230,232,233,-1,233,232,234,-1,233,234,235,-1,235,234,236,-1,235,236,237,-1,236,238,237,-1,237,238,239,-1,237,239,240,-1,240,239,222,-1,240,222,221,-1,230,241,231,-1,231,241,242,-1,243,244,245,-1,243,245,246,-1,246,245,247,-1,246,247,248,-1,248,247,249,-1,248,249,250,-1,250,249,251,-1,250,251,252,-1,252,251,253,-1,252,253,254,-1,254,253,255,-1,254,255,256,-1,256,255,257,-1,256,257,258,-1,258,257,259,-1,258,259,260,-1,260,259,261,-1,260,261,262,-1,262,261,263,-1,262,263,264,-1,264,263,265,-1,264,265,266,-1,266,265,267,-1,266,267,268,-1,268,267,269,-1,268,269,270,-1,270,269,271,-1,270,271,272,-1,272,271,242,-1,272,242,241,-1,243,143,244,-1,244,143,145,-1,173,171,273,-1,274,200,202,-1,170,151,171,-1,229,143,226,-1,226,143,243,-1,268,270,243,-1,243,270,272,-1,243,272,241,-1,274,202,275,-1,202,183,275,-1,275,183,186,-1,275,186,276,-1,276,186,181,-1,276,181,277,-1,229,219,143,-1,143,219,278,-1,143,278,144,-1,144,278,273,-1,144,273,150,-1,150,273,171,-1,150,171,147,-1,147,171,151,-1,181,179,277,-1,277,179,175,-1,277,175,273,-1,273,175,178,-1,273,178,173,-1,240,221,224,-1,262,264,243,-1,243,264,266,-1,243,266,268,-1,200,274,198,-1,198,274,279,-1,198,279,196,-1,196,279,280,-1,196,280,194,-1,194,280,281,-1,194,281,192,-1,192,281,282,-1,192,282,190,-1,208,283,206,-1,206,283,284,-1,206,284,203,-1,203,284,285,-1,203,285,219,-1,219,285,286,-1,219,286,278,-1,171,153,170,-1,170,153,156,-1,170,156,168,-1,168,156,158,-1,241,230,243,-1,243,230,233,-1,243,233,226,-1,226,233,235,-1,226,235,224,-1,224,235,237,-1,224,237,240,-1,246,248,258,-1,258,248,250,-1,258,250,256,-1,256,250,252,-1,256,252,254,-1,158,160,168,-1,168,160,162,-1,168,162,166,-1,166,162,164,-1,246,258,243,-1,243,258,260,-1,243,260,262,-1,282,287,190,-1,190,287,288,-1,190,288,187,-1,187,288,289,-1,187,289,218,-1,218,289,290,-1,218,290,216,-1,216,290,291,-1,216,291,214,-1,214,291,292,-1,214,292,212,-1,212,292,293,-1,212,293,210,-1,210,293,294,-1,210,294,208,-1,208,294,295,-1,208,295,283,-1,273,278,296,-1,296,278,297,-1,277,273,298,-1,298,273,296,-1,277,298,299,-1,277,299,276,-1,276,299,300,-1,276,300,275,-1,275,300,301,-1,275,301,274,-1,274,301,302,-1,274,302,279,-1,279,302,303,-1,279,303,280,-1,280,303,304,-1,280,304,281,-1,281,304,305,-1,281,305,282,-1,282,305,306,-1,282,306,287,-1,287,306,307,-1,287,307,288,-1,288,307,308,-1,288,308,289,-1,289,308,309,-1,289,309,290,-1,290,309,310,-1,290,310,291,-1,291,310,311,-1,291,311,292,-1,292,311,312,-1,292,312,293,-1,293,312,313,-1,293,313,294,-1,294,313,314,-1,294,314,295,-1,295,314,315,-1,295,315,283,-1,283,315,316,-1,283,316,284,-1,285,284,317,-1,317,284,316,-1,285,317,318,-1,285,318,286,-1,286,318,297,-1,286,297,278,-1,319,320,321,-1,321,320,322,-1,320,323,322,-1,322,323,324,-1,323,325,324,-1,324,325,326,-1,327,328,329,-1,327,329,330,-1,330,329,331,-1,330,331,332,-1,332,331,326,-1,332,326,325,-1,327,333,328,-1,328,333,334,-1,333,335,334,-1,334,335,336,-1,337,338,339,-1,337,339,340,-1,340,339,341,-1,340,341,342,-1,342,341,343,-1,342,343,344,-1,344,343,345,-1,344,345,346,-1,346,345,347,-1,346,347,348,-1,348,347,349,-1,348,349,350,-1,350,349,351,-1,350,351,352,-1,352,351,353,-1,352,353,354,-1,354,353,355,-1,354,355,356,-1,356,355,357,-1,356,357,358,-1,358,357,336,-1,358,336,335,-1,337,359,338,-1,338,359,360,-1,359,361,360,-1,360,361,362,-1,361,363,362,-1,362,363,364,-1,365,366,367,-1,365,367,368,-1,368,367,364,-1,368,364,363,-1,365,369,366,-1,366,369,370,-1,369,371,370,-1,370,371,372,-1,373,374,375,-1,373,375,376,-1,376,375,377,-1,376,377,378,-1,378,377,379,-1,378,379,380,-1,380,379,381,-1,380,381,382,-1,382,381,383,-1,382,383,384,-1,384,383,385,-1,384,385,386,-1,386,385,387,-1,386,387,388,-1,388,387,389,-1,388,389,390,-1,390,389,391,-1,390,391,392,-1,392,391,393,-1,392,393,394,-1,394,393,372,-1,394,372,371,-1,373,395,374,-1,374,395,396,-1,397,398,399,-1,397,399,400,-1,400,399,396,-1,400,396,395,-1,397,401,398,-1,398,401,402,-1,403,404,405,-1,403,405,406,-1,406,405,407,-1,406,407,408,-1,408,407,409,-1,408,409,410,-1,410,409,411,-1,410,411,412,-1,412,411,413,-1,412,413,414,-1,414,413,415,-1,414,415,416,-1,416,415,417,-1,416,417,418,-1,418,417,419,-1,418,419,420,-1,420,419,421,-1,420,421,422,-1,422,421,423,-1,422,423,424,-1,424,423,402,-1,424,402,401,-1,425,426,427,-1,425,427,428,-1,428,427,404,-1,428,404,403,-1,425,429,426,-1,426,429,430,-1,431,432,433,-1,431,433,434,-1,434,433,430,-1,434,430,429,-1,431,435,432,-1,432,435,436,-1,437,438,439,-1,437,439,440,-1,440,439,441,-1,440,441,442,-1,442,441,443,-1,442,443,444,-1,444,443,445,-1,444,445,446,-1,446,445,447,-1,446,447,448,-1,448,447,449,-1,448,449,450,-1,450,449,451,-1,450,451,452,-1,452,451,453,-1,452,453,454,-1,454,453,455,-1,454,455,456,-1,456,455,457,-1,456,457,458,-1,458,457,459,-1,458,459,460,-1,460,459,461,-1,460,461,462,-1,462,461,463,-1,462,463,464,-1,464,463,465,-1,464,465,466,-1,466,465,436,-1,466,436,435,-1,437,467,438,-1,438,467,468,-1,469,470,471,-1,469,471,472,-1,472,471,468,-1,472,468,467,-1,469,473,470,-1,470,473,474,-1,475,476,477,-1,475,477,478,-1,478,477,474,-1,478,474,473,-1,475,479,476,-1,476,479,480,-1,481,482,483,-1,481,483,484,-1,484,483,485,-1,484,485,486,-1,486,485,480,-1,486,480,479,-1,481,487,482,-1,482,487,488,-1,487,489,488,-1,488,489,490,-1,491,492,493,-1,491,493,494,-1,494,493,495,-1,494,495,496,-1,496,495,497,-1,496,497,498,-1,498,497,499,-1,498,499,500,-1,500,499,501,-1,500,501,502,-1,502,501,503,-1,502,503,504,-1,504,503,505,-1,504,505,506,-1,506,505,507,-1,506,507,508,-1,508,507,509,-1,508,509,510,-1,510,509,511,-1,510,511,512,-1,512,511,490,-1,512,490,489,-1,491,513,492,-1,492,513,514,-1,319,321,515,-1,319,515,516,-1,516,515,514,-1,516,514,513,-1,365,368,395,-1,395,368,363,-1,418,420,361,-1,361,420,422,-1,361,422,424,-1,406,361,403,-1,403,361,428,-1,462,464,320,-1,384,386,371,-1,424,401,361,-1,361,401,397,-1,361,397,363,-1,363,397,400,-1,363,400,395,-1,431,434,361,-1,434,429,361,-1,361,429,425,-1,361,425,428,-1,406,408,361,-1,361,408,410,-1,361,410,412,-1,323,359,325,-1,325,359,337,-1,325,337,332,-1,332,337,330,-1,510,512,491,-1,491,512,489,-1,464,466,320,-1,320,466,435,-1,320,435,323,-1,323,435,431,-1,323,431,359,-1,359,431,361,-1,330,337,327,-1,327,337,335,-1,327,335,333,-1,365,395,369,-1,369,395,373,-1,369,373,371,-1,371,373,376,-1,371,376,378,-1,386,388,390,-1,412,414,361,-1,361,414,416,-1,361,416,418,-1,446,448,320,-1,320,448,450,-1,456,458,320,-1,320,458,460,-1,320,460,462,-1,489,487,491,-1,491,487,481,-1,491,481,513,-1,513,481,484,-1,513,484,516,-1,516,484,486,-1,516,486,319,-1,319,486,479,-1,319,479,320,-1,320,479,475,-1,320,475,478,-1,478,473,320,-1,320,473,469,-1,320,469,472,-1,390,392,386,-1,386,392,394,-1,386,394,371,-1,340,356,337,-1,337,356,358,-1,337,358,335,-1,450,452,320,-1,320,452,454,-1,320,454,456,-1,498,500,508,-1,472,467,320,-1,320,467,437,-1,320,437,440,-1,378,380,371,-1,371,380,382,-1,371,382,384,-1,340,342,356,-1,356,342,344,-1,356,344,354,-1,354,344,346,-1,346,348,354,-1,354,348,350,-1,354,350,352,-1,498,508,496,-1,440,442,320,-1,320,442,444,-1,320,444,446,-1,510,491,508,-1,508,491,494,-1,508,494,496,-1,500,502,508,-1,508,502,504,-1,508,504,506,-1,517,518,519,-1,519,518,520,-1,518,521,520,-1,520,521,522,-1,521,523,522,-1,522,523,524,-1,523,525,524,-1,524,525,526,-1,525,527,526,-1,526,527,528,-1,529,530,531,-1,529,531,532,-1,532,531,533,-1,532,533,534,-1,534,533,535,-1,534,535,536,-1,536,535,537,-1,536,537,538,-1,538,537,539,-1,538,539,540,-1,540,539,541,-1,540,541,542,-1,542,541,528,-1,542,528,527,-1,543,544,545,-1,543,545,546,-1,546,545,547,-1,546,547,548,-1,548,547,549,-1,548,549,550,-1,550,549,551,-1,550,551,552,-1,552,551,553,-1,552,553,554,-1,554,553,555,-1,554,555,556,-1,556,555,557,-1,556,557,558,-1,558,557,559,-1,558,559,560,-1,560,559,530,-1,560,530,529,-1,561,562,563,-1,561,563,564,-1,564,563,565,-1,564,565,566,-1,566,565,567,-1,566,567,568,-1,568,567,569,-1,568,569,570,-1,570,569,571,-1,570,571,572,-1,572,571,573,-1,572,573,574,-1,574,573,575,-1,574,575,576,-1,576,575,544,-1,576,544,543,-1,577,578,579,-1,577,579,580,-1,580,579,581,-1,580,581,582,-1,582,581,583,-1,582,583,584,-1,584,583,585,-1,584,585,586,-1,586,585,587,-1,586,587,588,-1,588,587,589,-1,588,589,590,-1,590,589,562,-1,590,562,561,-1,577,591,578,-1,578,591,592,-1,591,593,592,-1,592,593,594,-1,595,596,597,-1,595,597,598,-1,598,597,599,-1,598,599,600,-1,600,599,601,-1,600,601,602,-1,602,601,603,-1,602,603,604,-1,604,603,605,-1,604,605,606,-1,606,605,607,-1,606,607,608,-1,608,607,594,-1,608,594,593,-1,609,610,611,-1,609,611,612,-1,612,611,613,-1,612,613,614,-1,614,613,615,-1,614,615,616,-1,616,615,617,-1,616,617,618,-1,618,617,619,-1,618,619,620,-1,620,619,621,-1,620,621,622,-1,622,621,623,-1,622,623,624,-1,624,623,625,-1,624,625,626,-1,626,625,596,-1,626,596,595,-1,627,628,629,-1,627,629,630,-1,630,629,631,-1,630,631,632,-1,632,631,633,-1,632,633,634,-1,634,633,635,-1,634,635,636,-1,636,635,637,-1,636,637,638,-1,638,637,639,-1,638,639,640,-1,640,639,641,-1,640,641,642,-1,642,641,610,-1,642,610,609,-1,517,519,643,-1,517,643,644,-1,644,643,645,-1,644,645,646,-1,646,645,647,-1,646,647,648,-1,648,647,628,-1,648,628,627,-1,525,523,518,-1,518,523,521,-1,517,534,518,-1,518,534,536,-1,518,536,538,-1,608,593,591,-1,517,644,534,-1,534,644,646,-1,534,646,532,-1,532,646,648,-1,532,648,529,-1,527,525,542,-1,542,525,518,-1,542,518,540,-1,540,518,538,-1,591,577,608,-1,608,577,580,-1,608,580,606,-1,606,580,582,-1,606,582,604,-1,604,582,584,-1,604,584,602,-1,602,584,586,-1,602,586,600,-1,600,586,588,-1,600,588,598,-1,598,588,590,-1,598,590,595,-1,595,590,561,-1,595,561,626,-1,626,561,564,-1,626,564,624,-1,624,564,566,-1,624,566,622,-1,622,566,568,-1,622,568,620,-1,648,627,529,-1,529,627,630,-1,529,630,560,-1,560,630,632,-1,560,632,558,-1,558,632,634,-1,558,634,556,-1,556,634,636,-1,556,636,554,-1,554,636,638,-1,554,638,552,-1,552,638,640,-1,552,640,550,-1,550,640,642,-1,550,642,548,-1,548,642,609,-1,548,609,546,-1,546,609,612,-1,546,612,543,-1,543,612,614,-1,543,614,576,-1,576,614,616,-1,576,616,574,-1,574,616,618,-1,574,618,572,-1,572,618,620,-1,572,620,570,-1,570,620,568,-1,649,650,651,-1,651,650,652,-1,650,653,652,-1,652,653,654,-1,653,655,654,-1,654,655,656,-1,657,658,659,-1,657,659,660,-1,660,659,661,-1,660,661,662,-1,662,661,656,-1,662,656,655,-1,657,663,658,-1,658,663,664,-1,665,666,667,-1,665,667,668,-1,668,667,669,-1,668,669,670,-1,670,669,671,-1,670,671,672,-1,672,671,673,-1,672,673,674,-1,674,673,675,-1,674,675,676,-1,676,675,664,-1,676,664,663,-1,677,678,679,-1,677,679,680,-1,680,679,681,-1,680,681,682,-1,682,681,683,-1,682,683,684,-1,684,683,685,-1,684,685,686,-1,686,685,687,-1,686,687,688,-1,688,687,666,-1,688,666,665,-1,689,690,691,-1,689,691,692,-1,692,691,693,-1,692,693,694,-1,694,693,695,-1,694,695,696,-1,696,695,697,-1,696,697,698,-1,698,697,699,-1,698,699,700,-1,700,699,701,-1,700,701,702,-1,702,701,703,-1,702,703,704,-1,704,703,705,-1,704,705,706,-1,706,705,678,-1,706,678,677,-1,689,707,690,-1,690,707,708,-1,707,709,708,-1,708,709,710,-1,711,712,713,-1,711,713,714,-1,714,713,715,-1,714,715,716,-1,716,715,717,-1,716,717,718,-1,718,717,719,-1,718,719,720,-1,720,719,721,-1,720,721,722,-1,722,721,723,-1,722,723,724,-1,724,723,725,-1,724,725,726,-1,726,725,727,-1,726,727,728,-1,728,727,729,-1,728,729,730,-1,730,729,731,-1,730,731,732,-1,732,731,710,-1,732,710,709,-1,711,733,712,-1,712,733,734,-1,733,735,734,-1,734,735,736,-1,649,651,737,-1,649,737,738,-1,738,737,736,-1,738,736,735,-1,686,688,696,-1,694,696,670,-1,663,722,724,-1,688,665,696,-1,696,665,668,-1,696,668,670,-1,670,672,694,-1,694,672,674,-1,694,674,692,-1,692,674,676,-1,735,733,663,-1,733,711,663,-1,663,711,714,-1,663,714,716,-1,663,730,732,-1,653,650,655,-1,655,650,649,-1,655,649,662,-1,662,649,738,-1,662,738,660,-1,660,738,735,-1,660,735,657,-1,657,735,663,-1,716,718,663,-1,663,718,720,-1,663,720,722,-1,680,682,696,-1,696,682,684,-1,696,684,686,-1,724,726,663,-1,663,726,728,-1,663,728,730,-1,732,709,663,-1,663,709,707,-1,663,707,676,-1,676,707,689,-1,676,689,692,-1,696,698,680,-1,680,698,700,-1,680,700,702,-1,702,704,680,-1,680,704,706,-1,680,706,677,-1,
        ]
    }
}
Shape{
    appearance Appearance {
        material  Material 	{
            diffuseColor 0.2235294117647059 0.2235294117647059 0.2235294117647059
            specularColor 0.11372549019607843 0.11372549019607843 0.11372549019607843
            ambientIntensity 0.2235
            transparency 0.0
            shininess 0.5
        }
    }
    geometry IndexedFaceSet {
        ccw TRUE
        solid FALSE
        coord DEF co Coordinate {
            point [
                -0.3789 -0.5828 0.0, -0.3942 -0.5974 0.0, -0.358 -0.4384 0.0, -0.3211 -0.6048 0.0, -0.3434 -0.6002 0.0, -0.3595 -0.5951 0.0, -0.3648 -0.5924 0.0, -0.1064 -0.4281 0.0, -0.1064 -0.7277 0.0, -0.1171 -0.4236 0.0, -0.1151 -0.728 0.0, -0.1239 -0.7277 0.0, -0.1488 -0.7249 0.0, -0.1662 -0.7226 0.0, -0.2211 -0.6318 0.0, -0.2233 -0.5578 0.0, -0.2231 -0.5426 0.0, -0.1412 -0.4181 0.0, -0.2189 -0.4808 0.0, -0.1789 -0.7194 0.0, -0.188 -0.7154 0.0, -0.1949 -0.7099 0.0, -0.2013 -0.7016 0.0, -0.2131 -0.6748 0.0, -0.2123 -0.4508 0.0, -0.1824 -0.4196 0.0, -0.1658 -0.4162 0.0, -0.2061 -0.438 0.0, -0.1987 -0.4287 0.0, -0.1923 -0.4238 0.0
            ]
        }
        coordIndex [
            0,1,2,-1,2,3,4,-1,4,5,2,-1,2,5,6,-1,2,6,0,-1,7,8,9,-1,9,8,10,-1,10,11,9,-1,9,11,12,-1,9,12,13,-1,14,15,9,-1,9,15,16,-1,9,16,17,-1,17,16,18,-1,13,19,9,-1,9,19,20,-1,9,20,21,-1,21,22,9,-1,9,22,23,-1,9,23,14,-1,24,25,18,-1,18,25,26,-1,18,26,17,-1,24,27,25,-1,25,27,28,-1,25,28,29,-1,
        ]
    }
}
Shape{
    appearance Appearance {
        material  Material 	{
            diffuseColor 1.0 1.0 1.0
            specularColor 0.8784313725490196 0.8784313725490196 0.8784313725490196
            ambientIntensity 1.0
            transparency 0.0
            shininess 0.5
        }
    }
    geometry IndexedFaceSet {
        ccw TRUE
        solid FALSE
        coord DEF co Coordinate {
            point [
                0.9449 0.7044 -1.2234, 0.9449 0.4767 -1.2234, 0.9449 0.689 -1.378, 0.9449 0.4921 -1.378, 0.8268 0.689 -1.378, 0.8268 0.4921 -1.378, 0.8268 0.708 -1.1874, 0.8268 0.4731 -1.1874, 0.9633 0.7283 -0.9842, 0.9633 0.4528 -0.9842, 1.1762 0.7283 -0.6674, 1.1762 0.4528 -0.6674, 1.0307 0.7283 -0.123, 1.0307 0.4528 -0.123, 0.9897 0.7283 0.0695, 0.9897 0.4528 0.0695, 0.8858 0.7283 0.0695, 0.8858 0.4528 0.0695, 1.0853 0.7283 0.1876, 0.8858 0.7283 0.1876, 1.0853 0.4528 0.1876, 0.8858 0.4528 0.1876, 1.1456 0.7283 -0.0955, 1.1456 0.4528 -0.0955, 1.3041 0.7283 -0.6888, 1.3041 0.4528 -0.6888, 1.1056 0.7283 -0.9842, 1.1056 0.4528 -0.9842, -0.8268 0.708 -1.1874, -0.8268 0.4731 -1.1874, -0.8268 0.689 -1.378, -0.8268 0.4921 -1.378, -0.9449 0.689 -1.378, -0.9449 0.4921 -1.378, -0.9449 0.7044 -1.2234, -0.9449 0.4767 -1.2234, -1.1056 0.7283 -0.9842, -1.1056 0.4528 -0.9842, -1.3041 0.7283 -0.6888, -1.3041 0.4528 -0.6888, -1.1456 0.7283 -0.0955, -1.1456 0.4528 -0.0955, -1.0853 0.7283 0.1876, -1.0853 0.4528 0.1876, -0.8858 0.7283 0.1876, -0.8858 0.4528 0.1876, -0.9897 0.7283 0.0695, -0.8858 0.7283 0.0695, -0.9897 0.4528 0.0695, -0.8858 0.4528 0.0695, -1.0307 0.7283 -0.123, -1.0307 0.4528 -0.123, -1.1762 0.7283 -0.6674, -1.1762 0.4528 -0.6674, -0.9633 0.7283 -0.9842, -0.9633 0.4528 -0.9842, 0.9449 -0.4767 -1.2234, 0.9449 -0.7044 -1.2234, 0.9449 -0.4921 -1.378, 0.9449 -0.689 -1.378, 0.8268 -0.4921 -1.378, 0.8268 -0.689 -1.378, 0.8268 -0.4731 -1.1874, 0.8268 -0.708 -1.1874, 0.9633 -0.4528 -0.9842, 0.9633 -0.7283 -0.9842, 1.1762 -0.4528 -0.6674, 1.1762 -0.7283 -0.6674, 1.0307 -0.4528 -0.123, 1.0307 -0.7283 -0.123, 0.9897 -0.4528 0.0695, 0.9897 -0.7283 0.0695, 0.8858 -0.4528 0.0695, 0.8858 -0.7283 0.0695, 1.0853 -0.4528 0.1876, 0.8858 -0.4528 0.1876, 1.0853 -0.7283 0.1876, 0.8858 -0.7283 0.1876, 1.1456 -0.4528 -0.0955, 1.1456 -0.7283 -0.0955, 1.3041 -0.4528 -0.6888, 1.3041 -0.7283 -0.6888, 1.1056 -0.4528 -0.9842, 1.1056 -0.7283 -0.9842, -0.8268 -0.4731 -1.1874, -0.8268 -0.708 -1.1874, -0.8268 -0.4921 -1.378, -0.8268 -0.689 -1.378, -0.9449 -0.4921 -1.378, -0.9449 -0.689 -1.378, -0.9449 -0.4767 -1.2234, -0.9449 -0.7044 -1.2234, -1.1056 -0.4528 -0.9842, -1.1056 -0.7283 -0.9842, -1.3041 -0.4528 -0.6888, -1.3041 -0.7283 -0.6888, -1.1456 -0.4528 -0.0955, -1.1456 -0.7283 -0.0955, -1.0853 -0.4528 0.1876, -1.0853 -0.7283 0.1876, -0.8858 -0.4528 0.1876, -0.8858 -0.7283 0.1876, -0.9897 -0.4528 0.0695, -0.8858 -0.4528 0.0695, -0.9897 -0.7283 0.0695, -0.8858 -0.7283 0.0695, -1.0307 -0.4528 -0.123, -1.0307 -0.7283 -0.123, -1.1762 -0.4528 -0.6674, -1.1762 -0.7283 -0.6674, -0.9633 -0.4528 -0.9842, -0.9633 -0.7283 -0.9842
            ]
        }
        coordIndex [
            0,1,2,-1,2,1,3,-1,2,3,4,-1,4,3,5,-1,4,5,6,-1,6,5,7,-1,6,7,8,-1,8,7,9,-1,8,9,10,-1,10,9,11,-1,12,10,13,-1,13,10,11,-1,14,12,15,-1,15,12,13,-1,16,14,17,-1,17,14,15,-1,18,19,20,-1,20,19,21,-1,22,18,23,-1,23,18,20,-1,24,22,25,-1,25,22,23,-1,24,25,26,-1,26,25,27,-1,26,27,0,-1,0,27,1,-1,26,8,24,-1,24,8,10,-1,24,10,22,-1,22,10,12,-1,22,12,18,-1,18,12,14,-1,18,14,19,-1,19,14,16,-1,21,17,20,-1,20,17,15,-1,20,15,23,-1,23,15,13,-1,23,13,25,-1,25,13,11,-1,25,11,27,-1,27,11,9,-1,28,29,30,-1,30,29,31,-1,30,31,32,-1,32,31,33,-1,32,33,34,-1,34,33,35,-1,34,35,36,-1,36,35,37,-1,36,37,38,-1,38,37,39,-1,40,38,41,-1,41,38,39,-1,42,40,43,-1,43,40,41,-1,44,42,45,-1,45,42,43,-1,46,47,48,-1,48,47,49,-1,50,46,51,-1,51,46,48,-1,52,50,53,-1,53,50,51,-1,52,53,54,-1,54,53,55,-1,54,55,28,-1,28,55,29,-1,44,47,42,-1,42,47,46,-1,42,46,40,-1,40,46,50,-1,40,50,38,-1,38,50,52,-1,38,52,36,-1,36,52,54,-1,37,55,39,-1,39,55,53,-1,39,53,41,-1,41,53,51,-1,41,51,43,-1,43,51,48,-1,43,48,45,-1,45,48,49,-1,56,57,58,-1,58,57,59,-1,58,59,60,-1,60,59,61,-1,60,61,62,-1,62,61,63,-1,62,63,64,-1,64,63,65,-1,64,65,66,-1,66,65,67,-1,68,66,69,-1,69,66,67,-1,70,68,71,-1,71,68,69,-1,72,70,73,-1,73,70,71,-1,74,75,76,-1,76,75,77,-1,78,74,79,-1,79,74,76,-1,80,78,81,-1,81,78,79,-1,80,81,82,-1,82,81,83,-1,82,83,56,-1,56,83,57,-1,82,64,80,-1,80,64,66,-1,80,66,78,-1,78,66,68,-1,78,68,74,-1,74,68,70,-1,74,70,75,-1,75,70,72,-1,77,73,76,-1,76,73,71,-1,76,71,79,-1,79,71,69,-1,79,69,81,-1,81,69,67,-1,81,67,83,-1,83,67,65,-1,84,85,86,-1,86,85,87,-1,86,87,88,-1,88,87,89,-1,88,89,90,-1,90,89,91,-1,90,91,92,-1,92,91,93,-1,92,93,94,-1,94,93,95,-1,96,94,97,-1,97,94,95,-1,98,96,99,-1,99,96,97,-1,100,98,101,-1,101,98,99,-1,102,103,104,-1,104,103,105,-1,106,102,107,-1,107,102,104,-1,108,106,109,-1,109,106,107,-1,108,109,110,-1,110,109,111,-1,110,111,84,-1,84,111,85,-1,100,103,98,-1,98,103,102,-1,98,102,96,-1,96,102,106,-1,96,106,94,-1,94,106,108,-1,94,108,92,-1,92,108,110,-1,93,111,95,-1,95,111,109,-1,95,109,97,-1,97,109,107,-1,97,107,99,-1,99,107,104,-1,99,104,101,-1,101,104,105,-1,83,65,57,-1,57,65,63,-1,57,63,59,-1,59,63,61,-1,89,87,91,-1,91,87,85,-1,91,85,93,-1,93,85,111,-1,27,9,1,-1,1,9,7,-1,1,7,3,-1,3,7,5,-1,33,31,35,-1,35,31,29,-1,35,29,37,-1,37,29,55,-1,92,110,90,-1,90,110,84,-1,90,84,88,-1,88,84,86,-1,58,60,56,-1,56,60,62,-1,56,62,82,-1,82,62,64,-1,2,4,0,-1,0,4,6,-1,0,6,26,-1,26,6,8,-1,36,54,34,-1,34,54,28,-1,34,28,32,-1,32,28,30,-1,
        ]
    }
}