#VRML V2.0 utf8
# 3D model generated by easyeda2kicad.py (https://github.com/uPesy/easyeda2kicad.py)

Shape{
    appearance Appearance {
        material  Material 	{
            diffuseColor 0.20784313725490197 0.20784313725490197 0.20784313725490197
            specularColor 0.01568627450980392 0.01568627450980392 0.01568627450980392
            ambientIntensity 0.298
            transparency 0.0
            shininess 0.5
        }
    }
    geometry IndexedFaceSet {
        ccw TRUE
        solid FALSE
        coord DEF co Coordinate {
            point [
                1.1122 2.0079 1.1218, 1.1122 2.0079 1.0527, 0.0012 2.0079 1.0527, -0.0453 2.0079 0.9605, -0.0453 2.0079 0.8841, -0.0796 2.0079 0.8841, 0.0012 2.0079 0.7366, 0.0012 2.0079 0.7025, -0.0818 2.0079 0.7025, -0.7355 2.0079 0.0194, -0.8003 2.0079 0.0194, -0.8003 2.0079 0.7025, -0.2842 2.0079 0.8137, -0.2842 2.0079 0.7861, -0.3004 2.0079 0.7861, -0.1816 2.0079 0.7371, -0.1778 2.0079 0.7366, -0.1995 2.0079 0.7366, -0.1762 2.0079 0.8841, -0.1995 2.0079 0.8841, -0.1762 2.0079 0.9131, -0.1995 2.0079 0.9131, -0.207 2.0079 0.923, -0.207 2.0079 0.9131, -0.2196 2.0079 0.8482, -0.1995 2.0079 0.9613, -0.2095 2.0079 0.9605, -0.2196 2.0079 0.9613, -0.2095 2.0079 0.9506, -0.2114 2.0079 0.8841, -0.2114 2.0079 0.8742, -0.1995 2.0079 0.8482, -0.1995 2.0079 0.9506, -0.1995 2.0079 0.923, -0.1762 2.0079 0.9506, -0.1762 2.0079 0.923, -0.1995 2.0079 0.8742, -0.165 2.0079 0.8742, -0.16 2.0079 0.8482, -0.16 2.0079 0.9613, -0.165 2.0079 0.9605, -0.1995 2.0079 0.9605, -0.3276 2.0079 0.8978, -0.3234 2.0079 0.8978, -0.3276 2.0079 0.8482, -0.3151 2.0079 0.8742, -0.3004 2.0079 0.8482, -0.3028 2.0079 0.8742, -0.3004 2.0079 0.9613, -0.3276 2.0079 0.9613, -0.3276 2.0079 0.9395, -0.3356 2.0079 0.9605, -0.3475 2.0079 0.9605, -0.3593 2.0079 0.8978, -0.3681 2.0079 0.8742, -0.3804 2.0079 0.8742, -0.4084 2.0079 0.8482, -0.4084 2.0079 0.9613, -0.096 2.0079 0.9274, -0.1441 2.0079 0.8868, -0.0988 2.0079 0.935, -0.1028 2.0079 0.9411, -0.0948 2.0079 0.9164, -0.0948 2.0079 0.9156, -0.1392 2.0079 0.8847, -0.1295 2.0079 0.8829, -0.1236 2.0079 0.9517, -0.1162 2.0079 0.9502, -0.1441 2.0079 0.9484, -0.1377 2.0079 0.9507, -0.1274 2.0079 0.9519, -0.1094 2.0079 0.947, -0.1039 2.0079 0.9424, -0.0962 2.0079 0.905, -0.0989 2.0079 0.898, -0.1033 2.0079 0.8918, -0.1111 2.0079 0.8859, -0.1174 2.0079 0.8836, -0.1255 2.0079 0.8827, -0.1054 2.0079 0.8898, -0.1465 2.0079 0.9475, -0.1478 2.0079 0.8885, -0.1478 2.0079 0.9468, -0.1441 2.0079 0.8764, -0.1441 2.0079 0.8482, -0.1463 2.0079 0.8771, -0.1478 2.0079 0.8778, -0.1362 2.0079 0.9613, -0.1393 2.0079 0.961, -0.1441 2.0079 0.9613, -0.1441 2.0079 0.9595, -0.1478 2.0079 0.9585, -0.1273 2.0079 0.962, -0.1281 2.0079 0.962, -0.1441 2.0079 1.0527, -0.1205 2.0079 0.9613, -0.087 2.0079 0.9613, -0.1162 2.0079 0.9608, -0.1069 2.0079 0.9575, -0.0895 2.0079 0.9414, -0.0956 2.0079 0.9493, -0.0984 2.0079 0.9519, -0.0818 2.0079 0.9613, -0.0854 2.0079 0.9319, -0.087 2.0079 0.9356, -0.087 2.0079 0.8959, -0.0844 2.0079 0.9038, -0.0818 2.0079 0.8482, -0.0832 2.0079 0.9158, -0.0833 2.0079 0.9207, -0.1096 2.0079 0.8749, -0.1014 2.0079 0.8787, -0.087 2.0079 0.8482, -0.0942 2.0079 0.8846, -0.0924 2.0079 0.8867, -0.0875 2.0079 0.8943, -0.137 2.0079 0.874, -0.1239 2.0079 0.8728, -0.119 2.0079 0.873, -0.0952 2.0079 0.7667, -0.0969 2.0079 0.7842, -0.0931 2.0079 0.7637, -0.0916 2.0079 0.7598, -0.1441 2.0079 0.7366, -0.1404 2.0079 0.7374, -0.1296 2.0079 0.7374, -0.087 2.0079 0.7366, -0.0927 2.0079 0.7453, -0.0914 2.0079 0.749, -0.1246 2.0079 0.7998, -0.1291 2.0079 0.7984, -0.1327 2.0079 0.7964, -0.1356 2.0079 0.7937, -0.0986 2.0079 0.7696, -0.1032 2.0079 0.772, -0.1038 2.0079 0.7886, -0.1113 2.0079 0.774, -0.1208 2.0079 0.7912, -0.1171 2.0079 0.7916, -0.1106 2.0079 0.7909, -0.0998 2.0079 0.7382, -0.0962 2.0079 0.7408, -0.095 2.0079 0.742, -0.1296 2.0079 0.7469, -0.1293 2.0079 0.7469, -0.1276 2.0079 0.7443, -0.1242 2.0079 0.7407, -0.1378 2.0079 0.7902, -0.1395 2.0079 0.7853, -0.1404 2.0079 0.777, -0.0909 2.0079 0.7539, -0.0909 2.0079 0.7552, -0.0969 2.0079 0.7947, -0.0996 2.0079 0.7962, -0.1077 2.0079 0.7992, -0.1181 2.0079 0.8004, -0.1296 2.0079 0.7765, -0.1292 2.0079 0.7813, -0.1281 2.0079 0.7852, -0.1268 2.0079 0.7874, -0.1252 2.0079 0.7891, -0.1233 2.0079 0.7904, -0.1204 2.0079 0.7381, -0.1163 2.0079 0.7366, -0.1441 2.0079 0.7025, -0.116 2.0079 0.7365, -0.1104 2.0079 0.7359, -0.087 2.0079 0.7025, -0.1041 2.0079 0.7366, -0.104 2.0079 0.7367, 0.2754 2.0079 0.0194, 0.2559 2.0079 0.0194, 0.2559 2.0079 0.2163, 1.1122 2.0079 0.0194, 0.9424 2.0079 0.0194, 1.1122 2.0079 0.7025, 0.7355 2.0079 0.0194, 0.1973 2.0079 0.3344, 0.2799 2.0079 0.6984, 0.2948 2.0079 0.6966, 0.1973 2.0079 0.2163, -0.2196 2.0079 0.2163, -0.2559 2.0079 0.2163, -0.3004 2.0079 0.7025, -0.16 2.0079 0.7025, -0.16 2.0079 0.3344, -0.1995 2.0079 0.7025, -0.1973 2.0079 0.3344, -0.087 2.0079 0.3344, -0.1441 2.0079 0.3344, 0.2694 2.0079 0.7025, 0.0012 2.0079 0.3344, -0.0818 2.0079 0.3344, -0.2731 2.0079 0.8236, -0.3004 2.0079 0.8236, -0.2614 2.0079 0.799, -0.2369 2.0079 0.7366, -0.2731 2.0079 0.7374, -0.3004 2.0079 0.7366, -0.2305 2.0079 0.7527, -0.2318 2.0079 0.7476, -0.2321 2.0079 0.7476, -0.2502 2.0079 0.799, -0.2196 2.0079 0.784, -0.2334 2.0079 0.7526, -0.2326 2.0079 0.7497, -0.2023 2.0079 0.799, -0.2196 2.0079 0.755, -0.2144 2.0079 0.799, -0.2196 2.0079 0.7366, -0.2261 2.0079 0.7366, -0.2265 2.0079 0.7375, -0.2196 2.0079 0.7224, -0.2196 2.0079 0.7224, -0.2217 2.0079 0.7263, -0.2045 2.0079 0.7092, -0.2045 2.0079 0.7188, -0.2196 2.0079 0.7025, -0.2158 2.0079 0.7088, -0.2115 2.0079 0.7083, -0.2106 2.0079 0.7176, -0.2132 2.0079 0.7179, -0.2091 2.0079 0.7084, -0.2156 2.0079 0.7188, -0.2176 2.0079 0.7202, -0.2239 2.0079 0.7131, -0.2201 2.0079 0.7105, -0.2196 2.0079 0.7103, -0.2335 2.0079 0.7281, -0.2286 2.0079 0.7185, -0.2246 2.0079 0.7138, -0.1995 2.0079 0.2163, -0.1973 2.0079 0.2163, -0.1652 2.0079 0.7974, -0.1711 2.0079 0.7995, -0.162 2.0079 0.7955, -0.193 2.0079 0.7643, -0.1951 2.0079 0.7613, -0.1937 2.0079 0.7872, -0.1948 2.0079 0.7464, -0.1928 2.0079 0.7435, -0.1791 2.0079 0.8004, -0.1962 2.0079 0.7581, -0.1967 2.0079 0.7541, -0.1961 2.0079 0.7498, -0.1937 2.0079 0.7977, -0.1851 2.0079 0.8, -0.1897 2.0079 0.7408, -0.1873 2.0079 0.7393, -0.178 2.0079 0.7916, -0.1748 2.0079 0.7914, -0.1662 2.0079 0.7833, -0.172 2.0079 0.7906, -0.1695 2.0079 0.7893, -0.1663 2.0079 0.7819, -0.1668 2.0079 0.7802, -0.1675 2.0079 0.7788, -0.1686 2.0079 0.7776, -0.1724 2.0079 0.7752, -0.1851 2.0079 0.7908, -0.1791 2.0079 0.7723, -0.1912 2.0079 0.7886, -0.1833 2.0079 0.7706, -0.1905 2.0079 0.7666, -0.1679 2.0079 0.7879, -0.167 2.0079 0.7865, -0.1664 2.0079 0.785, -0.16 2.0079 0.7378, -0.155 2.0079 0.7395, -0.155 2.0079 0.7507, -0.1551 2.0079 0.7824, -0.1555 2.0079 0.7862, -0.1568 2.0079 0.7749, -0.1556 2.0079 0.7782, -0.1568 2.0079 0.7897, -0.1588 2.0079 0.7926, -0.16 2.0079 0.7937, -0.1593 2.0079 0.7481, -0.16 2.0079 0.7478, -0.16 2.0079 0.7707, -0.1582 2.0079 0.7726, -0.1599 2.0079 0.7708, -0.166 2.0079 0.7455, -0.1715 2.0079 0.7644, -0.165 2.0079 0.7674, -0.1728 2.0079 0.7447, -0.1733 2.0079 0.7447, -0.1786 2.0079 0.7615, -0.1788 2.0079 0.7454, -0.1856 2.0079 0.7531, -0.1855 2.0079 0.7544, -0.1816 2.0079 0.7464, -0.1826 2.0079 0.747, -0.1838 2.0079 0.7481, -0.1848 2.0079 0.7495, -0.1853 2.0079 0.751, -0.185 2.0079 0.7561, -0.1841 2.0079 0.7575, -0.1828 2.0079 0.7589, -0.1628 2.0079 0.7368, -0.16 2.0079 0.7366, -0.1646 2.0079 0.7366, -0.1718 2.0079 0.7359, -0.2067 2.0079 0.7181, 0.1445 2.0079 0.9613, 0.1304 2.0079 0.9518, 0.0012 2.0079 0.9613, 0.1101 2.0079 0.9283, 0.0414 2.0079 0.8482, 0.0012 2.0079 0.8482, 0.0469 2.0079 0.8618, 0.0594 2.0079 0.8792, 0.0761 2.0079 0.8933, 0.0973 2.0079 0.9033, 0.0943 2.0079 0.9023, 0.2725 2.0079 0.969, 0.2442 2.0079 0.9799, 0.2138 2.0079 0.9837, 0.1886 2.0079 0.981, 0.1578 2.0079 0.9702, 0.285 2.0079 0.9613, 1.1122 2.0079 0.9613, 0.2875 2.0079 0.9598, 0.4139 2.0079 0.8856, 0.3991 2.0079 0.9045, 0.3528 2.0079 0.931, 0.3286 2.0079 0.934, 0.3019 2.0079 0.9474, 0.3215 2.0079 0.9336, 0.3144 2.0079 0.9328, 0.395 2.0079 0.9084, 0.3755 2.0079 0.9222, 0.3831 2.0079 0.7514, 0.4022 2.0079 0.7677, 1.1122 2.0079 0.7366, 0.3609 2.0079 0.7406, 0.4162 2.0079 0.7877, 0.425 2.0079 0.8105, 1.1122 2.0079 0.8482, 0.4279 2.0079 0.8346, 0.4278 2.0079 0.8404, 0.4264 2.0079 0.8482, 0.4237 2.0079 0.8635, 0.3531 2.0079 0.7383, 0.3523 2.0079 0.7366, 0.3469 2.0079 0.7251, 0.3378 2.0079 0.7138, 0.2971 2.0079 0.6966, 0.3116 2.0079 0.6989, 0.3202 2.0079 0.7025, 0.3258 2.0079 0.7048, 0.2374 2.0079 0.7366, 0.2374 2.0079 0.7362, 0.2447 2.0079 0.7226, 0.254 2.0079 0.7122, 0.2662 2.0079 0.7037, 0.159 2.0079 0.7728, 0.1548 2.0079 0.7745, 0.1476 2.0079 0.8095, 0.0592 2.0079 0.7647, 0.0759 2.0079 0.7506, 0.2488 2.0079 0.799, 0.1666 2.0079 0.842, 0.2596 2.0079 0.8088, 0.2726 2.0079 0.8158, 0.1628 2.0079 0.7701, 0.047 2.0079 0.7817, 0.0749 2.0079 0.8277, 0.0778 2.0079 0.8395, 0.0825 2.0079 0.8482, 0.3878 2.0079 0.8482, 0.0394 2.0079 0.843, 0.0365 2.0079 0.8229, 0.0393 2.0079 0.8011, 0.15 2.0079 0.7751, 0.1494 2.0079 0.7751, 0.1476 2.0079 0.7746, 0.3841 2.0079 0.8112, 0.3769 2.0079 0.799, 0.3457 2.0079 0.7925, 0.3659 2.0079 0.7877, 0.3525 2.0079 0.7794, 0.3231 2.0079 0.8129, 0.3356 2.0079 0.8041, 0.3893 2.0079 0.8358, 0.3885 2.0079 0.8262, 0.3095 2.0079 0.8181, 0.2948 2.0079 0.8199, 0.2874 2.0079 0.8194, 0.1691 2.0079 0.7561, 0.1689 2.0079 0.7585, 0.2335 2.0079 0.7641, 0.1677 2.0079 0.7632, 0.1653 2.0079 0.7674, 0.1547 2.0079 0.7376, 0.1588 2.0079 0.7392, 0.1628 2.0079 0.742, 0.1642 2.0079 0.7435, 0.1669 2.0079 0.7473, 0.1685 2.0079 0.7515, 0.2338 2.0079 0.7514, 0.2335 2.0079 0.7579, 0.0861 2.0079 0.791, 0.0796 2.0079 0.8007, 0.0757 2.0079 0.8118, 0.0746 2.0079 0.8223, 0.0946 2.0079 0.7414, 0.1151 2.0079 0.7371, 0.1513 2.0079 0.7371, 0.1464 2.0079 0.7745, 0.1187 2.0079 0.7745, 0.112 2.0079 0.7755, 0.1007 2.0079 0.7795, 0.0909 2.0079 0.786, 0.1407 2.0079 0.9072, 0.1545 2.0079 0.9237, 0.2954 2.0079 0.888, 0.1559 2.0079 0.9249, 0.1731 2.0079 0.9369, 0.286 2.0079 0.9074, 0.2996 2.0079 0.8903, 0.3134 2.0079 0.8953, 0.112 2.0079 0.869, 0.1224 2.0079 0.8702, 0.1273 2.0079 0.8702, 0.1312 2.0079 0.8874, 0.0835 2.0079 0.8501, 0.0915 2.0079 0.8588, 0.1012 2.0079 0.8652, 0.3496 2.0079 0.8932, 0.3633 2.0079 0.8859, 0.3345 2.0079 0.8968, 0.3737 2.0079 0.8766, 0.3822 2.0079 0.8644, 0.2723 2.0079 0.9238, 0.1924 2.0079 0.9443, 0.2559 2.0079 0.9358, 0.2132 2.0079 0.9469, 0.2359 2.0079 0.9439, 0.3279 2.0079 0.8972, 0.3874 2.0079 0.8507, -0.2842 2.0079 0.7472, -0.3004 2.0079 0.7472, -0.2842 2.0079 0.7762, -0.3004 2.0079 0.7762, -0.3175 2.0079 0.8137, -0.3276 2.0079 0.7366, -0.3175 2.0079 0.8236, -0.3195 2.0079 0.7472, -0.3195 2.0079 0.7374, -0.3004 2.0079 0.7374, -0.3151 2.0079 0.7762, -0.3151 2.0079 0.7861, -0.3004 2.0079 0.8137, -0.4206 2.0079 0.0194, -0.4084 2.0079 0.7025, -0.4084 2.0079 0.0194, -0.3276 2.0079 0.7025, -0.3276 2.0079 0.0194, -0.3004 2.0079 0.0194, -0.2559 2.0079 0.0194, -0.4084 2.0079 0.7366, -0.0818 2.0079 0.7366, -0.0805 2.0079 0.7374, -0.0341 2.0079 0.7374, -0.0805 2.0079 0.7472, -0.0786 2.0079 0.8137, -0.0341 2.0079 0.8236, -0.0786 2.0079 0.8236, -0.0453 2.0079 0.7762, -0.0453 2.0079 0.7472, -0.0761 2.0079 0.7762, -0.0761 2.0079 0.7861, -0.0453 2.0079 0.7861, -0.0453 2.0079 0.8137, -0.3358 2.0079 0.8236, -0.3604 2.0079 0.8236, -0.3743 2.0079 0.822, -0.3846 2.0079 0.8181, -0.4058 2.0079 0.7759, -0.406 2.0079 0.7816, -0.4048 2.0079 0.7925, -0.4018 2.0079 0.8009, -0.4036 2.0079 0.7658, -0.3993 2.0079 0.7569, -0.393 2.0079 0.7494, -0.3358 2.0079 0.7374, -0.3595 2.0079 0.7374, -0.3739 2.0079 0.7391, -0.393 2.0079 0.8122, -0.3966 2.0079 0.8086, -0.3921 2.0079 0.7486, -0.3838 2.0079 0.7429, -0.4885 2.0079 0.7374, -0.4762 2.0079 0.7374, -0.8003 2.0079 0.7366, -0.8003 2.0079 0.8482, -0.4556 2.0079 0.8236, -0.4674 2.0079 0.761, -0.4314 2.0079 0.761, -0.4231 2.0079 0.7374, -0.4108 2.0079 0.7374, -0.4437 2.0079 0.8236, -0.0341 2.0079 0.8742, -0.0341 2.0079 0.9605, -0.0796 2.0079 0.8742, -0.2515 2.0079 0.8742, -0.2277 2.0079 0.8742, -0.2956 2.0079 0.9027, -0.2913 2.0079 0.8938, -0.285 2.0079 0.8863, -0.2659 2.0079 0.876, -0.2277 2.0079 0.9605, -0.2523 2.0079 0.9605, -0.2662 2.0079 0.9589, -0.2765 2.0079 0.955, -0.2938 2.0079 0.9378, -0.2968 2.0079 0.9294, -0.298 2.0079 0.9185, -0.2977 2.0079 0.9128, -0.2841 2.0079 0.8855, -0.2758 2.0079 0.8798, -0.285 2.0079 0.9491, -0.2886 2.0079 0.9455, -0.8003 2.0079 0.9613, -1.1122 2.0079 0.0194, -1.1122 2.0079 0.7025, -1.1122 2.0079 0.7366, -1.1122 2.0079 0.8482, -1.1122 2.0079 0.9613, -0.087 2.0079 1.0527, -0.0818 2.0079 1.0527, -0.16 2.0079 1.0527, -0.1995 2.0079 1.0527, -0.2196 2.0079 1.0527, -0.3004 2.0079 1.0527, -0.3276 2.0079 1.0527, -0.4084 2.0079 1.0527, -0.8003 2.0079 1.0527, -1.1122 2.0079 1.0527, 0.0012 2.0079 1.1218, -0.0818 2.0079 1.1218, -0.087 2.0079 1.1218, -0.1441 2.0079 1.1218, -0.16 2.0079 1.1218, -0.1995 2.0079 1.1218, -0.2196 2.0079 1.1218, -0.3004 2.0079 1.1218, -0.3276 2.0079 1.1218, -0.4084 2.0079 1.1218, -0.8003 2.0079 1.1218, -1.1122 2.0079 1.1218, 0.1969 1.2795 0.0194, 0.1969 1.2795 0.0588, 0.1901 1.3305 0.0194, 0.1901 1.3305 0.0588, 0.1772 1.3618 0.0194, 0.1705 1.378 0.0588, -0.1901 1.3305 0.0588, -0.1772 1.3618 0.0194, -0.1705 1.378 0.0588, -0.1705 1.378 0.0194, -0.1392 1.4187 0.0588, -0.1392 1.4187 0.0194, -0.0984 1.45 0.0588, -0.0984 1.45 0.0194, -0.0509 1.4697 0.0588, -0.0509 1.4697 0.0194, 0.0 1.4764 0.0588, 0.0 1.4764 0.0194, 0.0509 1.4697 0.0588, 0.0509 1.4697 0.0194, 0.0984 1.45 0.0588, 0.0984 1.45 0.0194, 0.1392 1.4187 0.0588, 0.1392 1.4187 0.0194, 0.1705 1.378 0.0194, -0.1969 1.2795 0.0588, -0.1969 1.2795 0.0194, -0.1901 1.3305 0.0194, 0.1575 0.6447 0.0194, 0.1575 0.6447 0.0588, 0.1521 0.6854 0.0194, 0.1521 0.6854 0.0588, 0.1364 0.7234 0.0194, 0.1364 0.7234 0.0588, 0.1271 0.7355 0.0194, 0.1114 0.756 0.0588, -0.1364 0.7234 0.0588, -0.1271 0.7355 0.0194, -0.1114 0.756 0.0588, -0.1114 0.756 0.0194, -0.0787 0.7811 0.0588, -0.0787 0.7811 0.0194, -0.0408 0.7968 0.0588, -0.0408 0.7968 0.0194, 0.0 0.8022 0.0588, 0.0 0.8022 0.0194, 0.0408 0.7968 0.0588, 0.0408 0.7968 0.0194, 0.0787 0.7811 0.0588, 0.0787 0.7811 0.0194, 0.1114 0.756 0.0194, -0.1575 0.6447 0.0588, -0.1575 0.6447 0.0194, -0.1521 0.6854 0.0588, -0.1521 0.6854 0.0194, -0.1364 0.7234 0.0194, 0.1969 -0.0 0.0194, 0.1969 -0.0 0.0588, 0.1901 0.0509 0.0194, 0.1901 0.0509 0.0588, 0.1772 0.0823 0.0194, 0.1705 0.0984 0.0588, 0.0509 0.1901 0.0588, 0.0823 0.1772 0.0194, 0.0984 0.1705 0.0588, 0.0984 0.1705 0.0194, 0.1392 0.1392 0.0588, 0.1392 0.1392 0.0194, 0.1705 0.0984 0.0194, -0.0984 0.1705 0.0588, -0.0823 0.1772 0.0194, -0.0509 0.1901 0.0588, -0.0509 0.1901 0.0194, 0.0 0.1969 0.0588, 0.0 0.1969 0.0194, 0.0509 0.1901 0.0194, -0.1901 0.0509 0.0588, -0.1772 0.0823 0.0194, -0.1705 0.0984 0.0588, -0.1705 0.0984 0.0194, -0.1392 0.1392 0.0588, -0.1392 0.1392 0.0194, -0.0984 0.1705 0.0194, -0.1969 -0.0 0.0588, -0.1969 -0.0 0.0194, -0.1901 0.0509 0.0194, 0.1575 -0.6447 0.0194, 0.1575 -0.6447 0.0588, 0.1521 -0.6039 0.0194, 0.1521 -0.6039 0.0588, 0.1364 -0.5659 0.0194, 0.1364 -0.5659 0.0588, 0.1114 -0.5333 0.0194, 0.1114 -0.5333 0.0588, 0.0787 -0.5083 0.0194, 0.0787 -0.5083 0.0588, 0.0408 -0.4926 0.0194, 0.0408 -0.4926 0.0588, 0.0 -0.4872 0.0194, 0.0 -0.4872 0.0588, -0.0408 -0.4926 0.0194, -0.0408 -0.4926 0.0588, -0.0787 -0.5083 0.0194, -0.0787 -0.5083 0.0588, -0.1114 -0.5333 0.0194, -0.1114 -0.5333 0.0588, -0.1364 -0.5659 0.0194, -0.1364 -0.5659 0.0588, -0.1521 -0.6039 0.0194, -0.1521 -0.6039 0.0588, -0.1575 -0.6447 0.0194, -0.1575 -0.6447 0.0588, 0.1969 -1.2795 0.0194, 0.1969 -1.2795 0.0588, 0.193 -1.25 0.0194, 0.1901 -1.2286 0.0588, 0.1901 -1.2286 0.0194, 0.1772 -1.1972 0.0194, 0.1705 -1.1811 0.0588, 0.1705 -1.1811 0.0194, 0.1392 -1.1403 0.0194, 0.1392 -1.1403 0.0588, 0.0984 -1.1091 0.0194, 0.0984 -1.1091 0.0588, 0.0509 -1.0894 0.0194, 0.0509 -1.0894 0.0588, 0.0 -1.0827 0.0194, 0.0 -1.0827 0.0588, -0.0509 -1.0894 0.0194, -0.0509 -1.0894 0.0588, -0.0984 -1.1091 0.0194, -0.0984 -1.1091 0.0588, -0.1392 -1.1403 0.0194, -0.1392 -1.1403 0.0588, -0.1705 -1.1811 0.0194, -0.1705 -1.1811 0.0588, -0.1772 -1.1972 0.0194, -0.1901 -1.2286 0.0588, -0.1901 -1.2286 0.0194, -0.193 -1.25 0.0194, -0.1969 -1.2795 0.0588, -0.1969 -1.2795 0.0194
            ]
        }
        coordIndex [
            0,1,2,-1,3,4,5,-1,6,7,8,-1,9,10,11,-1,12,13,14,-1,15,16,17,-1,18,19,20,-1,20,19,21,-1,22,23,24,-1,25,26,27,-1,27,26,28,-1,21,19,23,-1,23,19,29,-1,23,29,24,-1,24,29,30,-1,24,30,31,-1,28,32,33,-1,33,32,34,-1,33,34,35,-1,36,37,38,-1,39,40,25,-1,25,40,41,-1,25,41,26,-1,42,43,44,-1,44,43,45,-1,44,45,46,-1,46,45,47,-1,46,47,48,-1,48,47,49,-1,47,50,49,-1,49,50,51,-1,49,51,52,-1,53,42,54,-1,54,42,44,-1,54,44,55,-1,55,44,56,-1,55,56,52,-1,52,56,57,-1,52,57,49,-1,58,59,60,-1,60,59,61,-1,58,62,59,-1,59,62,63,-1,59,63,64,-1,64,63,65,-1,59,66,67,-1,68,69,59,-1,59,69,70,-1,59,70,66,-1,67,71,59,-1,59,71,72,-1,59,72,61,-1,73,74,75,-1,76,77,63,-1,63,77,78,-1,63,78,65,-1,73,75,63,-1,63,75,79,-1,63,79,76,-1,68,59,80,-1,80,59,81,-1,80,81,82,-1,82,81,38,-1,82,38,39,-1,39,38,37,-1,39,37,40,-1,83,84,85,-1,85,84,38,-1,85,38,86,-1,86,38,81,-1,87,88,89,-1,89,88,90,-1,89,90,39,-1,39,90,91,-1,39,91,82,-1,92,93,94,-1,94,93,87,-1,95,96,97,-1,97,96,98,-1,99,100,96,-1,96,100,101,-1,96,101,98,-1,102,103,96,-1,96,103,104,-1,96,104,99,-1,105,106,107,-1,107,106,108,-1,107,108,102,-1,102,108,109,-1,102,109,103,-1,110,111,112,-1,111,113,112,-1,112,113,114,-1,112,114,115,-1,83,116,84,-1,84,116,117,-1,84,117,112,-1,112,117,118,-1,112,118,110,-1,119,120,121,-1,121,120,122,-1,123,124,125,-1,126,127,128,-1,129,130,84,-1,84,130,131,-1,84,131,132,-1,119,133,120,-1,120,133,134,-1,120,134,135,-1,135,134,136,-1,137,138,136,-1,136,138,139,-1,136,139,135,-1,140,141,126,-1,126,141,142,-1,126,142,127,-1,143,144,125,-1,125,144,145,-1,125,145,146,-1,132,147,84,-1,84,147,148,-1,84,148,149,-1,128,150,126,-1,126,150,151,-1,126,151,112,-1,112,151,122,-1,112,122,152,-1,152,122,120,-1,152,153,112,-1,112,153,154,-1,112,154,84,-1,84,154,155,-1,84,155,129,-1,156,157,136,-1,136,157,158,-1,136,158,159,-1,159,160,136,-1,136,160,161,-1,136,161,137,-1,146,162,125,-1,125,162,163,-1,125,163,123,-1,123,163,164,-1,165,166,167,-1,167,166,168,-1,167,168,126,-1,126,168,169,-1,126,169,140,-1,170,171,172,-1,173,174,175,-1,175,174,176,-1,177,178,179,-1,176,170,175,-1,175,170,172,-1,175,172,177,-1,177,172,180,-1,181,182,183,-1,184,185,186,-1,186,185,187,-1,188,189,167,-1,167,189,164,-1,167,164,165,-1,165,164,163,-1,178,177,190,-1,190,177,191,-1,190,191,7,-1,7,191,192,-1,7,192,8,-1,193,194,46,-1,195,196,197,-1,197,196,198,-1,199,200,201,-1,197,193,195,-1,195,193,24,-1,195,24,202,-1,202,24,203,-1,202,203,204,-1,204,203,199,-1,204,199,205,-1,205,199,201,-1,206,31,17,-1,206,17,207,-1,31,206,24,-1,24,206,208,-1,24,208,203,-1,17,209,207,-1,207,209,210,-1,207,210,211,-1,212,213,209,-1,209,213,214,-1,209,214,210,-1,186,215,216,-1,217,218,219,-1,209,220,221,-1,217,219,186,-1,186,219,222,-1,186,222,215,-1,221,223,209,-1,209,223,224,-1,209,224,212,-1,225,226,217,-1,217,226,227,-1,217,227,218,-1,196,228,183,-1,183,228,229,-1,183,229,230,-1,230,225,183,-1,183,225,217,-1,183,217,181,-1,181,217,186,-1,181,186,231,-1,231,186,187,-1,231,187,232,-1,233,234,38,-1,233,38,235,-1,236,237,238,-1,17,239,240,-1,234,241,38,-1,38,241,31,-1,38,31,36,-1,36,31,30,-1,242,243,17,-1,17,243,244,-1,17,244,239,-1,237,242,238,-1,238,242,17,-1,238,17,245,-1,245,17,31,-1,245,31,246,-1,246,31,241,-1,240,247,17,-1,17,247,248,-1,17,248,15,-1,249,250,251,-1,251,250,252,-1,251,252,253,-1,251,254,249,-1,249,254,255,-1,249,255,256,-1,256,257,249,-1,249,257,258,-1,249,258,259,-1,259,258,260,-1,259,260,261,-1,261,260,262,-1,261,262,238,-1,238,262,263,-1,238,263,236,-1,264,265,253,-1,253,265,266,-1,253,266,251,-1,267,268,123,-1,123,268,269,-1,270,271,84,-1,272,273,269,-1,271,274,84,-1,84,274,275,-1,84,275,38,-1,38,275,276,-1,38,276,235,-1,277,278,279,-1,272,269,280,-1,273,270,269,-1,269,270,84,-1,269,84,123,-1,123,84,149,-1,123,149,124,-1,277,279,269,-1,269,279,281,-1,269,281,280,-1,282,283,278,-1,278,283,284,-1,278,284,279,-1,282,285,283,-1,283,285,286,-1,283,286,287,-1,287,286,288,-1,287,289,290,-1,288,291,287,-1,287,291,292,-1,287,292,293,-1,293,294,287,-1,287,294,295,-1,287,295,289,-1,290,296,287,-1,287,296,297,-1,287,297,298,-1,299,300,301,-1,301,300,184,-1,301,184,302,-1,302,184,16,-1,16,184,186,-1,16,186,17,-1,17,186,216,-1,17,216,209,-1,209,216,303,-1,209,303,220,-1,304,305,306,-1,306,305,307,-1,308,309,310,-1,310,309,306,-1,310,306,311,-1,311,306,312,-1,307,313,306,-1,306,313,314,-1,306,314,312,-1,315,316,1,-1,1,316,317,-1,1,317,2,-1,2,317,318,-1,2,318,319,-1,315,1,320,-1,320,1,321,-1,320,321,322,-1,321,323,324,-1,321,325,322,-1,322,325,326,-1,322,326,327,-1,327,326,328,-1,327,328,329,-1,324,330,321,-1,321,330,331,-1,321,331,325,-1,332,333,334,-1,332,334,335,-1,333,336,334,-1,334,336,337,-1,334,337,338,-1,338,337,339,-1,339,340,338,-1,338,340,341,-1,338,341,321,-1,321,341,342,-1,321,342,323,-1,343,335,344,-1,344,335,334,-1,344,334,345,-1,345,334,346,-1,179,347,177,-1,177,347,348,-1,177,348,175,-1,175,348,349,-1,175,349,334,-1,334,349,350,-1,334,350,346,-1,6,351,7,-1,7,351,352,-1,7,352,353,-1,353,354,7,-1,7,354,355,-1,7,355,190,-1,356,357,358,-1,359,360,6,-1,361,362,363,-1,363,362,364,-1,356,358,365,-1,359,6,366,-1,367,368,362,-1,362,368,369,-1,362,369,370,-1,308,371,309,-1,309,371,372,-1,309,372,6,-1,6,372,373,-1,6,373,366,-1,357,374,358,-1,358,374,375,-1,358,375,376,-1,377,378,379,-1,379,378,380,-1,379,380,381,-1,382,370,383,-1,383,370,384,-1,383,384,379,-1,379,384,385,-1,379,385,377,-1,382,386,370,-1,370,386,387,-1,370,387,362,-1,362,387,388,-1,362,388,364,-1,389,390,391,-1,391,390,392,-1,391,392,358,-1,358,392,393,-1,358,393,365,-1,394,395,351,-1,351,395,396,-1,351,396,397,-1,397,398,351,-1,351,398,399,-1,351,399,400,-1,400,399,389,-1,400,389,401,-1,401,389,391,-1,402,403,358,-1,358,403,404,-1,358,404,362,-1,362,404,405,-1,362,405,367,-1,360,406,6,-1,6,406,407,-1,6,407,351,-1,351,407,408,-1,351,408,394,-1,376,409,358,-1,358,409,410,-1,358,410,411,-1,411,412,358,-1,358,412,413,-1,358,413,402,-1,414,415,416,-1,415,417,416,-1,416,417,418,-1,416,418,419,-1,369,416,370,-1,370,416,420,-1,370,420,421,-1,422,423,369,-1,369,423,424,-1,369,424,416,-1,416,424,425,-1,416,425,414,-1,426,427,369,-1,369,427,428,-1,369,428,422,-1,429,430,431,-1,431,430,432,-1,431,432,433,-1,419,418,434,-1,434,418,435,-1,434,435,436,-1,436,435,437,-1,436,437,438,-1,421,439,370,-1,370,439,431,-1,370,431,440,-1,440,431,433,-1,441,442,443,-1,443,442,444,-1,445,446,44,-1,46,194,44,-1,44,194,447,-1,44,447,445,-1,445,448,446,-1,446,448,449,-1,446,449,198,-1,198,449,450,-1,198,450,197,-1,444,442,451,-1,451,442,448,-1,451,448,452,-1,452,448,445,-1,452,445,14,-1,14,445,453,-1,14,453,12,-1,454,455,456,-1,456,455,457,-1,456,457,458,-1,458,457,183,-1,458,183,459,-1,459,183,182,-1,459,182,460,-1,189,185,164,-1,164,185,184,-1,164,184,123,-1,123,184,300,-1,123,300,267,-1,267,300,299,-1,196,183,198,-1,198,183,457,-1,198,457,446,-1,446,457,455,-1,446,455,461,-1,462,463,464,-1,463,462,465,-1,465,462,107,-1,465,107,466,-1,8,462,6,-1,6,462,464,-1,6,464,309,-1,309,464,467,-1,309,467,107,-1,107,467,468,-1,107,468,466,-1,469,470,471,-1,471,470,465,-1,471,465,472,-1,472,465,466,-1,472,466,473,-1,473,466,474,-1,192,188,8,-1,8,188,167,-1,8,167,462,-1,462,167,126,-1,462,126,107,-1,107,126,112,-1,107,112,105,-1,105,112,115,-1,44,475,476,-1,44,476,56,-1,56,476,477,-1,56,477,478,-1,479,461,480,-1,480,461,56,-1,480,56,481,-1,481,56,482,-1,479,483,461,-1,461,483,484,-1,461,484,485,-1,475,44,486,-1,486,44,446,-1,486,446,487,-1,487,446,461,-1,487,461,488,-1,478,489,56,-1,56,489,490,-1,56,490,482,-1,485,491,461,-1,461,491,492,-1,461,492,488,-1,493,494,461,-1,495,496,497,-1,497,493,495,-1,495,493,461,-1,495,461,11,-1,11,461,455,-1,11,455,9,-1,9,455,454,-1,498,499,494,-1,494,499,500,-1,494,500,461,-1,461,500,501,-1,461,501,56,-1,56,501,502,-1,503,504,306,-1,306,504,3,-1,306,3,102,-1,102,3,5,-1,102,5,107,-1,107,5,505,-1,107,505,309,-1,309,505,503,-1,309,503,306,-1,506,507,24,-1,33,22,28,-1,28,22,24,-1,28,24,27,-1,27,24,507,-1,508,509,46,-1,46,509,510,-1,193,46,24,-1,24,46,511,-1,24,511,506,-1,507,512,27,-1,27,512,513,-1,27,513,48,-1,48,513,514,-1,48,514,515,-1,516,517,48,-1,48,517,518,-1,48,518,46,-1,46,518,519,-1,46,519,508,-1,510,520,46,-1,46,520,521,-1,46,521,511,-1,515,522,48,-1,48,522,523,-1,48,523,516,-1,502,497,56,-1,56,497,496,-1,56,496,57,-1,57,496,524,-1,10,525,11,-1,11,525,526,-1,11,526,495,-1,495,526,527,-1,495,527,496,-1,496,527,528,-1,496,528,524,-1,524,528,529,-1,92,94,95,-1,95,94,530,-1,95,530,96,-1,96,530,531,-1,96,531,102,-1,102,531,2,-1,102,2,306,-1,306,2,319,-1,306,319,304,-1,87,89,94,-1,94,89,39,-1,94,39,532,-1,532,39,25,-1,532,25,533,-1,533,25,27,-1,533,27,534,-1,534,27,48,-1,534,48,535,-1,535,48,49,-1,535,49,536,-1,536,49,57,-1,536,57,537,-1,537,57,524,-1,537,524,538,-1,538,524,529,-1,538,529,539,-1,0,2,540,-1,540,2,531,-1,540,531,541,-1,541,531,530,-1,541,530,542,-1,542,530,94,-1,542,94,543,-1,543,94,532,-1,543,532,544,-1,544,532,533,-1,544,533,545,-1,545,533,534,-1,545,534,546,-1,546,534,535,-1,546,535,547,-1,547,535,536,-1,547,536,548,-1,548,536,537,-1,548,537,549,-1,549,537,538,-1,549,538,550,-1,550,538,539,-1,550,539,551,-1,552,553,554,-1,554,553,555,-1,554,555,556,-1,556,555,557,-1,558,559,560,-1,560,559,561,-1,560,561,562,-1,562,561,563,-1,562,563,564,-1,564,563,565,-1,564,565,566,-1,566,565,567,-1,566,567,568,-1,568,567,569,-1,568,569,570,-1,570,569,571,-1,570,571,572,-1,572,571,573,-1,572,573,574,-1,574,573,575,-1,574,575,557,-1,557,575,576,-1,557,576,556,-1,577,578,558,-1,558,578,579,-1,558,579,559,-1,580,581,582,-1,582,581,583,-1,582,583,584,-1,584,583,585,-1,584,585,586,-1,586,585,587,-1,588,589,590,-1,590,589,591,-1,590,591,592,-1,592,591,593,-1,592,593,594,-1,594,593,595,-1,594,595,596,-1,596,595,597,-1,596,597,598,-1,598,597,599,-1,598,599,600,-1,600,599,601,-1,600,601,587,-1,587,601,602,-1,587,602,586,-1,603,604,605,-1,605,604,606,-1,605,606,588,-1,588,606,607,-1,588,607,589,-1,608,609,610,-1,610,609,611,-1,610,611,612,-1,612,611,613,-1,614,615,616,-1,616,615,617,-1,616,617,618,-1,618,617,619,-1,618,619,613,-1,613,619,620,-1,613,620,612,-1,621,622,623,-1,623,622,624,-1,623,624,625,-1,625,624,626,-1,625,626,614,-1,614,626,627,-1,614,627,615,-1,628,629,630,-1,630,629,631,-1,630,631,632,-1,632,631,633,-1,632,633,621,-1,621,633,634,-1,621,634,622,-1,635,636,628,-1,628,636,637,-1,628,637,629,-1,638,639,640,-1,640,639,641,-1,640,641,642,-1,642,641,643,-1,642,643,644,-1,644,643,645,-1,644,645,646,-1,646,645,647,-1,646,647,648,-1,648,647,649,-1,648,649,650,-1,650,649,651,-1,650,651,652,-1,652,651,653,-1,652,653,654,-1,654,653,655,-1,654,655,656,-1,656,655,657,-1,656,657,658,-1,658,657,659,-1,658,659,660,-1,660,659,661,-1,660,661,662,-1,662,661,663,-1,664,665,666,-1,666,665,667,-1,666,667,668,-1,668,667,669,-1,669,667,670,-1,669,670,671,-1,671,670,672,-1,672,670,673,-1,672,673,674,-1,674,673,675,-1,674,675,676,-1,676,675,677,-1,676,677,678,-1,678,677,679,-1,678,679,680,-1,680,679,681,-1,680,681,682,-1,682,681,683,-1,682,683,684,-1,684,683,685,-1,684,685,686,-1,686,685,687,-1,686,687,688,-1,688,687,689,-1,688,689,690,-1,690,689,691,-1,691,689,692,-1,691,692,693,-1,
        ]
    }
}
Shape{
    appearance Appearance {
        material  Material 	{
            diffuseColor 0.6666666666666666 0.6666666666666666 0.6666666666666666
            specularColor 0.4666666666666667 0.4666666666666667 0.4666666666666667
            ambientIntensity 0.6667
            transparency 0.0
            shininess 0.5
        }
    }
    geometry IndexedFaceSet {
        ccw TRUE
        solid FALSE
        coord DEF co Coordinate {
            point [
                -1.3878 -0.0 1.4092, -1.5298 -0.0 1.2399, -1.511 -0.2393 1.2399, -1.3707 -0.2171 1.4092, -1.455 -0.4727 1.2399, -1.3199 -0.4289 1.4092, -1.3631 -0.6945 1.2399, -1.2365 -0.63 1.4092, -1.2377 -0.8992 1.2399, -1.1227 -0.8157 1.4092, -1.0818 -1.0818 1.2399, -0.9813 -0.9813 1.4092, -0.8992 -1.2377 1.2399, -0.8157 -1.1227 1.4092, -0.6945 -1.3631 1.2399, -0.63 -1.2365 1.4092, -0.4727 -1.455 1.2399, -0.4289 -1.3199 1.4092, -0.2393 -1.511 1.2399, -0.2171 -1.3707 1.4092, 0.0 -1.5298 1.2399, 0.0 -1.3878 1.4092, 0.2393 -1.511 1.2399, 0.2171 -1.3707 1.4092, 0.4727 -1.455 1.2399, 0.4289 -1.3199 1.4092, 0.6945 -1.3631 1.2399, 0.63 -1.2365 1.4092, 0.8992 -1.2377 1.2399, 0.8157 -1.1227 1.4092, 1.0818 -1.0818 1.2399, 0.9813 -0.9813 1.4092, 1.2377 -0.8992 1.2399, 1.1227 -0.8157 1.4092, 1.3631 -0.6945 1.2399, 1.2365 -0.63 1.4092, 1.455 -0.4727 1.2399, 1.3199 -0.4289 1.4092, 1.511 -0.2393 1.2399, 1.3707 -0.2171 1.4092, 1.5298 0.0 1.2399, 1.3878 0.0 1.4092, 1.2697 0.0 1.4092, 1.2697 0.0 1.3662, 1.2541 -0.1986 1.3662, 1.2504 -0.2205 1.4092, 1.2489 -0.2201 1.3662, 1.1931 -0.4343 1.4092, 1.2075 -0.3924 1.3662, 1.1906 -0.4332 1.3662, 1.0996 -0.6348 1.4092, 1.1313 -0.5764 1.3662, 1.0966 -0.633 1.3662, 0.9726 -0.8161 1.4092, 1.0272 -0.7463 1.3662, 0.9697 -0.8136 1.3662, 0.8161 -0.9726 1.4092, 0.8978 -0.8978 1.3662, 0.8136 -0.9697 1.3662, 0.7463 -1.0272 1.3662, 0.6348 -1.0996 1.4092, 0.633 -1.0966 1.3662, 0.5764 -1.1313 1.3662, 0.4343 -1.1931 1.4092, 0.4332 -1.1906 1.3662, 0.3924 -1.2075 1.3662, 0.2205 -1.2504 1.4092, 0.2201 -1.2489 1.3662, 0.1986 -1.2541 1.3662, 0.0 -1.2697 1.4092, 0.0 -1.2697 1.3662, -0.1986 -1.2541 1.3662, -0.2205 -1.2504 1.4092, -0.2201 -1.2489 1.3662, -0.4343 -1.1931 1.4092, -0.3924 -1.2075 1.3662, -0.4332 -1.1906 1.3662, -0.6348 -1.0996 1.4092, -0.5764 -1.1313 1.3662, -0.633 -1.0966 1.3662, -0.8161 -0.9726 1.4092, -0.7463 -1.0272 1.3662, -0.8136 -0.9697 1.3662, -0.9726 -0.8161 1.4092, -0.8978 -0.8978 1.3662, -0.9697 -0.8136 1.3662, -1.0272 -0.7463 1.3662, -1.0996 -0.6348 1.4092, -1.0966 -0.633 1.3662, -1.1313 -0.5764 1.3662, -1.1931 -0.4343 1.4092, -1.1906 -0.4332 1.3662, -1.2075 -0.3924 1.3662, -1.2504 -0.2205 1.4092, -1.2697 -0.0 1.3662, -1.2697 -0.0 1.4092, -1.2541 -0.1986 1.3662, -1.2489 -0.2201 1.3662
            ]
        }
        coordIndex [
            0,1,2,-1,0,2,3,-1,3,2,4,-1,3,4,5,-1,5,4,6,-1,5,6,7,-1,7,6,8,-1,7,8,9,-1,9,8,10,-1,9,10,11,-1,11,10,12,-1,11,12,13,-1,13,12,14,-1,13,14,15,-1,15,14,16,-1,15,16,17,-1,17,16,18,-1,17,18,19,-1,19,18,20,-1,19,20,21,-1,21,20,22,-1,21,22,23,-1,23,22,24,-1,23,24,25,-1,25,24,26,-1,25,26,27,-1,27,26,28,-1,27,28,29,-1,29,28,30,-1,29,30,31,-1,31,30,32,-1,31,32,33,-1,33,32,34,-1,33,34,35,-1,35,34,36,-1,35,36,37,-1,37,36,38,-1,37,38,39,-1,39,38,40,-1,39,40,41,-1,42,43,44,-1,42,44,45,-1,45,44,46,-1,45,46,47,-1,46,48,47,-1,47,48,49,-1,47,49,50,-1,49,51,50,-1,50,51,52,-1,50,52,53,-1,52,54,53,-1,53,54,55,-1,53,55,56,-1,56,55,57,-1,57,58,56,-1,56,58,59,-1,56,59,60,-1,59,61,60,-1,60,61,62,-1,60,62,63,-1,62,64,63,-1,63,64,65,-1,63,65,66,-1,65,67,66,-1,66,67,68,-1,66,68,69,-1,68,70,69,-1,69,70,71,-1,69,71,72,-1,72,71,73,-1,72,73,74,-1,73,75,74,-1,74,75,76,-1,74,76,77,-1,76,78,77,-1,77,78,79,-1,77,79,80,-1,79,81,80,-1,80,81,82,-1,80,82,83,-1,83,82,84,-1,84,85,83,-1,83,85,86,-1,83,86,87,-1,86,88,87,-1,87,88,89,-1,87,89,90,-1,89,91,90,-1,90,91,92,-1,90,92,93,-1,94,95,96,-1,96,95,93,-1,96,93,97,-1,97,93,92,-1,
        ]
    }
}
Shape{
    appearance Appearance {
        material  Material 	{
            diffuseColor 0.20784313725490197 0.20784313725490197 0.20784313725490197
            specularColor 0.01568627450980392 0.01568627450980392 0.01568627450980392
            ambientIntensity 0.298
            transparency 0.0
            shininess 0.5
        }
    }
    geometry IndexedFaceSet {
        ccw TRUE
        solid FALSE
        coord DEF co Coordinate {
            point [
                1.4566 0.2307 1.1218, 1.4748 0.0 1.1218, 1.2697 0.0 1.3662, 1.2541 0.1986 1.3662, 1.2489 0.2201 1.3662, 1.4026 0.4557 1.1218, 1.2075 0.3924 1.3662, 1.1906 0.4332 1.3662, 1.314 0.6695 1.1218, 1.1313 0.5764 1.3662, 1.0966 0.633 1.3662, 1.1931 0.8668 1.1218, 1.0272 0.7463 1.3662, 0.9697 0.8136 1.3662, 1.0428 1.0428 1.1218, 0.8978 0.8978 1.3662, 0.8136 0.9697 1.3662, 0.8668 1.1931 1.1218, 0.7463 1.0272 1.3662, 0.633 1.0966 1.3662, 0.6695 1.314 1.1218, 0.5764 1.1313 1.3662, 0.4332 1.1906 1.3662, 0.4557 1.4026 1.1218, 0.3924 1.2075 1.3662, 0.2201 1.2489 1.3662, 0.2307 1.4566 1.1218, 0.1986 1.2541 1.3662, 0.0 1.4748 1.1218, 0.0 1.2697 1.3662, -0.2307 1.4566 1.1218, -0.1986 1.2541 1.3662, -0.2201 1.2489 1.3662, -0.4557 1.4026 1.1218, -0.3924 1.2075 1.3662, -0.4332 1.1906 1.3662, -0.6695 1.314 1.1218, -0.5764 1.1313 1.3662, -0.633 1.0966 1.3662, -0.8668 1.1931 1.1218, -0.7463 1.0272 1.3662, -0.8136 0.9697 1.3662, -1.0428 1.0428 1.1218, -0.8978 0.8978 1.3662, -0.9697 0.8136 1.3662, -1.1931 0.8668 1.1218, -1.0272 0.7463 1.3662, -1.0966 0.633 1.3662, -1.314 0.6695 1.1218, -1.1313 0.5764 1.3662, -1.1906 0.4332 1.3662, -1.4026 0.4557 1.1218, -1.2697 -0.0 1.3662, -1.4748 -0.0 1.1218, -1.2541 0.1986 1.3662, -1.4566 0.2307 1.1218, -1.2489 0.2201 1.3662, -1.2075 0.3924 1.3662, -0.5709 1.2795 0.3344, -0.5709 1.2795 0.7871, -0.5694 1.3206 0.7871, 0.5416 1.4601 0.3344, 0.5321 1.4862 0.3344, 0.5321 1.4862 0.3423, 0.5709 1.2795 0.7871, 0.5709 1.2795 0.3344, 0.5694 1.3206 0.3344, 0.5674 1.3428 0.8849, 0.5557 1.4102 0.7871, 0.5416 1.4601 1.038, 0.5686 1.3205 0.9185, 0.4554 1.6237 0.3423, 0.3889 1.6975 1.038, 0.4801 1.5883 0.3423, 0.4801 1.5883 1.038, 0.5694 1.3206 0.7871, 0.5694 1.3206 1.038, 0.5709 1.2795 1.038, 0.5709 1.2795 0.9804, -0.5709 1.2795 0.9804, -0.5709 1.2795 1.038, -0.5686 1.3205 0.9185, -0.5694 1.3206 1.038, -0.5675 1.3417 0.8865, -0.5416 1.4601 1.038, -0.5557 1.4102 0.7871, -0.5416 1.4601 0.3344, -0.5694 1.3206 0.3344, -0.3889 1.6975 0.3344, -0.4554 1.6237 0.3344, -0.4554 1.6237 0.3423, -0.5321 1.4862 0.3344, -0.5321 1.4862 0.3423, -0.4801 1.5883 0.3423, -0.4801 1.5883 1.038, -0.3889 1.6975 1.038, -0.2735 1.7806 1.038, -0.2735 1.7806 0.3344, -0.1411 1.8327 1.038, -0.1411 1.8327 0.3344, 0.0 1.8504 1.038, 0.0 1.8504 0.3344, 0.1411 1.8327 1.038, 0.1411 1.8327 0.3344, 0.2735 1.7806 1.038, 0.2735 1.7806 0.3344, 0.3889 1.6975 0.3344, 0.4554 1.6237 0.3344, 0.5709 -1.2795 0.3344, 0.5709 -1.2795 0.7871, 0.5694 -1.3206 0.7871, 0.5709 -1.2795 0.9804, 0.5709 -1.2795 1.038, 0.5684 -1.3205 0.9187, 0.5694 -1.3206 1.038, 0.5676 -1.3328 0.9001, 0.5416 -1.4601 1.038, 0.5666 -1.3494 0.8751, 0.5557 -1.4102 0.7871, 0.5416 -1.4601 0.3344, 0.5694 -1.3206 0.3344, 0.3889 -1.6975 0.3344, 0.4503 -1.6304 0.3344, 0.4503 -1.6304 0.3423, -0.5416 -1.4601 0.3344, -0.529 -1.494 0.3344, -0.529 -1.494 0.3423, -0.5709 -1.2795 0.7871, -0.5709 -1.2795 0.3344, -0.5694 -1.3206 0.3344, -0.5684 -1.3205 0.9186, -0.5676 -1.3329 0.9, -0.5416 -1.4601 1.038, -0.5667 -1.3485 0.8765, -0.5557 -1.4102 0.7871, -0.4503 -1.6304 0.3423, -0.3889 -1.6975 1.038, -0.4801 -1.5883 0.3423, -0.4801 -1.5883 1.038, -0.5694 -1.3206 0.7871, -0.5694 -1.3206 1.038, -0.5709 -1.2795 1.038, -0.5709 -1.2795 0.9804, 0.529 -1.494 0.3344, 0.529 -1.494 0.3423, 0.4801 -1.5883 0.3423, 0.4801 -1.5883 1.038, 0.3889 -1.6975 1.038, 0.2735 -1.7806 1.038, 0.2735 -1.7806 0.3344, 0.1411 -1.8327 1.038, 0.1411 -1.8327 0.3344, 0.0 -1.8504 1.038, 0.0 -1.8504 0.3344, -0.1411 -1.8327 1.038, -0.1411 -1.8327 0.3344, -0.2735 -1.7806 1.038, -0.2735 -1.7806 0.3344, -0.3889 -1.6975 0.3344, -0.4503 -1.6304 0.3344, -0.251 1.435 0.8865, -0.246 1.4419 0.8764, -0.2464 1.4422 1.038, -0.2244 1.4715 0.8331, -0.1988 1.4971 0.7963, -0.1992 1.4975 1.038, 0.2864 1.3514 1.0135, 0.2899 1.3358 1.038, 0.2787 1.3771 1.038, 0.2459 1.4418 0.8766, 0.2523 1.433 0.8895, 0.2464 1.4422 1.038, 0.2711 1.3966 0.944, 0.2778 1.3767 0.9746, 0.2363 1.4551 0.8571, 0.1992 1.4975 1.038, 0.2246 1.4712 0.8335, 0.1399 1.5395 1.038, 0.1924 1.5035 0.7871, 0.1988 1.4971 0.7963, 0.2953 1.2795 0.2753, 0.2953 1.2795 0.7871, 0.2941 1.306 0.2753, 0.2941 1.306 0.7871, 0.2787 1.3771 0.2753, 0.2787 1.3771 0.7871, 0.2464 1.4422 0.2753, 0.2464 1.4422 0.7871, 0.1992 1.4975 0.2753, 0.1992 1.4975 0.7871, 0.1399 1.5395 0.2753, -0.1399 1.5395 1.038, -0.2953 1.2795 0.7871, -0.2953 1.2795 0.2753, -0.2941 1.306 0.7871, -0.2941 1.306 0.2753, -0.2787 1.3771 0.7871, -0.2787 1.3771 0.2753, -0.2464 1.4422 0.7871, -0.2464 1.4422 0.2753, -0.1992 1.4975 0.7871, -0.1992 1.4975 0.2753, -0.1924 1.5035 0.7871, -0.1399 1.5395 0.2753, -0.2363 1.4551 0.857, -0.2899 1.3358 1.038, -0.2858 1.3538 1.0097, -0.2787 1.3771 1.038, -0.2779 1.3768 0.9745, -0.271 1.3968 0.9437, 0.0721 1.5659 0.2753, 0.0721 1.5659 1.038, 0.0 1.5748 0.2753, 0.0 1.5748 1.038, -0.0721 1.5659 0.2753, -0.0721 1.5659 1.038, 0.2953 -1.2795 0.2753, 0.2953 -1.2795 0.7871, 0.2852 -1.2031 0.2753, 0.2852 -1.2031 0.7871, 0.2557 -1.1319 0.2753, 0.2557 -1.1319 0.7871, 0.2088 -1.0707 0.2753, 0.2088 -1.0707 0.7871, 0.1476 -1.0238 0.2753, 0.1476 -1.0238 0.7871, 0.0764 -0.9943 0.2753, 0.0764 -0.9943 0.7871, 0.0 -0.9843 0.2753, 0.0 -0.9843 0.7871, -0.0764 -0.9943 0.2753, -0.0764 -0.9943 0.7871, -0.1476 -1.0238 0.2753, -0.1476 -1.0238 0.7871, -0.2088 -1.0707 0.2753, -0.2088 -1.0707 0.7871, -0.2557 -1.1319 0.2753, -0.2557 -1.1319 0.7871, -0.2852 -1.2031 0.2753, -0.2852 -1.2031 0.7871, -0.2953 -1.2795 0.2753, -0.2953 -1.2795 0.7871, -0.1378 1.2795 0.3147, -0.1378 1.2795 0.2753, -0.1331 1.2439 0.2753, -0.1331 1.2439 0.3147, -0.1193 1.2106 0.2753, -0.1193 1.2106 0.3147, -0.0974 1.1821 0.2753, -0.0974 1.1821 0.3147, -0.0689 1.1602 0.2753, -0.0689 1.1602 0.3147, -0.0357 1.1464 0.2753, -0.0357 1.1464 0.3147, 0.0 1.1417 0.2753, 0.0 1.1417 0.3147, 0.0357 1.1464 0.2753, 0.0357 1.1464 0.3147, 0.0689 1.1602 0.2753, 0.0689 1.1602 0.3147, 0.0974 1.1821 0.2753, 0.0974 1.1821 0.3147, 0.1193 1.2106 0.2753, 0.1193 1.2106 0.3147, 0.1331 1.2439 0.2753, 0.1331 1.2439 0.3147, 0.1378 1.2795 0.2753, 0.1378 1.2795 0.3147, -0.1378 -1.2962 0.3147, -0.1378 -1.2962 0.2753, -0.1331 -1.3319 0.2753, -0.1331 -1.3319 0.3147, -0.1193 -1.3651 0.2753, -0.1193 -1.3651 0.3147, -0.0974 -1.3937 0.2753, -0.0974 -1.3937 0.3147, -0.0689 -1.4156 0.2753, -0.0689 -1.4156 0.3147, -0.0357 -1.4293 0.2753, -0.0357 -1.4293 0.3147, 0.0 -1.434 0.2753, 0.0 -1.434 0.3147, 0.0357 -1.4293 0.2753, 0.0357 -1.4293 0.3147, 0.0689 -1.4156 0.2753, 0.0689 -1.4156 0.3147, 0.0974 -1.3937 0.2753, 0.0974 -1.3937 0.3147, 0.1193 -1.3651 0.2753, 0.1193 -1.3651 0.3147, 0.1331 -1.3319 0.2753, 0.1331 -1.3319 0.3147, 0.1378 -1.2962 0.2753, 0.1378 -1.2962 0.3147, -0.2283 -1.2795 0.6415, -0.2283 -1.2795 0.7871, -0.2206 -1.2204 0.7871, -0.2206 -1.2204 0.6415, -0.1978 -1.1654 0.7871, -0.1978 -1.1654 0.6415, -0.1615 -1.1181 0.7871, -0.1615 -1.1181 0.6415, -0.1142 -1.0818 0.7871, -0.1142 -1.0818 0.6415, -0.0591 -1.059 0.7871, -0.0591 -1.059 0.6415, 0.0 -1.0512 0.7871, 0.0 -1.0512 0.6415, 0.0591 -1.059 0.7871, 0.0591 -1.059 0.6415, 0.1142 -1.0818 0.7871, 0.1142 -1.0818 0.6415, 0.1615 -1.1181 0.7871, 0.1615 -1.1181 0.6415, 0.1978 -1.1654 0.7871, 0.1978 -1.1654 0.6415, 0.2206 -1.2204 0.7871, 0.2206 -1.2204 0.6415, 0.2283 -1.2795 0.7871, 0.2283 -1.2795 0.6415, -0.2283 1.2795 0.6415, -0.2283 1.2795 0.7871, -0.2206 1.3386 0.7871, -0.2206 1.3386 0.6415, -0.1978 1.3937 0.7871, -0.1978 1.3937 0.6415, -0.1615 1.441 0.7871, -0.1615 1.441 0.6415, -0.1142 1.4773 0.7871, -0.1142 1.4773 0.6415, -0.0591 1.5001 0.7871, -0.0591 1.5001 0.6415, 0.0 1.5079 0.7871, 0.0 1.5079 0.6415, 0.0591 1.5001 0.7871, 0.0591 1.5001 0.6415, 0.1142 1.4773 0.7871, 0.1142 1.4773 0.6415, 0.1615 1.441 0.7871, 0.1615 1.441 0.6415, 0.1978 1.3937 0.7871, 0.1978 1.3937 0.6415, 0.2206 1.3386 0.7871, 0.2206 1.3386 0.6415, 0.2283 1.2795 0.7871, 0.2283 1.2795 0.6415, -0.2131 -1.2204 0.5844, -0.191 -1.1654 0.5903, -0.156 -1.1181 0.5997, -0.1103 -1.0818 0.6119, 0.0571 -1.059 0.6262, 0.0512 -1.059 0.6119, 0.0296 -1.059 0.5903, 0.0153 -1.059 0.5844, 0.0418 -1.059 0.5997, -0.0153 -1.059 0.5844, -0.0296 -1.059 0.5903, 0.0 -1.059 0.5824, -0.0512 -1.059 0.6119, -0.0571 -1.059 0.6262, -0.0418 -1.059 0.5997, -0.0989 -1.0818 0.5844, -0.0807 -1.0818 0.5607, -0.0571 -1.0818 0.5426, -0.0296 -1.0818 0.5312, 0.0 -1.0818 0.5273, 0.0296 -1.0818 0.5312, 0.0571 -1.0818 0.5426, 0.0807 -1.0818 0.5607, 0.0989 -1.0818 0.5844, 0.1103 -1.0818 0.6119, -0.1398 -1.1181 0.5607, -0.1142 -1.1181 0.5273, -0.0807 -1.1181 0.5016, -0.0418 -1.1181 0.4855, 0.0 -1.1181 0.48, 0.0418 -1.1181 0.4855, 0.0807 -1.1181 0.5016, 0.1142 -1.1181 0.5273, 0.1398 -1.1181 0.5607, 0.156 -1.1181 0.5997, -0.1713 -1.1654 0.5426, -0.1398 -1.1654 0.5016, -0.0989 -1.1654 0.4702, -0.0512 -1.1654 0.4505, 0.0 -1.1654 0.4437, 0.0512 -1.1654 0.4505, 0.0989 -1.1654 0.4702, 0.1398 -1.1654 0.5016, 0.1713 -1.1654 0.5426, 0.191 -1.1654 0.5903, -0.191 -1.2204 0.5312, -0.156 -1.2204 0.4855, -0.1103 -1.2204 0.4505, -0.0571 -1.2204 0.4284, 0.0 -1.2204 0.4209, 0.0571 -1.2204 0.4284, 0.1103 -1.2204 0.4505, 0.156 -1.2204 0.4855, 0.191 -1.2204 0.5312, 0.2131 -1.2204 0.5844, -0.2206 -1.2795 0.5824, -0.1978 -1.2795 0.5273, -0.1615 -1.2795 0.48, -0.1142 -1.2795 0.4437, -0.0591 -1.2795 0.4209, 0.0 -1.2795 0.4131, 0.0591 -1.2795 0.4209, 0.1142 -1.2795 0.4437, 0.1615 -1.2795 0.48, 0.1978 -1.2795 0.5273, 0.2206 -1.2795 0.5824, -0.2131 1.3386 0.5844, -0.191 1.3937 0.5903, -0.156 1.441 0.5997, -0.1103 1.4773 0.6119, 0.0571 1.5001 0.6262, 0.0512 1.5001 0.6119, 0.0296 1.5001 0.5903, 0.0153 1.5001 0.5844, 0.0418 1.5001 0.5997, -0.0153 1.5001 0.5844, -0.0296 1.5001 0.5903, 0.0 1.5001 0.5824, -0.0512 1.5001 0.6119, -0.0571 1.5001 0.6262, -0.0418 1.5001 0.5997, -0.0989 1.4773 0.5844, -0.0807 1.4773 0.5607, -0.0571 1.4773 0.5426, -0.0296 1.4773 0.5312, 0.0 1.4773 0.5273, 0.0296 1.4773 0.5312, 0.0571 1.4773 0.5426, 0.0807 1.4773 0.5607, 0.0989 1.4773 0.5844, 0.1103 1.4773 0.6119, -0.1398 1.441 0.5607, -0.1142 1.441 0.5273, -0.0807 1.441 0.5016, -0.0418 1.441 0.4855, 0.0 1.441 0.48, 0.0418 1.441 0.4855, 0.0807 1.441 0.5016, 0.1142 1.441 0.5273, 0.1398 1.441 0.5607, 0.156 1.441 0.5997, -0.1713 1.3937 0.5426, -0.1398 1.3937 0.5016, -0.0989 1.3937 0.4702, -0.0512 1.3937 0.4505, 0.0 1.3937 0.4437, 0.0512 1.3937 0.4505, 0.0989 1.3937 0.4702, 0.1398 1.3937 0.5016, 0.1713 1.3937 0.5426, 0.191 1.3937 0.5903, -0.191 1.3386 0.5312, -0.156 1.3386 0.4855, -0.1103 1.3386 0.4505, -0.0571 1.3386 0.4284, 0.0 1.3386 0.4209, 0.0571 1.3386 0.4284, 0.1103 1.3386 0.4505, 0.156 1.3386 0.4855, 0.191 1.3386 0.5312, 0.2131 1.3386 0.5844, -0.2206 1.2795 0.5824, -0.1978 1.2795 0.5273, -0.1615 1.2795 0.48, -0.1142 1.2795 0.4437, -0.0591 1.2795 0.4209, 0.0 1.2795 0.4131, 0.0591 1.2795 0.4209, 0.1142 1.2795 0.4437, 0.1615 1.2795 0.48, 0.1978 1.2795 0.5273, 0.2206 1.2795 0.5824, -0.6207 0.6201 3.8383, 0.6207 0.6201 3.8383, -0.6207 0.6201 2.3029, 0.6207 0.6201 2.3029, -0.6207 -0.6201 2.3029, 0.6207 -0.6201 2.3029, -0.6207 -0.6201 3.8383, 0.6207 -0.6201 3.8383, -0.5617 0.561 3.8974, 0.5617 0.561 3.8974, -0.5617 -0.561 3.8974, 0.5617 -0.561 3.8974, -0.5459 -0.4272 3.8974, -0.5617 -0.4272 3.8974, 0.5459 0.4272 3.8974, 0.5617 0.4272 3.8974, -0.5617 0.4272 3.8974, -0.5459 0.4272 3.8974, 0.5617 -0.4272 3.8974, 0.5459 -0.4272 3.8974, 0.0571 1.059 0.6262, 0.0591 1.059 0.6415, 0.0 1.0512 0.6415, 0.0512 1.059 0.6119, 0.0418 1.059 0.5997, 0.0296 1.059 0.5903, 0.0153 1.059 0.5844, 0.0 1.059 0.5824, -0.0153 1.059 0.5844, -0.0296 1.059 0.5903, -0.0418 1.059 0.5997, -0.0512 1.059 0.6119, -0.0571 1.059 0.6262, -0.0591 1.059 0.6415, -0.1142 1.0818 0.6415, -0.1103 1.0818 0.6119, -0.1615 1.1181 0.6415, -0.156 1.1181 0.5997, -0.1978 1.1654 0.6415, -0.191 1.1654 0.5903, -0.2206 1.2204 0.6415, -0.2131 1.2204 0.5844, -0.191 1.2204 0.5312, -0.156 1.2204 0.4855, -0.1103 1.2204 0.4505, -0.0571 1.2204 0.4284, 0.0 1.2204 0.4209, 0.0571 1.2204 0.4284, 0.1103 1.2204 0.4505, 0.156 1.2204 0.4855, 0.191 1.2204 0.5312, 0.2131 1.2204 0.5844, 0.2206 1.2204 0.6415, -0.1713 1.1654 0.5426, -0.1398 1.1654 0.5016, -0.0989 1.1654 0.4702, -0.0512 1.1654 0.4505, 0.0 1.1654 0.4437, 0.0512 1.1654 0.4505, 0.0989 1.1654 0.4702, 0.1398 1.1654 0.5016, 0.1713 1.1654 0.5426, 0.191 1.1654 0.5903, 0.1978 1.1654 0.6415, -0.1398 1.1181 0.5607, -0.1142 1.1181 0.5273, -0.0807 1.1181 0.5016, -0.0418 1.1181 0.4855, 0.0 1.1181 0.48, 0.0418 1.1181 0.4855, 0.0807 1.1181 0.5016, 0.1142 1.1181 0.5273, 0.1398 1.1181 0.5607, 0.156 1.1181 0.5997, 0.1615 1.1181 0.6415, -0.0989 1.0818 0.5844, -0.0807 1.0818 0.5607, -0.0571 1.0818 0.5426, -0.0296 1.0818 0.5312, 0.0 1.0818 0.5273, 0.0296 1.0818 0.5312, 0.0571 1.0818 0.5426, 0.0807 1.0818 0.5607, 0.0989 1.0818 0.5844, 0.1103 1.0818 0.6119, 0.1142 1.0818 0.6415, 0.0571 -1.5001 0.6262, 0.0591 -1.5001 0.6415, 0.0 -1.5079 0.6415, 0.0512 -1.5001 0.6119, 0.0418 -1.5001 0.5997, 0.0296 -1.5001 0.5903, 0.0153 -1.5001 0.5844, 0.0 -1.5001 0.5824, -0.0153 -1.5001 0.5844, -0.0296 -1.5001 0.5903, -0.0418 -1.5001 0.5997, -0.0512 -1.5001 0.6119, -0.0571 -1.5001 0.6262, -0.0591 -1.5001 0.6415, -0.1142 -1.4773 0.6415, -0.1103 -1.4773 0.6119, -0.1615 -1.441 0.6415, -0.156 -1.441 0.5997, -0.1978 -1.3937 0.6415, -0.191 -1.3937 0.5903, -0.2206 -1.3386 0.6415, -0.2131 -1.3386 0.5844, -0.191 -1.3386 0.5312, -0.156 -1.3386 0.4855, -0.1103 -1.3386 0.4505, -0.0571 -1.3386 0.4284, 0.0 -1.3386 0.4209, 0.0571 -1.3386 0.4284, 0.1103 -1.3386 0.4505, 0.156 -1.3386 0.4855, 0.191 -1.3386 0.5312, 0.2131 -1.3386 0.5844, 0.2206 -1.3386 0.6415, -0.1713 -1.3937 0.5426, -0.1398 -1.3937 0.5016, -0.0989 -1.3937 0.4702, -0.0512 -1.3937 0.4505, 0.0 -1.3937 0.4437, 0.0512 -1.3937 0.4505, 0.0989 -1.3937 0.4702, 0.1398 -1.3937 0.5016, 0.1713 -1.3937 0.5426, 0.191 -1.3937 0.5903, 0.1978 -1.3937 0.6415, -0.1398 -1.441 0.5607, -0.1142 -1.441 0.5273, -0.0807 -1.441 0.5016, -0.0418 -1.441 0.4855, 0.0 -1.441 0.48, 0.0418 -1.441 0.4855, 0.0807 -1.441 0.5016, 0.1142 -1.441 0.5273, 0.1398 -1.441 0.5607, 0.156 -1.441 0.5997, 0.1615 -1.441 0.6415, -0.0989 -1.4773 0.5844, -0.0807 -1.4773 0.5607, -0.0571 -1.4773 0.5426, -0.0296 -1.4773 0.5312, 0.0 -1.4773 0.5273, 0.0296 -1.4773 0.5312, 0.0571 -1.4773 0.5426, 0.0807 -1.4773 0.5607, 0.0989 -1.4773 0.5844, 0.1103 -1.4773 0.6119, 0.1142 -1.4773 0.6415, 0.0 -1.1378 1.424, 0.3169 -1.1378 2.3029, -0.0792 -1.1379 1.4194, -0.3169 -1.1378 2.3029, -0.0919 -1.1378 1.4172, -0.1578 -1.1378 1.4058, 0.0786 -1.1378 1.4193, 0.0919 -1.1378 1.417, 0.1578 -1.1378 1.4055, -0.3169 -1.1378 1.3511, -0.2806 -1.1378 1.3656, -0.237 -1.1378 1.383, 0.2383 -1.1378 1.3824, 0.2806 -1.1378 1.3656, 0.3169 -1.1378 1.3511, -0.1481 1.1378 1.4079, -0.185 1.1378 1.3977, -0.3169 1.1378 2.3029, -0.2319 1.1378 1.3847, -0.3169 1.1378 1.3511, 0.3169 1.1378 1.3511, 0.2323 1.1378 1.3845, 0.3169 1.1378 2.3029, 0.185 1.1378 1.3977, 0.149 1.1378 1.4077, 0.0685 1.1378 1.4206, 0.0 1.1378 1.424, -0.0681 1.1378 1.4207, 0.2206 1.2204 0.7871, 0.1978 1.1654 0.7871, 0.1615 1.1181 0.7871, 0.1142 1.0818 0.7871, 0.0591 1.059 0.7871, 0.0 1.0512 0.7871, -0.0591 1.059 0.7871, -0.1142 1.0818 0.7871, -0.1615 1.1181 0.7871, -0.1978 1.1654 0.7871, -0.2206 1.2204 0.7871, 0.2206 -1.3386 0.7871, 0.1978 -1.3937 0.7871, 0.1615 -1.441 0.7871, 0.1142 -1.4773 0.7871, 0.0591 -1.5001 0.7871, 0.0 -1.5079 0.7871, -0.0591 -1.5001 0.7871, -0.1142 -1.4773 0.7871, -0.1615 -1.441 0.7871, -0.1978 -1.3937 0.7871, -0.2206 -1.3386 0.7871, -0.3204 -0.8071 0.9249, -0.8071 -0.8071 0.9249, -0.3204 -0.8071 1.038, -0.8071 -0.8071 1.2202, 0.3204 -0.8071 1.038, 0.8071 -0.8071 1.2202, 0.3204 -0.8071 0.9249, 0.8071 -0.8071 0.9249, 0.3204 0.8071 0.9249, 0.8071 0.8071 0.9249, 0.3204 0.8071 1.038, 0.8071 0.8071 1.2202, -0.3204 0.8071 1.038, -0.8071 0.8071 1.2202, -0.3204 0.8071 0.9249, -0.8071 0.8071 0.9249, 0.2941 -1.306 0.7871, 0.2787 -1.3771 0.7871, 0.2464 -1.4422 0.7871, -0.2464 -1.4422 0.7871, -0.1992 -1.4975 0.7871, -0.1924 -1.5035 0.7871, -0.122 -1.5108 0.7871, 0.122 -1.5108 0.7871, 0.1924 -1.5035 0.7871, 0.1992 -1.4975 0.7871, -0.2787 -1.3771 0.7871, -0.2941 -1.306 0.7871, 0.0 1.5157 0.7871, 0.2852 1.2031 0.7871, 0.2557 1.1319 0.7871, 0.2088 1.0707 0.7871, 0.1476 1.0238 0.7871, 0.0764 0.9943 0.7871, 0.0 0.9843 0.7871, -0.0764 0.9943 0.7871, -0.1476 1.0238 0.7871, -0.2088 1.0707 0.7871, -0.2557 1.1319 0.7871, -0.2852 1.2031 0.7871, -0.2722 -1.3469 0.2753, -0.2756 -1.3469 0.2753, -0.2787 -1.3771 0.2753, -0.1399 -1.5395 0.2753, -0.0721 -1.5659 0.2753, 0.0 -1.5748 0.2753, 0.2692 -1.2288 0.2759, 0.2692 -1.3469 0.2759, 0.2464 -1.4422 0.2753, 0.2722 -1.3469 0.2753, 0.2787 -1.3771 0.2753, 0.2756 -1.3469 0.2753, 0.2941 -1.306 0.2753, 0.2759 -1.2879 0.2753, 0.2756 -1.2288 0.2753, 0.2732 -1.2288 0.2753, -0.2692 -1.2288 0.2759, -0.2692 -1.3469 0.2759, -0.2464 -1.4422 0.2753, -0.1992 -1.4975 0.2753, 0.0974 -1.1988 0.2753, 0.0689 -1.1769 0.2753, 0.0357 -1.1631 0.2753, 0.1193 -1.2273 0.2753, 0.1331 -1.2606 0.2753, 0.1992 -1.4975 0.2753, 0.1399 -1.5395 0.2753, 0.0721 -1.5659 0.2753, -0.2759 -1.2879 0.2753, -0.1331 -1.2606 0.2753, -0.2732 -1.2288 0.2753, -0.2756 -1.2288 0.2753, -0.2941 -1.306 0.2753, -0.1193 -1.2273 0.2753, -0.0974 -1.1988 0.2753, -0.0689 -1.1769 0.2753, -0.0357 -1.1631 0.2753, 0.0 -1.1584 0.2753, 0.1331 -1.2606 0.3147, 0.1193 -1.2273 0.3147, 0.0974 -1.1988 0.3147, 0.0689 -1.1769 0.3147, 0.0357 -1.1631 0.3147, 0.0 -1.1584 0.3147, -0.0357 -1.1631 0.3147, -0.0689 -1.1769 0.3147, -0.0974 -1.1988 0.3147, -0.1193 -1.2273 0.3147, -0.1331 -1.2606 0.3147, -0.1331 1.3152 0.2753, -0.2852 1.2031 0.2753, -0.2557 1.1319 0.2753, -0.2088 1.0707 0.2753, -0.1476 1.0238 0.2753, -0.0764 0.9943 0.2753, 0.0 0.9843 0.2753, 0.0764 0.9943 0.2753, 0.1476 1.0238 0.2753, 0.2088 1.0707 0.2753, 0.2557 1.1319 0.2753, 0.2852 1.2031 0.2753, 0.1331 1.3152 0.2753, 0.1193 1.3484 0.2753, 0.0974 1.377 0.2753, 0.0689 1.3989 0.2753, 0.0357 1.4126 0.2753, 0.0 1.4173 0.2753, -0.0357 1.4126 0.2753, -0.0689 1.3989 0.2753, -0.0974 1.377 0.2753, -0.1193 1.3484 0.2753, 0.1331 1.3152 0.3147, 0.1193 1.3484 0.3147, 0.0974 1.377 0.3147, 0.0689 1.3989 0.3147, 0.0357 1.4126 0.3147, 0.0 1.4173 0.3147, -0.0357 1.4126 0.3147, -0.0689 1.3989 0.3147, -0.0974 1.377 0.3147, -0.1193 1.3484 0.3147, -0.1331 1.3152 0.3147, 0.2017 -1.4952 0.799, 0.1992 -1.4974 0.7958, 0.1992 -1.4975 1.038, 0.1399 -1.5395 1.038, 0.2765 -1.3831 0.9646, 0.2464 -1.4422 1.038, 0.2783 -1.3769 0.9742, 0.2787 -1.3771 1.038, 0.2899 -1.3358 1.038, 0.2564 -1.426 0.8998, 0.2457 -1.4417 0.8767, 0.2312 -1.4632 0.8452, -0.2458 -1.4417 0.8767, -0.2568 -1.4252 0.901, -0.2464 -1.4422 1.038, -0.2761 -1.3842 0.9629, -0.2787 -1.3771 1.038, -0.2782 -1.3769 0.9742, -0.2899 -1.3358 1.038, -0.232 -1.4623 0.8465, -0.1992 -1.4975 1.038, -0.2028 -1.4942 0.8004, -0.1399 -1.5395 1.038, -0.1992 -1.4974 0.7958, -0.0721 -1.5659 1.038, 0.0 -1.5748 1.038, 0.0721 -1.5659 1.038, -0.1973 -2.0472 0.2163, 0.1973 -2.0472 0.2163, -0.1973 -2.0472 0.3344, 0.1973 -2.0472 0.3344, -0.1973 -2.0079 0.3344, 0.1973 -2.0079 0.3344, -0.1973 2.0079 0.3344, -0.16 2.0079 0.3344, -0.1973 2.0472 0.3344, -0.1441 2.0079 0.3344, -0.087 2.0079 0.3344, -0.0818 2.0079 0.3344, 0.0012 2.0079 0.3344, 0.1973 2.0472 0.3344, 0.1973 2.0079 0.3344, -0.1973 2.0472 0.2163, 0.1973 2.0472 0.2163, 0.4018 1.7388 0.3344, 0.4018 1.7388 1.1218, 0.2813 1.821 0.3344, 0.2813 1.821 1.1218, 0.1448 1.8723 0.3344, 0.1448 1.8723 1.1218, 0.0 1.8898 0.3344, 0.0 1.8898 1.1218, -0.1448 1.8723 0.3344, -0.1448 1.8723 1.1218, -0.2813 1.821 0.3344, -0.2813 1.821 1.1218, -0.4018 1.7388 0.3344, -0.4018 1.7388 1.1218, -0.4018 -1.7388 0.3344, -0.4018 -1.7388 1.1218, -0.2813 -1.821 0.3344, -0.2813 -1.821 1.1218, -0.1448 -1.8723 0.3344, -0.1448 -1.8723 1.1218, 0.0 -1.8898 0.3344, 0.0 -1.8898 1.1218, 0.1448 -1.8723 0.3344, 0.1448 -1.8723 1.1218, 0.2813 -1.821 0.3344, 0.2813 -1.821 1.1218, 0.4018 -1.7388 0.3344, 0.4018 -1.7388 1.1218, 1.8437 -0.5835 0.3344, 1.6824 -0.5403 0.3344, 1.5028 -0.7803 0.3344, 1.546 -0.619 0.3344, 1.3979 -0.5987 0.3344, 0.619 -1.546 0.3344, 0.5403 -1.6824 0.3344, -1.6824 0.5403 0.3344, -1.546 0.619 0.3344, -1.5028 0.7803 0.3344, 1.8458 -0.072 0.3344, 1.8098 -0.2113 0.3344, 1.821 -0.2813 0.3344, -1.3979 0.5987 0.3344, 1.7388 -0.4018 0.3344, 1.6411 -0.4418 0.3344, 1.6304 -0.4503 0.3344, -0.7803 -1.5028 0.3344, -0.5835 -1.8437 0.3344, -0.5403 -1.6824 0.3344, 1.7401 -0.3373 0.3344, -0.6357 1.546 0.3344, 0.557 1.6824 0.3344, 0.5835 1.8437 0.3344, 0.7803 1.5028 0.3344, -0.557 1.6824 0.3344, -0.619 -1.546 0.3344, 1.3979 0.5987 0.3344, 1.494 0.529 0.3344, 1.5028 0.7803 0.3344, 1.546 0.619 0.3344, 1.8437 0.5835 0.3344, 1.6824 0.5403 0.3344, 1.6304 0.4503 0.3344, 1.6411 0.4418 0.3344, 0.5987 -1.3979 0.3344, 0.7803 -1.5028 0.3344, 0.5835 -1.8437 0.3344, -1.3979 -0.5987 0.3344, -1.494 -0.529 0.3344, -1.5028 -0.7803 0.3344, -1.546 -0.619 0.3344, -1.8437 -0.5835 0.3344, -1.6411 0.4418 0.3344, -1.6304 0.4503 0.3344, -1.6824 -0.5403 0.3344, -1.6304 -0.4503 0.3344, -1.6411 -0.4418 0.3344, -0.5987 1.3979 0.3344, 0.6357 1.546 0.3344, 0.2362 -0.5627 0.3344, 0.2221 -0.5453 0.3344, 0.2049 -0.5743 0.3344, 0.1943 -0.6733 0.3344, 0.2362 -0.7169 0.3344, 0.2049 -0.7053 0.3344, 0.7169 -0.2362 0.3344, 0.7281 -0.2178 0.3344, 0.6949 -0.2006 0.3344, 0.621 -0.1918 0.3344, 0.5847 -0.2006 0.3344, 0.5627 -0.2362 0.3344, -0.5835 1.8437 0.3344, -0.7803 1.5028 0.3344, 1.8723 -0.1448 0.3344, 1.8898 -0.0 0.3344, 1.8458 0.072 0.3344, 1.8723 0.1448 0.3344, 1.8098 0.2113 0.3344, 1.821 0.2813 0.3344, 1.7401 0.3373 0.3344, 1.7388 0.4018 0.3344, 0.2221 -0.7342 0.3344, 0.2451 -0.7589 0.3344, 0.3573 -0.7848 0.3344, 0.1943 -0.6062 0.3344, 0.1906 -0.6398 0.3344, 0.5514 -0.2178 0.3344, 0.5231 -0.2423 0.3344, 0.5066 -0.3402 0.3344, 0.5014 -0.2729 0.3344, 0.4315 -0.4315 0.3344, 0.6585 -0.1918 0.3344, -0.2362 -0.7169 0.3344, -0.2221 -0.7342 0.3344, -0.2049 -0.7053 0.3344, -1.7401 0.3373 0.3344, -1.7388 0.4018 0.3344, -1.8437 0.5835 0.3344, -0.7169 0.2362 0.3344, -0.7281 0.2178 0.3344, -0.6949 0.2006 0.3344, -0.621 0.1918 0.3344, -0.5847 0.2006 0.3344, -0.5627 0.2362 0.3344, 0.5627 0.2362 0.3344, 0.5514 0.2178 0.3344, 0.5847 0.2006 0.3344, 0.4404 -0.3633 0.3344, 0.3633 -0.4404 0.3344, 0.3402 -0.5066 0.3344, 0.2729 -0.5014 0.3344, 0.2451 -0.5206 0.3344, -0.2362 -0.5627 0.3344, -0.6585 0.1918 0.3344, 0.6585 0.1918 0.3344, 0.6949 0.2006 0.3344, 0.7169 0.2362 0.3344, -1.8098 0.2113 0.3344, -1.821 0.2813 0.3344, -1.8458 0.072 0.3344, -1.8723 0.1448 0.3344, -1.8458 -0.072 0.3344, -0.1943 0.6062 0.3344, -0.2362 0.7169 0.3344, -0.2049 0.5743 0.3344, -0.2362 0.5627 0.3344, -0.2221 0.5453 0.3344, -0.4315 0.4315 0.3344, -0.3633 0.4404 0.3344, -0.3402 0.5066 0.3344, -0.2729 0.5014 0.3344, -0.2451 0.5206 0.3344, 0.4315 0.4315 0.3344, 0.3402 0.5066 0.3344, 0.2729 0.5014 0.3344, 0.2729 -0.7781 0.3344, 0.3733 -0.8477 0.3344, 0.4599 -0.8785 0.3344, 0.4567 -0.937 0.3344, 0.5387 -0.9928 0.3344, 0.5191 -1.0421 0.3344, 0.5896 -1.1221 0.3344, 0.5578 -1.158 0.3344, 0.6099 -1.2594 0.3344, 1.494 -0.529 0.3344, 1.3819 -0.5616 0.3344, 1.2594 -0.6099 0.3344, 1.2381 -0.5694 0.3344, 1.1221 -0.5896 0.3344, 1.097 -0.5409 0.3344, 0.9928 -0.5387 0.3344, 0.9675 -0.478 0.3344, 0.8785 -0.4599 0.3344, 0.8578 -0.3848 0.3344, 0.7848 -0.3573 0.3344, 0.7781 -0.2729 0.3344, 0.7564 -0.2423 0.3344, -0.5627 -0.2362 0.3344, -0.5514 -0.2178 0.3344, -0.5847 -0.2006 0.3344, -0.4315 -0.4315 0.3344, -0.4404 -0.3633 0.3344, -0.5066 -0.3402 0.3344, -0.5014 -0.2729 0.3344, -0.5231 -0.2423 0.3344, -0.1943 -0.6733 0.3344, -0.1906 -0.6398 0.3344, -0.1943 -0.6062 0.3344, -0.3573 -0.7848 0.3344, -0.2729 -0.7781 0.3344, -0.2451 -0.7589 0.3344, -1.7388 -0.4018 0.3344, -1.7401 -0.3373 0.3344, -1.821 -0.2813 0.3344, -1.8098 -0.2113 0.3344, -1.8723 -0.1448 0.3344, -1.8898 -0.0 0.3344, -0.1906 0.6398 0.3344, -0.1943 0.6733 0.3344, -0.2049 0.7053 0.3344, -0.5514 0.2178 0.3344, -0.5231 0.2423 0.3344, -0.5066 0.3402 0.3344, -0.5014 0.2729 0.3344, -0.4404 0.3633 0.3344, 0.621 0.1918 0.3344, 0.2451 0.5206 0.3344, 0.2362 0.5627 0.3344, 0.2221 0.5453 0.3344, 0.2362 0.7169 0.3344, 0.1943 0.6062 0.3344, 0.2049 0.5743 0.3344, -0.6949 -0.2006 0.3344, -0.7169 -0.2362 0.3344, -0.6585 -0.1918 0.3344, -0.621 -0.1918 0.3344, -0.2451 -0.5206 0.3344, -0.3402 -0.5066 0.3344, -0.2729 -0.5014 0.3344, -0.3633 -0.4404 0.3344, -0.2049 -0.5743 0.3344, -0.2221 -0.5453 0.3344, -0.3573 0.7848 0.3344, -0.3733 0.8477 0.3344, -0.4599 0.8785 0.3344, -0.4567 0.937 0.3344, -0.5387 0.9928 0.3344, -0.5191 1.0421 0.3344, -0.5896 1.1221 0.3344, -0.5578 1.158 0.3344, -0.6099 1.2594 0.3344, -1.494 0.529 0.3344, -1.3819 0.5616 0.3344, -1.2594 0.6099 0.3344, -1.2381 0.5694 0.3344, -1.1221 0.5896 0.3344, -1.097 0.5409 0.3344, -0.9928 0.5387 0.3344, -0.9675 0.478 0.3344, -0.8785 0.4599 0.3344, -0.8578 0.3848 0.3344, -0.7848 0.3573 0.3344, -0.7781 0.2729 0.3344, -0.7564 0.2423 0.3344, 0.7281 0.2178 0.3344, 0.7564 0.2423 0.3344, 0.7848 0.3573 0.3344, 0.7781 0.2729 0.3344, 0.8785 0.4599 0.3344, 0.8578 0.3848 0.3344, 0.9928 0.5387 0.3344, 0.9675 0.478 0.3344, 1.1221 0.5896 0.3344, 1.097 0.5409 0.3344, 1.2594 0.6099 0.3344, 1.2381 0.5694 0.3344, 1.3819 0.5616 0.3344, 0.3633 0.4404 0.3344, 0.4404 0.3633 0.3344, 0.5066 0.3402 0.3344, 0.5014 0.2729 0.3344, 0.5231 0.2423 0.3344, 0.2221 0.7342 0.3344, 0.2049 0.7053 0.3344, -0.5987 -1.3979 0.3344, -0.6099 -1.2594 0.3344, -0.5896 -1.1221 0.3344, -0.5578 -1.158 0.3344, -0.5387 -0.9928 0.3344, -0.5191 -1.0421 0.3344, -0.4599 -0.8785 0.3344, -0.4567 -0.937 0.3344, -0.3733 -0.8477 0.3344, -0.2221 0.7342 0.3344, -0.2451 0.7589 0.3344, -0.2729 0.7781 0.3344, 0.1943 0.6733 0.3344, 0.1906 0.6398 0.3344, 0.5987 1.3979 0.3344, 0.6099 1.2594 0.3344, 0.5896 1.1221 0.3344, 0.5578 1.158 0.3344, 0.5387 0.9928 0.3344, 0.5191 1.0421 0.3344, 0.4599 0.8785 0.3344, 0.4567 0.937 0.3344, 0.3573 0.7848 0.3344, -0.7281 -0.2178 0.3344, -0.7564 -0.2423 0.3344, -0.7848 -0.3573 0.3344, -0.7781 -0.2729 0.3344, -0.8785 -0.4599 0.3344, -0.8578 -0.3848 0.3344, -0.9928 -0.5387 0.3344, -0.9675 -0.478 0.3344, -1.1221 -0.5896 0.3344, -1.097 -0.5409 0.3344, -1.2594 -0.6099 0.3344, -1.2381 -0.5694 0.3344, -1.3819 -0.5616 0.3344, 0.3733 0.8477 0.3344, 0.2729 0.7781 0.3344, 0.2451 0.7589 0.3344, -1.4566 -0.2307 1.1218, -1.2541 -0.1986 1.3662, -1.2489 -0.2201 1.3662, -1.4026 -0.4557 1.1218, -1.2075 -0.3924 1.3662, -1.1906 -0.4332 1.3662, -1.314 -0.6695 1.1218, -1.1313 -0.5764 1.3662, -1.0966 -0.633 1.3662, -1.1931 -0.8668 1.1218, -1.0272 -0.7463 1.3662, -0.9697 -0.8136 1.3662, -1.0428 -1.0428 1.1218, -0.8978 -0.8978 1.3662, -0.8136 -0.9697 1.3662, -0.8668 -1.1931 1.1218, -0.7463 -1.0272 1.3662, -0.633 -1.0966 1.3662, -0.6695 -1.314 1.1218, -0.5764 -1.1313 1.3662, -0.4332 -1.1906 1.3662, -0.4557 -1.4026 1.1218, -0.3924 -1.2075 1.3662, -0.2201 -1.2489 1.3662, -0.2307 -1.4566 1.1218, -0.1986 -1.2541 1.3662, 0.0 -1.4748 1.1218, 0.0 -1.2697 1.3662, 0.2307 -1.4566 1.1218, 0.1986 -1.2541 1.3662, 0.2201 -1.2489 1.3662, 0.4557 -1.4026 1.1218, 0.3924 -1.2075 1.3662, 0.4332 -1.1906 1.3662, 0.6695 -1.314 1.1218, 0.5764 -1.1313 1.3662, 0.633 -1.0966 1.3662, 0.8668 -1.1931 1.1218, 0.7463 -1.0272 1.3662, 0.8136 -0.9697 1.3662, 1.0428 -1.0428 1.1218, 0.8978 -0.8978 1.3662, 0.9697 -0.8136 1.3662, 1.1931 -0.8668 1.1218, 1.0272 -0.7463 1.3662, 1.0966 -0.633 1.3662, 1.314 -0.6695 1.1218, 1.1313 -0.5764 1.3662, 1.1906 -0.4332 1.3662, 1.4026 -0.4557 1.1218, 1.2541 -0.1986 1.3662, 1.4566 -0.2307 1.1218, 1.2489 -0.2201 1.3662, 1.2075 -0.3924 1.3662
            ]
        }
        coordIndex [
            0,1,2,-1,2,3,0,-1,0,3,4,-1,0,4,5,-1,4,6,5,-1,5,6,7,-1,5,7,8,-1,7,9,8,-1,8,9,10,-1,8,10,11,-1,10,12,11,-1,11,12,13,-1,11,13,14,-1,13,15,14,-1,14,15,16,-1,14,16,17,-1,16,18,17,-1,17,18,19,-1,17,19,20,-1,19,21,20,-1,20,21,22,-1,20,22,23,-1,22,24,23,-1,23,24,25,-1,23,25,26,-1,26,25,27,-1,26,27,28,-1,28,27,29,-1,28,29,30,-1,29,31,30,-1,30,31,32,-1,30,32,33,-1,32,34,33,-1,33,34,35,-1,33,35,36,-1,35,37,36,-1,36,37,38,-1,36,38,39,-1,38,40,39,-1,39,40,41,-1,39,41,42,-1,41,43,42,-1,42,43,44,-1,42,44,45,-1,44,46,45,-1,45,46,47,-1,45,47,48,-1,47,49,48,-1,48,49,50,-1,48,50,51,-1,52,53,54,-1,54,53,55,-1,54,55,56,-1,56,55,51,-1,56,51,57,-1,57,51,50,-1,58,59,60,-1,61,62,63,-1,64,65,66,-1,67,68,69,-1,67,69,70,-1,71,72,73,-1,73,72,74,-1,73,74,63,-1,63,74,69,-1,63,69,61,-1,61,69,68,-1,61,68,66,-1,66,68,75,-1,66,75,64,-1,69,76,70,-1,70,76,77,-1,70,77,78,-1,79,80,81,-1,81,80,82,-1,81,82,83,-1,83,82,84,-1,83,84,85,-1,85,84,86,-1,85,86,60,-1,60,86,87,-1,60,87,58,-1,88,89,90,-1,91,86,92,-1,92,86,84,-1,92,84,93,-1,93,84,94,-1,93,94,90,-1,90,94,95,-1,90,95,88,-1,88,95,96,-1,88,96,97,-1,97,96,98,-1,97,98,99,-1,99,98,100,-1,99,100,101,-1,101,100,102,-1,101,102,103,-1,103,102,104,-1,103,104,105,-1,105,104,72,-1,105,72,106,-1,106,72,71,-1,106,71,107,-1,108,109,110,-1,111,112,113,-1,113,112,114,-1,113,114,115,-1,115,114,116,-1,115,116,117,-1,117,116,118,-1,118,116,119,-1,118,119,110,-1,110,119,120,-1,110,120,108,-1,121,122,123,-1,124,125,126,-1,127,128,129,-1,130,131,132,-1,132,131,133,-1,132,133,134,-1,135,136,137,-1,137,136,138,-1,137,138,126,-1,126,138,132,-1,126,132,124,-1,124,132,134,-1,124,134,129,-1,129,134,139,-1,129,139,127,-1,132,140,130,-1,130,140,141,-1,130,141,142,-1,143,119,144,-1,144,119,116,-1,144,116,145,-1,145,116,146,-1,145,146,123,-1,123,146,147,-1,123,147,121,-1,121,147,148,-1,121,148,149,-1,149,148,150,-1,149,150,151,-1,151,150,152,-1,151,152,153,-1,153,152,154,-1,153,154,155,-1,155,154,156,-1,155,156,157,-1,157,156,136,-1,157,136,158,-1,158,136,135,-1,158,135,159,-1,160,161,162,-1,163,164,165,-1,166,167,168,-1,169,170,171,-1,171,170,172,-1,171,172,168,-1,168,172,173,-1,168,173,166,-1,169,171,174,-1,174,171,175,-1,174,175,176,-1,177,178,175,-1,175,178,179,-1,175,179,176,-1,180,181,182,-1,182,181,183,-1,182,183,184,-1,184,183,185,-1,184,185,186,-1,186,185,187,-1,186,187,188,-1,188,187,189,-1,188,189,190,-1,165,164,191,-1,192,193,194,-1,194,193,195,-1,194,195,196,-1,196,195,197,-1,196,197,198,-1,198,197,199,-1,198,199,200,-1,200,199,201,-1,200,201,202,-1,202,201,203,-1,162,161,165,-1,165,161,204,-1,165,204,163,-1,205,206,207,-1,207,206,208,-1,207,208,162,-1,162,208,209,-1,162,209,160,-1,189,178,190,-1,190,178,177,-1,190,177,210,-1,210,177,211,-1,210,211,212,-1,212,211,213,-1,212,213,214,-1,214,213,215,-1,214,215,203,-1,203,215,191,-1,203,191,202,-1,202,191,164,-1,216,217,218,-1,218,217,219,-1,218,219,220,-1,220,219,221,-1,220,221,222,-1,222,221,223,-1,222,223,224,-1,224,223,225,-1,224,225,226,-1,226,225,227,-1,226,227,228,-1,228,227,229,-1,228,229,230,-1,230,229,231,-1,230,231,232,-1,232,231,233,-1,232,233,234,-1,234,233,235,-1,234,235,236,-1,236,235,237,-1,236,237,238,-1,238,237,239,-1,238,239,240,-1,240,239,241,-1,242,243,244,-1,242,244,245,-1,245,244,246,-1,245,246,247,-1,247,246,248,-1,247,248,249,-1,249,248,250,-1,249,250,251,-1,251,250,252,-1,251,252,253,-1,253,252,254,-1,253,254,255,-1,255,254,256,-1,255,256,257,-1,257,256,258,-1,257,258,259,-1,259,258,260,-1,259,260,261,-1,261,260,262,-1,261,262,263,-1,263,262,264,-1,263,264,265,-1,265,264,266,-1,265,266,267,-1,268,269,270,-1,268,270,271,-1,271,270,272,-1,271,272,273,-1,273,272,274,-1,273,274,275,-1,275,274,276,-1,275,276,277,-1,277,276,278,-1,277,278,279,-1,279,278,280,-1,279,280,281,-1,281,280,282,-1,281,282,283,-1,283,282,284,-1,283,284,285,-1,285,284,286,-1,285,286,287,-1,287,286,288,-1,287,288,289,-1,289,288,290,-1,289,290,291,-1,291,290,292,-1,291,292,293,-1,294,295,296,-1,294,296,297,-1,297,296,298,-1,297,298,299,-1,299,298,300,-1,299,300,301,-1,301,300,302,-1,301,302,303,-1,303,302,304,-1,303,304,305,-1,305,304,306,-1,305,306,307,-1,307,306,308,-1,307,308,309,-1,309,308,310,-1,309,310,311,-1,311,310,312,-1,311,312,313,-1,313,312,314,-1,313,314,315,-1,315,314,316,-1,315,316,317,-1,317,316,318,-1,317,318,319,-1,320,321,322,-1,320,322,323,-1,323,322,324,-1,323,324,325,-1,325,324,326,-1,325,326,327,-1,327,326,328,-1,327,328,329,-1,329,328,330,-1,329,330,331,-1,331,330,332,-1,331,332,333,-1,333,332,334,-1,333,334,335,-1,335,334,336,-1,335,336,337,-1,337,336,338,-1,337,338,339,-1,339,338,340,-1,339,340,341,-1,341,340,342,-1,341,342,343,-1,343,342,344,-1,343,344,345,-1,294,297,346,-1,297,299,347,-1,299,301,348,-1,301,303,349,-1,307,350,351,-1,309,350,307,-1,307,352,353,-1,354,352,307,-1,351,354,307,-1,307,355,356,-1,357,355,307,-1,353,357,307,-1,307,358,359,-1,360,358,307,-1,356,360,307,-1,303,305,359,-1,359,305,307,-1,303,359,349,-1,349,359,358,-1,349,358,361,-1,361,358,360,-1,361,360,362,-1,362,360,356,-1,362,356,363,-1,363,356,355,-1,363,355,364,-1,364,355,357,-1,364,357,365,-1,365,357,353,-1,365,353,366,-1,366,353,352,-1,366,352,367,-1,367,352,354,-1,367,354,368,-1,368,354,351,-1,368,351,369,-1,369,351,350,-1,369,350,370,-1,370,350,309,-1,370,309,311,-1,301,349,348,-1,348,349,361,-1,348,361,371,-1,371,361,362,-1,371,362,372,-1,372,362,363,-1,372,363,373,-1,373,363,364,-1,373,364,374,-1,374,364,365,-1,374,365,375,-1,375,365,366,-1,375,366,376,-1,376,366,367,-1,376,367,377,-1,377,367,368,-1,377,368,378,-1,378,368,369,-1,378,369,379,-1,379,369,370,-1,379,370,380,-1,380,370,311,-1,380,311,313,-1,299,348,347,-1,347,348,371,-1,347,371,381,-1,381,371,372,-1,381,372,382,-1,382,372,373,-1,382,373,383,-1,383,373,374,-1,383,374,384,-1,384,374,375,-1,384,375,385,-1,385,375,376,-1,385,376,386,-1,386,376,377,-1,386,377,387,-1,387,377,378,-1,387,378,388,-1,388,378,379,-1,388,379,389,-1,389,379,380,-1,389,380,390,-1,390,380,313,-1,390,313,315,-1,297,347,346,-1,346,347,381,-1,346,381,391,-1,391,381,382,-1,391,382,392,-1,392,382,383,-1,392,383,393,-1,393,383,384,-1,393,384,394,-1,394,384,385,-1,394,385,395,-1,395,385,386,-1,395,386,396,-1,396,386,387,-1,396,387,397,-1,397,387,388,-1,397,388,398,-1,398,388,389,-1,398,389,399,-1,399,389,390,-1,399,390,400,-1,400,390,315,-1,400,315,317,-1,294,346,401,-1,401,346,391,-1,401,391,402,-1,402,391,392,-1,402,392,403,-1,403,392,393,-1,403,393,404,-1,404,393,394,-1,404,394,405,-1,405,394,395,-1,405,395,406,-1,406,395,396,-1,406,396,407,-1,407,396,397,-1,407,397,408,-1,408,397,398,-1,408,398,409,-1,409,398,399,-1,409,399,410,-1,410,399,400,-1,410,400,411,-1,411,400,317,-1,411,317,319,-1,320,323,412,-1,323,325,413,-1,325,327,414,-1,327,329,415,-1,333,416,417,-1,335,416,333,-1,333,418,419,-1,420,418,333,-1,417,420,333,-1,333,421,422,-1,423,421,333,-1,419,423,333,-1,333,424,425,-1,426,424,333,-1,422,426,333,-1,329,331,425,-1,425,331,333,-1,329,425,415,-1,415,425,424,-1,415,424,427,-1,427,424,426,-1,427,426,428,-1,428,426,422,-1,428,422,429,-1,429,422,421,-1,429,421,430,-1,430,421,423,-1,430,423,431,-1,431,423,419,-1,431,419,432,-1,432,419,418,-1,432,418,433,-1,433,418,420,-1,433,420,434,-1,434,420,417,-1,434,417,435,-1,435,417,416,-1,435,416,436,-1,436,416,335,-1,436,335,337,-1,327,415,414,-1,414,415,427,-1,414,427,437,-1,437,427,428,-1,437,428,438,-1,438,428,429,-1,438,429,439,-1,439,429,430,-1,439,430,440,-1,440,430,431,-1,440,431,441,-1,441,431,432,-1,441,432,442,-1,442,432,433,-1,442,433,443,-1,443,433,434,-1,443,434,444,-1,444,434,435,-1,444,435,445,-1,445,435,436,-1,445,436,446,-1,446,436,337,-1,446,337,339,-1,325,414,413,-1,413,414,437,-1,413,437,447,-1,447,437,438,-1,447,438,448,-1,448,438,439,-1,448,439,449,-1,449,439,440,-1,449,440,450,-1,450,440,441,-1,450,441,451,-1,451,441,442,-1,451,442,452,-1,452,442,443,-1,452,443,453,-1,453,443,444,-1,453,444,454,-1,454,444,445,-1,454,445,455,-1,455,445,446,-1,455,446,456,-1,456,446,339,-1,456,339,341,-1,323,413,412,-1,412,413,447,-1,412,447,457,-1,457,447,448,-1,457,448,458,-1,458,448,449,-1,458,449,459,-1,459,449,450,-1,459,450,460,-1,460,450,451,-1,460,451,461,-1,461,451,452,-1,461,452,462,-1,462,452,453,-1,462,453,463,-1,463,453,454,-1,463,454,464,-1,464,454,455,-1,464,455,465,-1,465,455,456,-1,465,456,466,-1,466,456,341,-1,466,341,343,-1,320,412,467,-1,467,412,457,-1,467,457,468,-1,468,457,458,-1,468,458,469,-1,469,458,459,-1,469,459,470,-1,470,459,460,-1,470,460,471,-1,471,460,461,-1,471,461,472,-1,472,461,462,-1,472,462,473,-1,473,462,463,-1,473,463,474,-1,474,463,464,-1,474,464,475,-1,475,464,465,-1,475,465,476,-1,476,465,466,-1,476,466,477,-1,477,466,343,-1,477,343,345,-1,478,479,480,-1,480,479,481,-1,482,483,484,-1,484,483,485,-1,486,487,478,-1,478,487,479,-1,484,485,488,-1,488,485,489,-1,490,491,488,-1,492,493,487,-1,486,494,495,-1,489,496,497,-1,487,486,492,-1,492,486,495,-1,492,495,497,-1,497,495,490,-1,497,490,489,-1,489,490,488,-1,498,499,500,-1,498,500,501,-1,502,501,500,-1,503,502,500,-1,504,503,500,-1,505,504,500,-1,506,505,500,-1,507,506,500,-1,508,507,500,-1,509,508,500,-1,510,509,500,-1,511,510,500,-1,511,512,513,-1,512,514,515,-1,514,516,517,-1,516,518,519,-1,518,320,467,-1,518,467,519,-1,519,467,468,-1,519,468,520,-1,520,468,469,-1,520,469,521,-1,521,469,470,-1,521,470,522,-1,522,470,471,-1,522,471,523,-1,523,471,472,-1,523,472,524,-1,524,472,473,-1,524,473,525,-1,525,473,474,-1,525,474,526,-1,526,474,475,-1,526,475,527,-1,527,475,476,-1,527,476,528,-1,528,476,477,-1,528,477,529,-1,529,477,345,-1,529,345,530,-1,516,519,517,-1,517,519,520,-1,517,520,531,-1,531,520,521,-1,531,521,532,-1,532,521,522,-1,532,522,533,-1,533,522,523,-1,533,523,534,-1,534,523,524,-1,534,524,535,-1,535,524,525,-1,535,525,536,-1,536,525,526,-1,536,526,537,-1,537,526,527,-1,537,527,538,-1,538,527,528,-1,538,528,539,-1,539,528,529,-1,539,529,540,-1,540,529,530,-1,540,530,541,-1,514,517,515,-1,515,517,531,-1,515,531,542,-1,542,531,532,-1,542,532,543,-1,543,532,533,-1,543,533,544,-1,544,533,534,-1,544,534,545,-1,545,534,535,-1,545,535,546,-1,546,535,536,-1,546,536,547,-1,547,536,537,-1,547,537,548,-1,548,537,538,-1,548,538,549,-1,549,538,539,-1,549,539,550,-1,550,539,540,-1,550,540,551,-1,551,540,541,-1,551,541,552,-1,512,515,513,-1,513,515,542,-1,513,542,553,-1,553,542,543,-1,553,543,554,-1,554,543,544,-1,554,544,555,-1,555,544,545,-1,555,545,556,-1,556,545,546,-1,556,546,557,-1,557,546,547,-1,557,547,558,-1,558,547,548,-1,558,548,559,-1,559,548,549,-1,559,549,560,-1,560,549,550,-1,560,550,561,-1,561,550,551,-1,561,551,562,-1,562,551,552,-1,562,552,563,-1,511,513,510,-1,510,513,553,-1,510,553,509,-1,509,553,554,-1,509,554,508,-1,508,554,555,-1,508,555,507,-1,507,555,556,-1,507,556,506,-1,506,556,557,-1,506,557,505,-1,505,557,558,-1,505,558,504,-1,504,558,559,-1,504,559,503,-1,503,559,560,-1,503,560,502,-1,502,560,561,-1,502,561,501,-1,501,561,562,-1,501,562,498,-1,498,562,563,-1,498,563,499,-1,564,565,566,-1,564,566,567,-1,568,567,566,-1,569,568,566,-1,570,569,566,-1,571,570,566,-1,572,571,566,-1,573,572,566,-1,574,573,566,-1,575,574,566,-1,576,575,566,-1,577,576,566,-1,577,578,579,-1,578,580,581,-1,580,582,583,-1,582,584,585,-1,584,294,401,-1,584,401,585,-1,585,401,402,-1,585,402,586,-1,586,402,403,-1,586,403,587,-1,587,403,404,-1,587,404,588,-1,588,404,405,-1,588,405,589,-1,589,405,406,-1,589,406,590,-1,590,406,407,-1,590,407,591,-1,591,407,408,-1,591,408,592,-1,592,408,409,-1,592,409,593,-1,593,409,410,-1,593,410,594,-1,594,410,411,-1,594,411,595,-1,595,411,319,-1,595,319,596,-1,582,585,583,-1,583,585,586,-1,583,586,597,-1,597,586,587,-1,597,587,598,-1,598,587,588,-1,598,588,599,-1,599,588,589,-1,599,589,600,-1,600,589,590,-1,600,590,601,-1,601,590,591,-1,601,591,602,-1,602,591,592,-1,602,592,603,-1,603,592,593,-1,603,593,604,-1,604,593,594,-1,604,594,605,-1,605,594,595,-1,605,595,606,-1,606,595,596,-1,606,596,607,-1,580,583,581,-1,581,583,597,-1,581,597,608,-1,608,597,598,-1,608,598,609,-1,609,598,599,-1,609,599,610,-1,610,599,600,-1,610,600,611,-1,611,600,601,-1,611,601,612,-1,612,601,602,-1,612,602,613,-1,613,602,603,-1,613,603,614,-1,614,603,604,-1,614,604,615,-1,615,604,605,-1,615,605,616,-1,616,605,606,-1,616,606,617,-1,617,606,607,-1,617,607,618,-1,578,581,579,-1,579,581,608,-1,579,608,619,-1,619,608,609,-1,619,609,620,-1,620,609,610,-1,620,610,621,-1,621,610,611,-1,621,611,622,-1,622,611,612,-1,622,612,623,-1,623,612,613,-1,623,613,624,-1,624,613,614,-1,624,614,625,-1,625,614,615,-1,625,615,626,-1,626,615,616,-1,626,616,627,-1,627,616,617,-1,627,617,628,-1,628,617,618,-1,628,618,629,-1,577,579,576,-1,576,579,619,-1,576,619,575,-1,575,619,620,-1,575,620,574,-1,574,620,621,-1,574,621,573,-1,573,621,622,-1,573,622,572,-1,572,622,623,-1,572,623,571,-1,571,623,624,-1,571,624,570,-1,570,624,625,-1,570,625,569,-1,569,625,626,-1,569,626,568,-1,568,626,627,-1,568,627,567,-1,567,627,628,-1,567,628,564,-1,564,628,629,-1,564,629,565,-1,630,631,632,-1,632,631,633,-1,632,633,634,-1,634,633,635,-1,630,636,631,-1,631,636,637,-1,631,637,638,-1,639,640,633,-1,633,640,641,-1,633,641,635,-1,638,642,631,-1,631,642,643,-1,631,643,644,-1,645,646,647,-1,647,646,648,-1,647,648,649,-1,650,651,652,-1,652,651,653,-1,652,653,654,-1,654,655,652,-1,652,655,656,-1,652,656,647,-1,647,656,657,-1,647,657,645,-1,345,344,658,-1,345,658,530,-1,530,658,659,-1,530,659,541,-1,541,659,660,-1,541,660,552,-1,552,660,661,-1,552,661,563,-1,563,661,662,-1,563,662,499,-1,499,662,663,-1,499,663,500,-1,500,663,664,-1,500,664,511,-1,511,664,665,-1,511,665,512,-1,512,665,666,-1,512,666,514,-1,514,666,667,-1,514,667,516,-1,516,667,668,-1,516,668,518,-1,518,668,321,-1,518,321,320,-1,319,318,669,-1,319,669,596,-1,596,669,670,-1,596,670,607,-1,607,670,671,-1,607,671,618,-1,618,671,672,-1,618,672,629,-1,629,672,673,-1,629,673,565,-1,565,673,674,-1,565,674,566,-1,566,674,675,-1,566,675,577,-1,577,675,676,-1,577,676,578,-1,578,676,677,-1,578,677,580,-1,580,677,678,-1,580,678,582,-1,582,678,679,-1,582,679,584,-1,584,679,295,-1,584,295,294,-1,680,681,682,-1,682,681,683,-1,682,683,684,-1,684,683,685,-1,684,685,686,-1,686,685,687,-1,688,689,690,-1,690,689,691,-1,690,691,692,-1,692,691,693,-1,692,693,694,-1,694,693,695,-1,318,696,669,-1,669,696,697,-1,669,697,670,-1,670,697,698,-1,670,698,671,-1,679,678,699,-1,699,678,700,-1,700,678,677,-1,700,677,701,-1,701,677,676,-1,701,676,702,-1,676,675,702,-1,702,675,674,-1,702,674,703,-1,674,673,703,-1,703,673,672,-1,703,672,704,-1,704,672,671,-1,704,671,705,-1,705,671,698,-1,699,706,679,-1,679,706,707,-1,679,707,295,-1,295,707,241,-1,295,241,296,-1,296,241,239,-1,296,239,298,-1,298,239,237,-1,298,237,300,-1,300,237,235,-1,300,235,302,-1,302,235,233,-1,302,233,304,-1,304,233,231,-1,304,231,306,-1,306,231,229,-1,306,229,308,-1,308,229,227,-1,308,227,310,-1,310,227,225,-1,310,225,312,-1,312,225,223,-1,312,223,314,-1,314,223,221,-1,314,221,316,-1,316,221,219,-1,316,219,318,-1,318,219,217,-1,318,217,696,-1,178,189,338,-1,338,189,340,-1,340,189,187,-1,340,187,342,-1,338,336,178,-1,178,336,334,-1,178,334,708,-1,187,185,342,-1,342,185,183,-1,342,183,344,-1,344,183,181,-1,344,181,658,-1,658,181,709,-1,658,709,659,-1,659,709,710,-1,659,710,660,-1,660,710,711,-1,660,711,661,-1,661,711,712,-1,661,712,662,-1,662,712,713,-1,662,713,663,-1,663,713,714,-1,663,714,664,-1,664,714,715,-1,664,715,665,-1,665,715,716,-1,665,716,666,-1,666,716,717,-1,666,717,667,-1,667,717,718,-1,667,718,668,-1,668,718,719,-1,668,719,321,-1,719,192,321,-1,321,192,194,-1,321,194,322,-1,322,194,196,-1,322,196,324,-1,324,196,198,-1,324,198,326,-1,326,198,200,-1,326,200,328,-1,328,200,202,-1,328,202,330,-1,330,202,708,-1,330,708,332,-1,332,708,334,-1,720,721,722,-1,723,724,725,-1,228,726,226,-1,226,726,224,-1,727,728,729,-1,729,728,730,-1,729,730,731,-1,731,730,732,-1,731,732,733,-1,733,732,216,-1,733,216,734,-1,734,216,218,-1,734,218,735,-1,735,218,220,-1,735,220,726,-1,726,220,222,-1,726,222,224,-1,274,272,736,-1,736,272,270,-1,736,270,269,-1,720,722,737,-1,737,722,738,-1,737,738,725,-1,725,738,739,-1,725,739,723,-1,740,726,741,-1,741,726,228,-1,741,228,742,-1,740,743,726,-1,726,743,744,-1,726,744,733,-1,733,744,292,-1,733,292,727,-1,727,292,290,-1,727,290,728,-1,728,290,288,-1,728,288,745,-1,745,288,286,-1,745,286,746,-1,746,286,284,-1,746,284,747,-1,747,284,282,-1,747,282,725,-1,725,282,280,-1,280,278,725,-1,725,278,276,-1,725,276,737,-1,737,276,274,-1,737,274,748,-1,748,274,736,-1,269,749,736,-1,736,749,234,-1,736,234,750,-1,750,234,236,-1,750,236,751,-1,751,236,238,-1,751,238,748,-1,748,238,240,-1,748,240,721,-1,721,240,752,-1,721,752,722,-1,749,753,234,-1,234,753,754,-1,234,754,232,-1,232,754,755,-1,232,755,230,-1,230,755,756,-1,230,756,228,-1,228,756,757,-1,228,757,742,-1,293,292,744,-1,293,744,758,-1,758,744,743,-1,758,743,759,-1,759,743,740,-1,759,740,760,-1,760,740,741,-1,760,741,761,-1,761,741,742,-1,761,742,762,-1,762,742,757,-1,762,757,763,-1,763,757,756,-1,763,756,764,-1,764,756,755,-1,764,755,765,-1,765,755,754,-1,765,754,766,-1,766,754,753,-1,766,753,767,-1,767,753,749,-1,767,749,768,-1,768,749,269,-1,768,269,268,-1,758,759,768,-1,768,759,760,-1,768,760,761,-1,766,767,765,-1,765,767,768,-1,765,768,764,-1,275,277,293,-1,293,277,279,-1,279,281,293,-1,293,281,283,-1,293,283,285,-1,761,762,768,-1,768,762,763,-1,768,763,764,-1,768,268,758,-1,758,268,271,-1,758,271,293,-1,293,271,273,-1,293,273,275,-1,285,287,293,-1,293,287,289,-1,293,289,291,-1,769,195,243,-1,243,195,193,-1,243,193,244,-1,244,193,770,-1,244,770,246,-1,246,770,771,-1,246,771,248,-1,248,771,772,-1,248,772,250,-1,250,772,773,-1,250,773,252,-1,252,773,774,-1,252,774,254,-1,254,774,775,-1,254,775,256,-1,256,775,776,-1,256,776,258,-1,258,776,777,-1,258,777,260,-1,260,777,778,-1,260,778,262,-1,262,778,779,-1,262,779,264,-1,264,779,780,-1,264,780,266,-1,780,180,266,-1,266,180,182,-1,266,182,781,-1,781,182,184,-1,781,184,782,-1,782,184,186,-1,782,186,783,-1,783,186,188,-1,783,188,784,-1,784,188,190,-1,784,190,785,-1,785,190,210,-1,785,210,786,-1,786,210,212,-1,786,212,787,-1,787,212,214,-1,787,214,788,-1,788,214,203,-1,788,203,789,-1,789,203,201,-1,789,201,790,-1,790,201,199,-1,790,199,769,-1,769,199,197,-1,769,197,195,-1,267,266,781,-1,267,781,791,-1,791,781,782,-1,791,782,792,-1,792,782,783,-1,792,783,793,-1,793,783,784,-1,793,784,794,-1,794,784,785,-1,794,785,795,-1,795,785,786,-1,795,786,796,-1,796,786,787,-1,796,787,797,-1,797,787,788,-1,797,788,798,-1,798,788,789,-1,798,789,799,-1,799,789,790,-1,799,790,800,-1,800,790,769,-1,800,769,801,-1,801,769,243,-1,801,243,242,-1,791,792,801,-1,801,792,793,-1,801,793,794,-1,799,800,798,-1,798,800,801,-1,798,801,797,-1,249,251,267,-1,267,251,253,-1,253,255,267,-1,267,255,257,-1,267,257,259,-1,794,795,801,-1,801,795,796,-1,801,796,797,-1,801,242,791,-1,791,242,245,-1,791,245,267,-1,267,245,247,-1,267,247,249,-1,259,261,267,-1,267,261,263,-1,267,263,265,-1,802,803,804,-1,804,803,805,-1,217,216,696,-1,696,216,732,-1,696,732,697,-1,697,732,730,-1,697,730,698,-1,698,730,728,-1,698,728,705,-1,705,728,745,-1,705,745,704,-1,704,745,746,-1,806,807,808,-1,808,807,809,-1,808,809,810,-1,806,811,807,-1,807,811,812,-1,807,812,804,-1,804,812,813,-1,804,813,802,-1,814,815,816,-1,816,815,817,-1,816,817,818,-1,818,817,819,-1,818,819,820,-1,814,816,821,-1,821,816,822,-1,821,822,823,-1,824,701,822,-1,822,701,825,-1,822,825,823,-1,240,241,752,-1,752,241,707,-1,752,707,722,-1,722,707,706,-1,722,706,738,-1,738,706,699,-1,738,699,739,-1,739,699,700,-1,739,700,723,-1,700,701,723,-1,723,701,824,-1,723,824,724,-1,724,824,826,-1,724,826,725,-1,725,826,827,-1,725,827,747,-1,747,827,828,-1,747,828,746,-1,746,828,805,-1,746,805,704,-1,704,805,803,-1,193,192,770,-1,770,192,719,-1,770,719,771,-1,771,719,718,-1,771,718,772,-1,772,718,717,-1,772,717,773,-1,773,717,716,-1,773,716,774,-1,774,716,715,-1,774,715,775,-1,775,715,714,-1,775,714,776,-1,776,714,713,-1,776,713,777,-1,777,713,712,-1,777,712,778,-1,778,712,711,-1,778,711,779,-1,779,711,710,-1,779,710,780,-1,780,710,709,-1,780,709,180,-1,180,709,181,-1,829,830,831,-1,831,830,832,-1,831,832,833,-1,833,832,834,-1,835,836,837,-1,837,836,838,-1,837,838,839,-1,839,840,837,-1,837,840,841,-1,837,841,842,-1,842,841,843,-1,837,842,844,-1,844,842,845,-1,846,847,848,-1,848,847,849,-1,848,849,850,-1,850,849,851,-1,850,851,852,-1,852,851,853,-1,852,853,854,-1,854,853,855,-1,854,855,856,-1,856,855,857,-1,856,857,858,-1,858,857,859,-1,860,861,862,-1,862,861,863,-1,862,863,864,-1,864,863,865,-1,864,865,866,-1,866,865,867,-1,866,867,868,-1,868,867,869,-1,868,869,870,-1,870,869,871,-1,870,871,872,-1,872,871,873,-1,874,875,876,-1,876,875,877,-1,876,877,878,-1,119,143,879,-1,880,122,121,-1,881,882,883,-1,884,885,886,-1,883,882,887,-1,874,888,875,-1,875,888,889,-1,875,889,890,-1,891,892,893,-1,893,892,860,-1,893,860,159,-1,886,885,888,-1,888,885,894,-1,888,894,889,-1,86,91,895,-1,106,107,846,-1,846,107,896,-1,846,896,897,-1,897,896,898,-1,899,89,88,-1,900,125,124,-1,901,902,903,-1,903,902,904,-1,903,904,905,-1,906,907,908,-1,909,119,910,-1,910,119,879,-1,910,879,911,-1,911,879,880,-1,911,880,872,-1,872,880,121,-1,872,121,870,-1,870,121,149,-1,870,149,868,-1,868,149,151,-1,868,151,866,-1,866,151,153,-1,866,153,864,-1,864,153,155,-1,864,155,862,-1,862,155,157,-1,862,157,860,-1,860,157,158,-1,860,158,159,-1,912,913,914,-1,914,913,915,-1,914,915,916,-1,917,918,881,-1,919,920,921,-1,86,895,922,-1,923,62,61,-1,924,925,926,-1,924,927,928,-1,928,927,929,-1,930,931,932,-1,933,934,935,-1,106,846,105,-1,105,846,848,-1,105,848,103,-1,103,848,850,-1,103,850,101,-1,101,850,852,-1,101,852,99,-1,99,852,854,-1,99,854,97,-1,97,854,856,-1,97,856,88,-1,88,856,858,-1,88,858,899,-1,899,858,936,-1,899,936,895,-1,895,936,937,-1,895,937,922,-1,886,938,884,-1,884,938,939,-1,884,939,940,-1,940,939,941,-1,940,941,942,-1,942,941,943,-1,942,943,944,-1,944,943,945,-1,944,945,908,-1,908,945,905,-1,908,905,906,-1,906,905,904,-1,929,946,928,-1,928,946,947,-1,928,947,948,-1,926,949,924,-1,924,949,950,-1,924,950,927,-1,934,951,935,-1,935,951,952,-1,935,952,953,-1,953,952,954,-1,953,954,955,-1,930,932,935,-1,935,932,956,-1,935,956,933,-1,957,958,959,-1,960,917,961,-1,961,917,881,-1,961,881,962,-1,962,881,883,-1,963,964,965,-1,966,967,968,-1,969,970,971,-1,954,972,955,-1,955,972,973,-1,955,973,974,-1,974,973,975,-1,974,975,924,-1,924,975,976,-1,924,976,925,-1,957,959,977,-1,963,965,968,-1,968,965,978,-1,968,978,966,-1,979,980,981,-1,960,961,982,-1,982,961,983,-1,982,983,984,-1,984,983,985,-1,984,985,986,-1,987,988,989,-1,989,988,990,-1,989,990,991,-1,992,993,994,-1,994,993,995,-1,994,995,990,-1,990,995,996,-1,990,996,991,-1,997,998,999,-1,947,1000,948,-1,948,1000,1001,-1,948,1001,1002,-1,1002,1001,1003,-1,1002,1003,1004,-1,1004,1003,1005,-1,1004,1005,1006,-1,1006,1005,1007,-1,1006,1007,1008,-1,1008,1007,108,-1,1008,108,909,-1,909,108,120,-1,909,120,119,-1,877,1009,878,-1,878,1009,1010,-1,878,1010,1011,-1,1011,1010,1012,-1,1011,1012,1013,-1,1013,1012,1014,-1,1013,1014,1015,-1,1015,1014,1016,-1,1015,1016,1017,-1,1017,1016,1018,-1,1017,1018,1019,-1,1019,1018,1020,-1,1019,1020,930,-1,930,1020,1021,-1,930,1021,931,-1,1022,1023,1024,-1,1025,1026,1027,-1,1027,1026,1028,-1,1027,1028,1022,-1,1022,1028,1029,-1,1022,1029,1023,-1,959,1030,977,-1,977,1030,1031,-1,977,1031,1032,-1,1033,1034,957,-1,957,1034,1035,-1,957,1035,958,-1,915,919,916,-1,916,919,921,-1,916,921,1036,-1,1036,921,1037,-1,1036,1037,1038,-1,1038,1037,1039,-1,1038,1039,1040,-1,1040,1039,986,-1,1040,986,1041,-1,1041,986,985,-1,987,1042,988,-1,988,1042,1043,-1,988,1043,1044,-1,967,1045,968,-1,968,1045,1046,-1,968,1046,1047,-1,1047,1046,1048,-1,1047,1048,992,-1,992,1048,1049,-1,992,1049,993,-1,969,971,981,-1,981,971,1050,-1,981,1050,979,-1,999,998,1051,-1,1051,998,1052,-1,1051,1052,1053,-1,1054,1055,1052,-1,1052,1055,1056,-1,1052,1056,1053,-1,1057,1058,1059,-1,1059,1058,1022,-1,1059,1022,1060,-1,1060,1022,1024,-1,977,1061,1062,-1,1062,1061,1063,-1,1062,1063,1025,-1,1025,1063,1064,-1,1025,1064,1026,-1,1032,1065,977,-1,977,1065,1066,-1,977,1066,1061,-1,1067,1068,1069,-1,1069,1068,1070,-1,1069,1070,1071,-1,1071,1070,1072,-1,1071,1072,1073,-1,1073,1072,1074,-1,1073,1074,1075,-1,1075,1074,58,-1,1075,58,922,-1,922,58,87,-1,922,87,86,-1,882,1076,887,-1,887,1076,1077,-1,887,1077,1078,-1,1078,1077,1079,-1,1078,1079,1080,-1,1080,1079,1081,-1,1080,1081,1082,-1,1082,1081,1083,-1,1082,1083,1084,-1,1084,1083,1085,-1,1084,1085,1086,-1,1086,1085,1087,-1,1086,1087,963,-1,963,1087,1088,-1,963,1088,964,-1,980,1089,981,-1,981,1089,1090,-1,981,1090,1091,-1,1091,1090,1092,-1,1091,1092,1093,-1,1093,1092,1094,-1,1093,1094,1095,-1,1095,1094,1096,-1,1095,1096,1097,-1,1097,1096,1098,-1,1097,1098,1099,-1,1099,1098,1100,-1,1099,1100,901,-1,901,1100,1101,-1,901,1101,902,-1,999,1102,997,-1,997,1102,1103,-1,997,1103,1104,-1,1104,1103,1105,-1,1104,1105,969,-1,969,1105,1106,-1,969,1106,970,-1,1054,1107,1108,-1,893,900,891,-1,891,900,124,-1,891,124,1109,-1,1109,124,129,-1,1109,129,1110,-1,1110,129,128,-1,1110,128,1111,-1,1111,128,1112,-1,1111,1112,1113,-1,1113,1112,1114,-1,1113,1114,1115,-1,1115,1114,1116,-1,1115,1116,1033,-1,1033,1116,1117,-1,1033,1117,1034,-1,1044,1118,988,-1,988,1118,1119,-1,988,1119,1067,-1,1067,1119,1120,-1,1067,1120,1068,-1,1108,1121,1054,-1,1054,1121,1122,-1,1054,1122,1055,-1,896,923,898,-1,898,923,61,-1,898,61,1123,-1,1123,61,66,-1,1123,66,1124,-1,1124,66,65,-1,1124,65,1125,-1,1125,65,1126,-1,1125,1126,1127,-1,1127,1126,1128,-1,1127,1128,1129,-1,1129,1128,1130,-1,1129,1130,1131,-1,1057,1132,1058,-1,1058,1132,1133,-1,1058,1133,1134,-1,1134,1133,1135,-1,1134,1135,1136,-1,1136,1135,1137,-1,1136,1137,1138,-1,1138,1137,1139,-1,1138,1139,1140,-1,1140,1139,1141,-1,1140,1141,1142,-1,1142,1141,1143,-1,1142,1143,912,-1,912,1143,1144,-1,912,1144,913,-1,1130,1145,1131,-1,1131,1145,1146,-1,1131,1146,1054,-1,1054,1146,1147,-1,1054,1147,1107,-1,1148,53,52,-1,52,1149,1148,-1,1148,1149,1150,-1,1148,1150,1151,-1,1150,1152,1151,-1,1151,1152,1153,-1,1151,1153,1154,-1,1153,1155,1154,-1,1154,1155,1156,-1,1154,1156,1157,-1,1156,1158,1157,-1,1157,1158,1159,-1,1157,1159,1160,-1,1159,1161,1160,-1,1160,1161,1162,-1,1160,1162,1163,-1,1162,1164,1163,-1,1163,1164,1165,-1,1163,1165,1166,-1,1165,1167,1166,-1,1166,1167,1168,-1,1166,1168,1169,-1,1168,1170,1169,-1,1169,1170,1171,-1,1169,1171,1172,-1,1172,1171,1173,-1,1172,1173,1174,-1,1174,1173,1175,-1,1174,1175,1176,-1,1175,1177,1176,-1,1176,1177,1178,-1,1176,1178,1179,-1,1178,1180,1179,-1,1179,1180,1181,-1,1179,1181,1182,-1,1181,1183,1182,-1,1182,1183,1184,-1,1182,1184,1185,-1,1184,1186,1185,-1,1185,1186,1187,-1,1185,1187,1188,-1,1187,1189,1188,-1,1188,1189,1190,-1,1188,1190,1191,-1,1190,1192,1191,-1,1191,1192,1193,-1,1191,1193,1194,-1,1193,1195,1194,-1,1194,1195,1196,-1,1194,1196,1197,-1,2,1,1198,-1,1198,1,1199,-1,1198,1199,1200,-1,1200,1199,1197,-1,1200,1197,1201,-1,1201,1197,1196,-1,
        ]
    }
}
Shape{
    appearance Appearance {
        material  Material 	{
            diffuseColor 0.6666666666666666 0.6666666666666666 0.6666666666666666
            specularColor 0.4666666666666667 0.4666666666666667 0.4666666666666667
            ambientIntensity 0.6667
            transparency 0.0
            shininess 0.5
        }
    }
    geometry IndexedFaceSet {
        ccw TRUE
        solid FALSE
        coord DEF co Coordinate {
            point [
                0.8661 2.0039 1.2399, 0.8661 2.0039 1.1218, 0.0 2.0039 1.2399, -0.8661 2.0039 1.1218, -0.8661 2.0039 1.2399, -0.8661 -2.0039 1.2399, -0.8661 -2.0039 1.1218, 0.0 -2.0039 1.2399, 0.8661 -2.0039 1.1218, 0.8661 -2.0039 1.2399, -1.811 -1.8898 1.2399, -1.5035 -1.841 1.2399, -1.5748 -1.8504 1.2399, -0.8846 -1.8602 1.2399, -0.8708 -1.8935 1.2399, 0.0 -1.5298 1.2399, -1.511 -0.2393 1.2399, -1.5298 -0.0 1.2399, -1.5748 -1.2992 1.2399, -1.2992 -1.5748 1.2399, -1.3086 -1.6461 1.2399, -1.3189 -1.8898 1.2399, -1.3361 -1.7126 1.2399, -1.3799 -1.7697 1.2399, -0.8661 -1.9291 1.2399, -1.6461 -1.3086 1.2399, -1.8135 -1.7126 1.2399, -1.841 -1.6461 1.2399, -2.0039 -1.8898 1.2399, -1.7697 -1.3799 1.2399, -1.7126 -1.3361 1.2399, -2.0039 0.0 1.2399, -1.0039 -1.7913 1.2399, -0.9683 -1.796 1.2399, -0.935 -1.8098 1.2399, -0.9065 -1.8317 1.2399, -1.6461 -1.841 1.2399, -1.7126 -1.8135 1.2399, -1.7697 -1.7697 1.2399, -1.437 -1.8135 1.2399, -1.6339 -1.8898 1.2399, -1.6339 -1.9291 1.2399, -1.811 -1.9291 1.2399, -1.3189 -1.9291 1.2399, -1.1417 -1.9291 1.2399, -1.137 -1.8935 1.2399, -1.1233 -1.8602 1.2399, -1.1014 -1.8317 1.2399, -1.0728 -1.8098 1.2399, -1.0396 -1.796 1.2399, -0.2393 -1.511 1.2399, -0.4727 -1.455 1.2399, -1.3086 -1.5035 1.2399, -0.6945 -1.3631 1.2399, -1.3361 -1.437 1.2399, -0.8992 -1.2377 1.2399, -1.3799 -1.3799 1.2399, -1.0818 -1.0818 1.2399, -1.437 -1.3361 1.2399, -1.2377 -0.8992 1.2399, -1.5035 -1.3086 1.2399, -1.3631 -0.6945 1.2399, -1.455 -0.4727 1.2399, -1.8504 -1.5748 1.2399, -1.841 -1.5035 1.2399, -1.8135 -1.437 1.2399, 0.0 1.5298 1.2399, -0.8708 1.8935 1.2399, -0.8846 1.8602 1.2399, -1.0396 1.796 1.2399, -1.0728 1.8098 1.2399, -1.3189 1.8898 1.2399, -1.1014 1.8317 1.2399, -0.8661 1.9291 1.2399, -1.841 1.6461 1.2399, -1.8135 1.7126 1.2399, -1.811 1.8898 1.2399, -1.7697 1.7697 1.2399, -0.2393 1.511 1.2399, -1.2992 1.5748 1.2399, -1.1417 1.9291 1.2399, -1.3189 1.9291 1.2399, -1.137 1.8935 1.2399, -1.1233 1.8602 1.2399, -1.8504 1.5748 1.2399, -2.0039 1.8898 1.2399, -1.841 1.5035 1.2399, -1.8135 1.437 1.2399, -1.6339 1.8898 1.2399, -1.6339 1.9291 1.2399, -1.811 1.9291 1.2399, -1.6461 1.3086 1.2399, -1.7126 1.3361 1.2399, -1.7697 1.3799 1.2399, -1.3086 1.6461 1.2399, -0.935 1.8098 1.2399, -0.9065 1.8317 1.2399, -1.5748 1.2992 1.2399, -1.7126 1.8135 1.2399, -1.6461 1.841 1.2399, -1.5748 1.8504 1.2399, -1.5035 1.841 1.2399, -0.9683 1.796 1.2399, -1.0039 1.7913 1.2399, -1.3361 1.7126 1.2399, -1.3799 1.7697 1.2399, -1.437 1.8135 1.2399, -1.511 0.2393 1.2399, -1.455 0.4727 1.2399, -1.5035 1.3086 1.2399, -1.3631 0.6945 1.2399, -1.437 1.3361 1.2399, -1.2377 0.8992 1.2399, -1.3799 1.3799 1.2399, -1.0818 1.0818 1.2399, -1.3361 1.437 1.2399, -0.8992 1.2377 1.2399, -1.3086 1.5035 1.2399, -0.6945 1.3631 1.2399, -0.4727 1.455 1.2399, 2.0039 1.8898 1.2399, 1.8135 1.7126 1.2399, 1.841 1.6461 1.2399, 1.3189 1.9291 1.2399, 1.1417 1.9291 1.2399, 1.3189 1.8898 1.2399, 1.137 1.8935 1.2399, 1.1233 1.8602 1.2399, 1.811 1.8898 1.2399, 1.5035 1.841 1.2399, 1.5748 1.8504 1.2399, 1.6461 1.841 1.2399, 1.7126 1.8135 1.2399, 1.7697 1.7697 1.2399, 1.8504 1.5748 1.2399, 1.841 1.5035 1.2399, 2.0039 0.0 1.2399, 1.8135 1.437 1.2399, 1.7697 1.3799 1.2399, 1.3086 1.5035 1.2399, 1.2992 1.5748 1.2399, 0.6945 1.3631 1.2399, 1.3086 1.6461 1.2399, 1.3361 1.7126 1.2399, 1.3799 1.7697 1.2399, 1.7126 1.3361 1.2399, 1.6461 1.3086 1.2399, 1.5298 0.0 1.2399, 1.5748 1.2992 1.2399, 1.511 0.2393 1.2399, 1.437 1.8135 1.2399, 1.6339 1.8898 1.2399, 1.6339 1.9291 1.2399, 1.811 1.9291 1.2399, 1.1014 1.8317 1.2399, 1.0728 1.8098 1.2399, 1.0396 1.796 1.2399, 1.0039 1.7913 1.2399, 0.9683 1.796 1.2399, 0.935 1.8098 1.2399, 0.4727 1.455 1.2399, 0.9065 1.8317 1.2399, 0.2393 1.511 1.2399, 0.8846 1.8602 1.2399, 0.8708 1.8935 1.2399, 0.8661 1.9291 1.2399, 1.3361 1.437 1.2399, 0.8992 1.2377 1.2399, 1.3799 1.3799 1.2399, 1.0818 1.0818 1.2399, 1.437 1.3361 1.2399, 1.2377 0.8992 1.2399, 1.5035 1.3086 1.2399, 1.3631 0.6945 1.2399, 1.455 0.4727 1.2399, 1.1417 -1.9291 1.2399, 1.3189 -1.9291 1.2399, 1.137 -1.8935 1.2399, 1.3189 -1.8898 1.2399, 1.1233 -1.8602 1.2399, 2.0039 -1.8898 1.2399, 1.841 -1.6461 1.2399, 1.811 -1.8898 1.2399, 1.8135 -1.7126 1.2399, 1.7697 -1.7697 1.2399, 1.6339 -1.8898 1.2399, 1.7126 -1.8135 1.2399, 1.0039 -1.7913 1.2399, 0.6945 -1.3631 1.2399, 0.9683 -1.796 1.2399, 0.935 -1.8098 1.2399, 1.6339 -1.9291 1.2399, 1.811 -1.9291 1.2399, 0.9065 -1.8317 1.2399, 0.4727 -1.455 1.2399, 0.8846 -1.8602 1.2399, 0.2393 -1.511 1.2399, 0.8708 -1.8935 1.2399, 0.8661 -1.9291 1.2399, 1.3086 -1.6461 1.2399, 1.3361 -1.7126 1.2399, 1.3799 -1.7697 1.2399, 1.437 -1.8135 1.2399, 1.841 -1.5035 1.2399, 1.8504 -1.5748 1.2399, 1.0396 -1.796 1.2399, 1.0728 -1.8098 1.2399, 1.1014 -1.8317 1.2399, 1.6461 -1.841 1.2399, 1.5748 -1.8504 1.2399, 1.5035 -1.841 1.2399, 1.7126 -1.3361 1.2399, 1.7697 -1.3799 1.2399, 1.8135 -1.437 1.2399, 1.2992 -1.5748 1.2399, 1.3086 -1.5035 1.2399, 0.8992 -1.2377 1.2399, 1.3361 -1.437 1.2399, 1.0818 -1.0818 1.2399, 1.3799 -1.3799 1.2399, 1.2377 -0.8992 1.2399, 1.437 -1.3361 1.2399, 1.3631 -0.6945 1.2399, 1.5035 -1.3086 1.2399, 1.455 -0.4727 1.2399, 1.5748 -1.2992 1.2399, 1.511 -0.2393 1.2399, 1.6461 -1.3086 1.2399
            ]
        }
        coordIndex [
            0,1,2,-1,2,1,3,-1,2,3,4,-1,5,6,7,-1,7,6,8,-1,7,8,9,-1,10,11,12,-1,13,14,15,-1,16,17,18,-1,19,20,21,-1,21,20,22,-1,21,22,23,-1,15,14,7,-1,7,14,24,-1,7,24,5,-1,18,17,25,-1,26,27,28,-1,29,30,31,-1,31,30,25,-1,19,32,15,-1,15,32,33,-1,33,34,15,-1,15,34,35,-1,15,35,13,-1,12,36,10,-1,10,36,37,-1,10,37,28,-1,28,37,38,-1,28,38,26,-1,23,39,21,-1,21,39,11,-1,21,11,40,-1,40,11,10,-1,40,10,41,-1,41,10,42,-1,43,44,21,-1,21,44,45,-1,21,45,19,-1,19,45,46,-1,19,46,47,-1,47,48,19,-1,19,48,49,-1,19,49,32,-1,15,50,19,-1,19,50,51,-1,19,51,52,-1,52,51,53,-1,52,53,54,-1,54,53,55,-1,54,55,56,-1,56,55,57,-1,56,57,58,-1,58,57,59,-1,58,59,60,-1,60,59,61,-1,60,61,18,-1,18,61,62,-1,18,62,16,-1,27,63,28,-1,28,63,64,-1,28,64,31,-1,31,64,65,-1,31,65,29,-1,66,67,68,-1,69,70,71,-1,71,70,72,-1,67,66,73,-1,73,66,2,-1,73,2,4,-1,74,75,76,-1,76,75,77,-1,78,66,79,-1,80,81,82,-1,82,81,71,-1,82,71,83,-1,83,71,72,-1,74,76,84,-1,84,76,85,-1,84,85,86,-1,86,85,31,-1,86,31,87,-1,77,88,76,-1,76,88,89,-1,76,89,90,-1,91,92,31,-1,31,92,93,-1,31,93,87,-1,94,79,95,-1,95,79,66,-1,95,66,96,-1,96,66,68,-1,25,17,31,-1,31,17,97,-1,31,97,91,-1,77,98,88,-1,88,98,99,-1,88,99,71,-1,71,99,100,-1,71,100,101,-1,95,102,94,-1,94,102,103,-1,94,103,104,-1,104,103,69,-1,104,69,105,-1,105,69,71,-1,105,71,106,-1,106,71,101,-1,17,107,97,-1,97,107,108,-1,97,108,109,-1,109,108,110,-1,109,110,111,-1,111,110,112,-1,111,112,113,-1,113,112,114,-1,113,114,115,-1,115,114,116,-1,115,116,117,-1,117,116,118,-1,117,118,79,-1,79,118,119,-1,79,119,78,-1,120,121,122,-1,123,124,125,-1,125,124,126,-1,125,126,127,-1,128,129,130,-1,130,131,128,-1,128,131,132,-1,128,132,120,-1,120,132,133,-1,120,133,121,-1,122,134,120,-1,120,134,135,-1,120,135,136,-1,136,135,137,-1,136,137,138,-1,139,140,141,-1,141,140,142,-1,141,142,125,-1,125,142,143,-1,125,143,144,-1,138,145,136,-1,136,145,146,-1,136,146,147,-1,147,146,148,-1,147,148,149,-1,144,150,125,-1,125,150,129,-1,125,129,151,-1,151,129,128,-1,151,128,152,-1,152,128,153,-1,127,154,125,-1,125,154,155,-1,125,155,141,-1,141,155,156,-1,141,156,157,-1,157,158,141,-1,141,158,159,-1,141,159,160,-1,160,159,161,-1,160,161,162,-1,162,161,163,-1,162,163,66,-1,66,163,164,-1,66,164,2,-1,2,164,165,-1,2,165,0,-1,139,141,166,-1,166,141,167,-1,166,167,168,-1,168,167,169,-1,168,169,170,-1,170,169,171,-1,170,171,172,-1,172,171,173,-1,172,173,148,-1,148,173,174,-1,148,174,149,-1,175,176,177,-1,177,176,178,-1,177,178,179,-1,180,181,182,-1,182,181,183,-1,182,183,184,-1,185,184,186,-1,187,188,189,-1,189,188,190,-1,184,185,182,-1,182,185,191,-1,182,191,192,-1,190,188,193,-1,193,188,194,-1,193,194,195,-1,195,194,196,-1,195,196,197,-1,197,196,15,-1,197,15,198,-1,198,15,7,-1,198,7,9,-1,199,188,200,-1,200,188,178,-1,200,178,201,-1,201,178,202,-1,136,203,180,-1,180,203,204,-1,180,204,181,-1,187,205,188,-1,188,205,206,-1,188,206,178,-1,178,206,207,-1,178,207,179,-1,186,208,185,-1,185,208,209,-1,185,209,178,-1,178,209,210,-1,178,210,202,-1,211,212,136,-1,136,212,213,-1,136,213,203,-1,199,214,188,-1,188,214,215,-1,188,215,216,-1,216,215,217,-1,216,217,218,-1,218,217,219,-1,218,219,220,-1,220,219,221,-1,220,221,222,-1,222,221,223,-1,222,223,224,-1,224,223,225,-1,224,225,226,-1,226,225,147,-1,147,225,136,-1,136,225,227,-1,136,227,211,-1,
        ]
    }
}
Shape{
    appearance Appearance {
        material  Material 	{
            diffuseColor 0.20784313725490197 0.20784313725490197 0.20784313725490197
            specularColor 0.01568627450980392 0.01568627450980392 0.01568627450980392
            ambientIntensity 0.298
            transparency 0.0
            shininess 0.5
        }
    }
    geometry IndexedFaceSet {
        ccw TRUE
        solid FALSE
        coord DEF co Coordinate {
            point [
                0.4018 1.7388 1.1218, 1.0428 1.0428 1.1218, 0.8668 1.1931 1.1218, 1.7388 -0.4018 1.1218, 1.0428 -1.0428 1.1218, 1.1931 -0.8668 1.1218, -1.8723 -0.1448 1.1218, -1.4748 -0.0 1.1218, -1.4566 -0.2307 1.1218, -0.1448 1.8723 1.1218, 0.0 1.4748 1.1218, -0.2307 1.4566 1.1218, -1.4026 -0.4557 1.1218, -1.7388 -0.4018 1.1218, -1.821 -0.2813 1.1218, -0.8712 1.3493 1.1218, -0.6695 1.314 1.1218, -0.8831 1.34 1.1218, -0.8668 1.1931 1.1218, -0.897 1.334 1.1218, -0.862 1.3613 1.1218, -0.5835 1.8437 1.1218, -0.4557 1.4026 1.1218, -0.4018 1.7388 1.1218, -0.2813 1.821 1.1218, 0.6695 1.314 1.1218, 0.4557 1.4026 1.1218, 0.2813 1.821 1.1218, 0.2307 1.4566 1.1218, 0.1448 1.8723 1.1218, 0.0 1.8898 1.1218, 1.8723 0.1448 1.1218, 1.4748 0.0 1.1218, 1.4566 0.2307 1.1218, 0.5835 1.8437 1.1218, 0.862 1.3613 1.1218, 0.8712 1.3493 1.1218, 0.8831 1.34 1.1218, 0.897 1.334 1.1218, 0.9412 1.3389 1.1218, 1.1931 0.8668 1.1218, 0.9271 1.3334 1.1218, 0.912 1.3318 1.1218, 1.314 -0.6695 1.1218, 1.4026 -0.4557 1.1218, 1.821 -0.2813 1.1218, 1.4566 -0.2307 1.1218, 1.8723 -0.1448 1.1218, 1.8898 -0.0 1.1218, 1.3336 -0.9279 1.1218, 1.3391 -0.9417 1.1218, 0.8712 -1.3493 1.1218, 0.6695 -1.314 1.1218, 0.8831 -1.34 1.1218, 0.8668 -1.1931 1.1218, 0.897 -1.334 1.1218, 0.1448 -1.8723 1.1218, 0.0 -1.4748 1.1218, 0.2307 -1.4566 1.1218, 0.862 -1.3613 1.1218, 0.5835 -1.8437 1.1218, 0.4557 -1.4026 1.1218, 0.4018 -1.7388 1.1218, 0.2813 -1.821 1.1218, -1.1931 0.8668 1.1218, -0.9412 1.3389 1.1218, -1.0428 1.0428 1.1218, -0.9271 1.3334 1.1218, -0.912 1.3318 1.1218, 0.0 -1.8898 1.1218, -0.1448 -1.8723 1.1218, -0.2307 -1.4566 1.1218, -0.2813 -1.821 1.1218, -0.4557 -1.4026 1.1218, -0.4018 -1.7388 1.1218, -0.6695 -1.314 1.1218, -0.5835 -1.8437 1.1218, -0.9535 1.3477 1.1218, -1.3479 0.9537 1.1218, -0.9631 1.3594 1.1218, -1.3594 0.9631 1.1218, -1.102 1.5799 1.1218, -1.3613 0.862 1.1218, -1.3513 0.8693 1.1218, -1.314 0.6695 1.1218, -0.862 -1.3613 1.1218, -0.8712 -1.3493 1.1218, -0.8668 -1.1931 1.1218, -0.8831 -1.34 1.1218, -0.897 -1.334 1.1218, -0.912 -1.3318 1.1218, -1.0428 -1.0428 1.1218, -0.9271 -1.3334 1.1218, -1.1931 -0.8668 1.1218, -0.9412 -1.3389 1.1218, 1.3513 0.8693 1.1218, 1.314 0.6695 1.1218, 1.343 0.8784 1.1218, 1.3369 0.8891 1.1218, 1.3331 0.9009 1.1218, 1.1937 1.5902 1.1218, 1.5902 1.1937 1.1218, 1.5799 1.102 1.1218, 1.5994 1.1818 1.1218, 1.5915 1.1116 1.1218, -1.343 0.8784 1.1218, -1.3369 0.8891 1.1218, 0.9535 1.3477 1.1218, 1.3391 0.9417 1.1218, 1.3336 0.9279 1.1218, 1.3318 0.9131 1.1218, 1.3613 0.862 1.1218, 1.8437 0.5835 1.1218, 1.4026 0.4557 1.1218, 1.7388 0.4018 1.1218, 1.821 0.2813 1.1218, -1.8898 -0.0 1.1218, -1.8723 0.1448 1.1218, -1.4566 0.2307 1.1218, -1.821 0.2813 1.1218, -1.4026 0.4557 1.1218, -1.7388 0.4018 1.1218, -1.8437 0.5835 1.1218, -1.3331 0.9009 1.1218, -1.3318 0.9131 1.1218, -1.3336 0.9279 1.1218, -1.3391 0.9417 1.1218, 1.6053 1.1679 1.1218, 1.6075 1.1529 1.1218, 1.6058 1.1379 1.1218, 1.3369 -0.8891 1.1218, 1.3331 -0.9009 1.1218, 1.3318 -0.9131 1.1218, -1.5799 1.102 1.1218, -1.1937 1.5902 1.1218, -1.1116 1.5915 1.1218, -1.1818 1.5994 1.1218, 1.6004 1.1238 1.1218, 1.1238 1.6004 1.1218, 1.1818 1.5994 1.1218, 1.1116 1.5915 1.1218, 1.102 1.5799 1.1218, 0.9631 1.3594 1.1218, 1.3594 0.9631 1.1218, 1.3479 0.9537 1.1218, 1.5799 -1.102 1.1218, 1.102 -1.5799 1.1218, 1.3594 -0.9631 1.1218, 0.9631 -1.3594 1.1218, 1.3479 -0.9537 1.1218, 0.9535 -1.3477 1.1218, 0.9412 -1.3389 1.1218, 0.9271 -1.3334 1.1218, 0.912 -1.3318 1.1218, -0.9535 -1.3477 1.1218, -1.3391 -0.9417 1.1218, -1.3336 -0.9279 1.1218, -1.3318 -0.9131 1.1218, -1.3331 -0.9009 1.1218, -1.6058 1.1379 1.1218, -1.6075 1.1529 1.1218, -1.6004 1.1238 1.1218, -1.5915 1.1116 1.1218, -1.6053 1.1679 1.1218, -1.5994 1.1818 1.1218, -1.5902 1.1937 1.1218, 1.5994 -1.1818 1.1218, 1.5902 -1.1937 1.1218, 1.1937 -1.5902 1.1218, 1.1818 -1.5994 1.1218, 1.1116 -1.5915 1.1218, 1.8437 -0.5835 1.1218, 1.3613 -0.862 1.1218, 1.3513 -0.8693 1.1218, 1.343 -0.8784 1.1218, -1.314 -0.6695 1.1218, -1.3613 -0.862 1.1218, -1.8437 -0.5835 1.1218, -1.5915 -1.1116 1.1218, -1.5799 -1.102 1.1218, -1.5994 -1.1818 1.1218, -1.5902 -1.1937 1.1218, -1.102 -1.5799 1.1218, -0.9631 -1.3594 1.1218, -1.3594 -0.9631 1.1218, -1.3479 -0.9537 1.1218, -1.1679 1.6053 1.1218, -1.1529 1.6075 1.1218, -1.1238 1.6004 1.1218, -1.1379 1.6058 1.1218, 1.1379 1.6058 1.1218, 1.1529 1.6075 1.1218, 1.1679 1.6053 1.1218, 1.6004 -1.1238 1.1218, 1.6058 -1.1379 1.1218, 1.6075 -1.1529 1.1218, -1.3369 -0.8891 1.1218, -1.343 -0.8784 1.1218, -1.3513 -0.8693 1.1218, -1.6075 -1.1529 1.1218, -1.6058 -1.1379 1.1218, -1.6004 -1.1238 1.1218, 1.1679 -1.6053 1.1218, 1.1529 -1.6075 1.1218, 1.1379 -1.6058 1.1218, 1.5915 -1.1116 1.1218, 1.6053 -1.1679 1.1218, -1.1937 -1.5902 1.1218, -1.1818 -1.5994 1.1218, -1.1116 -1.5915 1.1218, -1.1679 -1.6053 1.1218, 1.1238 -1.6004 1.1218, -1.6053 -1.1679 1.1218, -1.1529 -1.6075 1.1218, -1.1238 -1.6004 1.1218, -1.1379 -1.6058 1.1218
            ]
        }
        coordIndex [
            0,1,2,-1,3,4,5,-1,6,7,8,-1,9,10,11,-1,12,13,8,-1,8,13,14,-1,8,14,6,-1,15,16,17,-1,17,16,18,-1,17,18,19,-1,15,20,16,-1,16,20,21,-1,16,21,22,-1,22,21,23,-1,22,23,11,-1,11,23,24,-1,11,24,9,-1,2,25,0,-1,0,25,26,-1,0,26,27,-1,27,26,28,-1,27,28,29,-1,29,28,10,-1,29,10,30,-1,30,10,9,-1,31,32,33,-1,34,35,0,-1,0,35,36,-1,0,36,1,-1,1,36,37,-1,1,37,38,-1,39,40,41,-1,41,40,1,-1,41,1,42,-1,42,1,38,-1,5,43,3,-1,3,43,44,-1,3,44,45,-1,45,44,46,-1,45,46,47,-1,47,46,32,-1,47,32,48,-1,48,32,31,-1,4,49,50,-1,51,52,53,-1,53,52,54,-1,53,54,55,-1,56,57,58,-1,51,59,52,-1,52,59,60,-1,52,60,61,-1,61,60,62,-1,61,62,58,-1,58,62,63,-1,58,63,56,-1,64,65,66,-1,66,65,67,-1,66,67,18,-1,18,67,68,-1,18,68,19,-1,56,69,57,-1,57,69,70,-1,57,70,71,-1,71,70,72,-1,71,72,73,-1,73,72,74,-1,73,74,75,-1,75,74,76,-1,77,78,79,-1,79,78,80,-1,79,80,81,-1,82,83,84,-1,76,85,75,-1,75,85,86,-1,75,86,87,-1,87,86,88,-1,88,89,87,-1,87,89,90,-1,87,90,91,-1,91,90,92,-1,91,92,93,-1,93,92,94,-1,95,96,97,-1,97,96,40,-1,97,40,98,-1,98,40,99,-1,100,101,102,-1,102,101,103,-1,102,103,104,-1,84,83,64,-1,64,83,105,-1,64,105,106,-1,107,108,39,-1,39,108,109,-1,39,109,40,-1,40,109,110,-1,40,110,99,-1,95,111,96,-1,96,111,112,-1,96,112,113,-1,113,112,114,-1,113,114,33,-1,33,114,115,-1,33,115,31,-1,6,116,7,-1,7,116,117,-1,7,117,118,-1,118,117,119,-1,118,119,120,-1,120,119,121,-1,120,121,84,-1,84,121,122,-1,84,122,82,-1,106,123,64,-1,64,123,124,-1,64,124,65,-1,65,124,125,-1,65,125,77,-1,77,125,126,-1,77,126,78,-1,127,128,129,-1,130,131,4,-1,4,131,132,-1,4,132,49,-1,80,133,81,-1,81,133,134,-1,81,134,135,-1,135,134,136,-1,127,129,103,-1,103,129,137,-1,103,137,104,-1,138,139,140,-1,140,139,100,-1,140,100,141,-1,141,100,102,-1,141,102,142,-1,142,102,143,-1,142,143,107,-1,107,143,144,-1,107,144,108,-1,145,146,147,-1,147,146,148,-1,147,148,149,-1,149,148,150,-1,149,150,50,-1,50,150,151,-1,50,151,4,-1,4,151,152,-1,4,152,54,-1,54,152,153,-1,54,153,55,-1,154,155,94,-1,94,155,156,-1,94,156,93,-1,93,156,157,-1,93,157,158,-1,159,160,161,-1,161,160,162,-1,160,163,162,-1,162,163,164,-1,162,164,133,-1,133,164,165,-1,133,165,134,-1,166,167,145,-1,145,167,168,-1,145,168,146,-1,146,168,169,-1,146,169,170,-1,171,172,3,-1,3,172,173,-1,3,173,4,-1,4,173,174,-1,4,174,130,-1,12,175,13,-1,13,175,176,-1,13,176,177,-1,178,179,180,-1,180,179,181,-1,182,179,183,-1,183,179,184,-1,183,184,154,-1,154,184,185,-1,154,185,155,-1,136,186,135,-1,135,186,187,-1,135,187,188,-1,188,187,189,-1,190,191,138,-1,138,191,192,-1,138,192,139,-1,193,194,195,-1,158,196,93,-1,93,196,197,-1,93,197,175,-1,175,197,198,-1,175,198,176,-1,199,200,201,-1,202,203,204,-1,145,205,166,-1,166,205,193,-1,166,193,206,-1,206,193,195,-1,181,179,207,-1,207,179,182,-1,207,182,208,-1,208,182,209,-1,208,209,210,-1,202,204,169,-1,169,204,211,-1,169,211,170,-1,178,180,201,-1,201,180,212,-1,201,212,199,-1,210,209,213,-1,213,209,214,-1,213,214,215,-1,
        ]
    }
}
Shape{
    appearance Appearance {
        material  Material 	{
            diffuseColor 0.6666666666666666 0.6666666666666666 0.6666666666666666
            specularColor 0.4666666666666667 0.4666666666666667 0.4666666666666667
            ambientIntensity 0.6667
            transparency 0.0
            shininess 0.5
        }
    }
    geometry IndexedFaceSet {
        ccw TRUE
        solid FALSE
        coord DEF co Coordinate {
            point [
                -1.2697 -0.0 1.4092, -1.2697 -0.0 1.3662, -1.2541 0.1986 1.3662, -1.2504 0.2205 1.4092, -1.2489 0.2201 1.3662, -1.1931 0.4343 1.4092, -1.2075 0.3924 1.3662, -1.1906 0.4332 1.3662, -1.0996 0.6348 1.4092, -1.1313 0.5764 1.3662, -1.0966 0.633 1.3662, -0.9726 0.8161 1.4092, -1.0272 0.7463 1.3662, -0.9697 0.8136 1.3662, -0.8161 0.9726 1.4092, -0.8978 0.8978 1.3662, -0.8136 0.9697 1.3662, -0.7463 1.0272 1.3662, -0.6348 1.0996 1.4092, -0.633 1.0966 1.3662, -0.5764 1.1313 1.3662, -0.4343 1.1931 1.4092, -0.4332 1.1906 1.3662, -0.3924 1.2075 1.3662, -0.2205 1.2504 1.4092, -0.2201 1.2489 1.3662, -0.1986 1.2541 1.3662, 0.0 1.2697 1.4092, 0.0 1.2697 1.3662, 0.1986 1.2541 1.3662, 0.2205 1.2504 1.4092, 0.2201 1.2489 1.3662, 0.4343 1.1931 1.4092, 0.3924 1.2075 1.3662, 0.4332 1.1906 1.3662, 0.6348 1.0996 1.4092, 0.5764 1.1313 1.3662, 0.633 1.0966 1.3662, 0.8161 0.9726 1.4092, 0.7463 1.0272 1.3662, 0.8136 0.9697 1.3662, 0.9726 0.8161 1.4092, 0.8978 0.8978 1.3662, 0.9697 0.8136 1.3662, 1.0272 0.7463 1.3662, 1.0996 0.6348 1.4092, 1.0966 0.633 1.3662, 1.1313 0.5764 1.3662, 1.1931 0.4343 1.4092, 1.1906 0.4332 1.3662, 1.2075 0.3924 1.3662, 1.2504 0.2205 1.4092, 1.2697 0.0 1.3662, 1.2697 0.0 1.4092, 1.2541 0.1986 1.3662, 1.2489 0.2201 1.3662, 0.8161 -0.9726 1.4092, 0.9813 -0.9813 1.4092, 0.9726 -0.8161 1.4092, 1.1227 -0.8157 1.4092, 1.0996 -0.6348 1.4092, 1.2365 -0.63 1.4092, 1.1931 -0.4343 1.4092, 1.3199 -0.4289 1.4092, 1.2504 -0.2205 1.4092, 1.3707 -0.2171 1.4092, 1.3878 0.0 1.4092, 1.3707 0.2171 1.4092, 1.3199 0.4289 1.4092, 1.2365 0.63 1.4092, -0.9813 0.9813 1.4092, -1.1227 0.8157 1.4092, -1.2365 0.63 1.4092, -1.3199 0.4289 1.4092, -1.3707 0.2171 1.4092, -1.3878 -0.0 1.4092, -1.2504 -0.2205 1.4092, -1.3707 -0.2171 1.4092, -1.1931 -0.4343 1.4092, -1.3199 -0.4289 1.4092, -1.0996 -0.6348 1.4092, -1.2365 -0.63 1.4092, -0.9726 -0.8161 1.4092, 1.1227 0.8157 1.4092, 0.9813 0.9813 1.4092, 0.8157 1.1227 1.4092, 0.63 1.2365 1.4092, 0.4289 1.3199 1.4092, 0.2171 1.3707 1.4092, 0.0 1.3878 1.4092, -0.2171 1.3707 1.4092, -0.4289 1.3199 1.4092, -0.63 1.2365 1.4092, -0.8157 1.1227 1.4092, -1.1227 -0.8157 1.4092, -0.9813 -0.9813 1.4092, -0.8161 -0.9726 1.4092, -0.8157 -1.1227 1.4092, -0.6348 -1.0996 1.4092, -0.63 -1.2365 1.4092, -0.4343 -1.1931 1.4092, -0.4289 -1.3199 1.4092, -0.2205 -1.2504 1.4092, -0.2171 -1.3707 1.4092, 0.0 -1.2697 1.4092, 0.0 -1.3878 1.4092, 0.2205 -1.2504 1.4092, 0.2171 -1.3707 1.4092, 0.4343 -1.1931 1.4092, 0.4289 -1.3199 1.4092, 0.6348 -1.0996 1.4092, 0.63 -1.2365 1.4092, 0.8157 -1.1227 1.4092, 1.5298 0.0 1.2399, 1.511 0.2393 1.2399, 1.455 0.4727 1.2399, 1.3631 0.6945 1.2399, 1.2377 0.8992 1.2399, 1.0818 1.0818 1.2399, 0.8992 1.2377 1.2399, 0.6945 1.3631 1.2399, 0.4727 1.455 1.2399, 0.2393 1.511 1.2399, 0.0 1.5298 1.2399, -0.2393 1.511 1.2399, -0.4727 1.455 1.2399, -0.6945 1.3631 1.2399, -0.8992 1.2377 1.2399, -1.0818 1.0818 1.2399, -1.2377 0.8992 1.2399, -1.3631 0.6945 1.2399, -1.455 0.4727 1.2399, -1.511 0.2393 1.2399, -1.5298 -0.0 1.2399
            ]
        }
        coordIndex [
            0,1,2,-1,0,2,3,-1,3,2,4,-1,3,4,5,-1,4,6,5,-1,5,6,7,-1,5,7,8,-1,7,9,8,-1,8,9,10,-1,8,10,11,-1,10,12,11,-1,11,12,13,-1,11,13,14,-1,14,13,15,-1,15,16,14,-1,14,16,17,-1,14,17,18,-1,17,19,18,-1,18,19,20,-1,18,20,21,-1,20,22,21,-1,21,22,23,-1,21,23,24,-1,23,25,24,-1,24,25,26,-1,24,26,27,-1,26,28,27,-1,27,28,29,-1,27,29,30,-1,30,29,31,-1,30,31,32,-1,31,33,32,-1,32,33,34,-1,32,34,35,-1,34,36,35,-1,35,36,37,-1,35,37,38,-1,37,39,38,-1,38,39,40,-1,38,40,41,-1,41,40,42,-1,42,43,41,-1,41,43,44,-1,41,44,45,-1,44,46,45,-1,45,46,47,-1,45,47,48,-1,47,49,48,-1,48,49,50,-1,48,50,51,-1,52,53,54,-1,54,53,51,-1,54,51,55,-1,55,51,50,-1,56,57,58,-1,58,57,59,-1,58,59,60,-1,60,59,61,-1,60,61,62,-1,62,61,63,-1,62,63,64,-1,64,63,65,-1,64,65,53,-1,53,65,66,-1,53,66,51,-1,51,66,67,-1,51,67,48,-1,48,67,68,-1,48,68,45,-1,45,68,69,-1,45,69,41,-1,14,70,11,-1,11,70,71,-1,11,71,8,-1,8,71,72,-1,8,72,5,-1,5,72,73,-1,5,73,3,-1,3,73,74,-1,3,74,0,-1,0,74,75,-1,0,75,76,-1,76,75,77,-1,76,77,78,-1,78,77,79,-1,78,79,80,-1,80,79,81,-1,80,81,82,-1,69,83,41,-1,41,83,84,-1,41,84,38,-1,38,84,85,-1,38,85,35,-1,35,85,86,-1,35,86,32,-1,32,86,87,-1,32,87,30,-1,30,87,88,-1,30,88,27,-1,27,88,89,-1,27,89,24,-1,24,89,90,-1,24,90,21,-1,21,90,91,-1,21,91,18,-1,18,91,92,-1,18,92,14,-1,14,92,93,-1,14,93,70,-1,81,94,82,-1,82,94,95,-1,82,95,96,-1,96,95,97,-1,96,97,98,-1,98,97,99,-1,98,99,100,-1,100,99,101,-1,100,101,102,-1,102,101,103,-1,102,103,104,-1,104,103,105,-1,104,105,106,-1,106,105,107,-1,106,107,108,-1,108,107,109,-1,108,109,110,-1,110,109,111,-1,110,111,56,-1,56,111,112,-1,56,112,57,-1,66,113,114,-1,66,114,67,-1,67,114,115,-1,67,115,68,-1,68,115,116,-1,68,116,69,-1,69,116,117,-1,69,117,83,-1,83,117,118,-1,83,118,84,-1,84,118,119,-1,84,119,85,-1,85,119,120,-1,85,120,86,-1,86,120,121,-1,86,121,87,-1,87,121,122,-1,87,122,88,-1,88,122,123,-1,88,123,89,-1,89,123,124,-1,89,124,90,-1,90,124,125,-1,90,125,91,-1,91,125,126,-1,91,126,92,-1,92,126,127,-1,92,127,93,-1,93,127,128,-1,93,128,70,-1,70,128,129,-1,70,129,71,-1,71,129,130,-1,71,130,72,-1,72,130,131,-1,72,131,73,-1,73,131,132,-1,73,132,74,-1,74,132,133,-1,74,133,75,-1,
        ]
    }
}
Shape{
    appearance Appearance {
        material  Material 	{
            diffuseColor 0.20784313725490197 0.20784313725490197 0.20784313725490197
            specularColor 0.01568627450980392 0.01568627450980392 0.01568627450980392
            ambientIntensity 0.298
            transparency 0.0
            shininess 0.5
        }
    }
    geometry IndexedFaceSet {
        ccw TRUE
        solid FALSE
        coord DEF co Coordinate {
            point [
                -0.1969 -1.2795 0.0194, -0.1969 -1.2795 0.0588, -0.1901 -1.3305 0.0194, -0.1901 -1.3305 0.0588, -0.1772 -1.3618 0.0194, -0.1705 -1.378 0.0588, 0.1901 -1.3305 0.0588, 0.1772 -1.3618 0.0194, 0.1705 -1.378 0.0588, 0.1705 -1.378 0.0194, 0.1392 -1.4187 0.0588, 0.1392 -1.4187 0.0194, 0.0984 -1.45 0.0588, 0.0984 -1.45 0.0194, 0.0509 -1.4697 0.0588, 0.0509 -1.4697 0.0194, 0.0 -1.4764 0.0588, 0.0 -1.4764 0.0194, -0.0509 -1.4697 0.0588, -0.0509 -1.4697 0.0194, -0.0984 -1.45 0.0588, -0.0984 -1.45 0.0194, -0.1392 -1.4187 0.0588, -0.1392 -1.4187 0.0194, -0.1705 -1.378 0.0194, 0.1969 -1.2795 0.0588, 0.1969 -1.2795 0.0194, 0.1901 -1.3305 0.0194, -0.1575 -0.6447 0.0194, -0.1575 -0.6447 0.0588, -0.1521 -0.6854 0.0194, -0.1521 -0.6854 0.0588, -0.1364 -0.7234 0.0194, -0.1364 -0.7234 0.0588, -0.1271 -0.7355 0.0194, -0.1114 -0.756 0.0588, 0.1364 -0.7234 0.0588, 0.1271 -0.7355 0.0194, 0.1114 -0.756 0.0588, 0.1114 -0.756 0.0194, 0.0787 -0.7811 0.0588, 0.0787 -0.7811 0.0194, 0.0408 -0.7968 0.0588, 0.0408 -0.7968 0.0194, 0.0 -0.8022 0.0588, 0.0 -0.8022 0.0194, -0.0408 -0.7968 0.0588, -0.0408 -0.7968 0.0194, -0.0787 -0.7811 0.0588, -0.0787 -0.7811 0.0194, -0.1114 -0.756 0.0194, 0.1575 -0.6447 0.0588, 0.1575 -0.6447 0.0194, 0.1521 -0.6854 0.0588, 0.1521 -0.6854 0.0194, 0.1364 -0.7234 0.0194, -0.1969 -0.0 0.0194, -0.1969 -0.0 0.0588, -0.1901 -0.0509 0.0194, -0.1901 -0.0509 0.0588, -0.1772 -0.0823 0.0194, -0.1705 -0.0984 0.0588, -0.0509 -0.1901 0.0588, -0.0823 -0.1772 0.0194, -0.0984 -0.1705 0.0588, -0.0984 -0.1705 0.0194, -0.1392 -0.1392 0.0588, -0.1392 -0.1392 0.0194, -0.1705 -0.0984 0.0194, 0.0984 -0.1705 0.0588, 0.0823 -0.1772 0.0194, 0.0509 -0.1901 0.0588, 0.0509 -0.1901 0.0194, 0.0 -0.1969 0.0588, 0.0 -0.1969 0.0194, -0.0509 -0.1901 0.0194, 0.1901 -0.0509 0.0588, 0.1772 -0.0823 0.0194, 0.1705 -0.0984 0.0588, 0.1705 -0.0984 0.0194, 0.1392 -0.1392 0.0588, 0.1392 -0.1392 0.0194, 0.0984 -0.1705 0.0194, 0.1969 -0.0 0.0588, 0.1969 -0.0 0.0194, 0.1901 -0.0509 0.0194, -0.1575 0.6447 0.0194, -0.1575 0.6447 0.0588, -0.1521 0.6039 0.0194, -0.1521 0.6039 0.0588, -0.1364 0.5659 0.0194, -0.1364 0.5659 0.0588, -0.1114 0.5333 0.0194, -0.1114 0.5333 0.0588, -0.0787 0.5083 0.0194, -0.0787 0.5083 0.0588, -0.0408 0.4926 0.0194, -0.0408 0.4926 0.0588, 0.0 0.4872 0.0194, 0.0 0.4872 0.0588, 0.0408 0.4926 0.0194, 0.0408 0.4926 0.0588, 0.0787 0.5083 0.0194, 0.0787 0.5083 0.0588, 0.1114 0.5333 0.0194, 0.1114 0.5333 0.0588, 0.1364 0.5659 0.0194, 0.1364 0.5659 0.0588, 0.1521 0.6039 0.0194, 0.1521 0.6039 0.0588, 0.1575 0.6447 0.0194, 0.1575 0.6447 0.0588, -0.1969 1.2795 0.0194, -0.1969 1.2795 0.0588, -0.193 1.25 0.0194, -0.1901 1.2286 0.0588, -0.1901 1.2286 0.0194, -0.1772 1.1972 0.0194, -0.1705 1.1811 0.0588, -0.1705 1.1811 0.0194, -0.1392 1.1403 0.0194, -0.1392 1.1403 0.0588, -0.0984 1.1091 0.0194, -0.0984 1.1091 0.0588, -0.0509 1.0894 0.0194, -0.0509 1.0894 0.0588, 0.0 1.0827 0.0194, 0.0 1.0827 0.0588, 0.0509 1.0894 0.0194, 0.0509 1.0894 0.0588, 0.0984 1.1091 0.0194, 0.0984 1.1091 0.0588, 0.1392 1.1403 0.0194, 0.1392 1.1403 0.0588, 0.1705 1.1811 0.0194, 0.1705 1.1811 0.0588, 0.1772 1.1972 0.0194, 0.1901 1.2286 0.0588, 0.1901 1.2286 0.0194, 0.193 1.25 0.0194, 0.1969 1.2795 0.0588, 0.1969 1.2795 0.0194, -0.1901 -1.2286 0.0588, 0.0 -1.0827 0.0588, -0.1705 -1.1811 0.0588, -0.0509 -1.0894 0.0588, -0.1392 -1.1403 0.0588, -0.0984 -1.1091 0.0588, 0.0509 -1.0894 0.0588, 0.0984 -1.1091 0.0588, 0.1392 -1.1403 0.0588, 0.1705 -1.1811 0.0588, 0.1901 -1.2286 0.0588, 0.1364 -0.5659 0.0588, 0.1521 -0.6039 0.0588, -0.1521 -0.6039 0.0588, -0.1364 -0.5659 0.0588, -0.1114 -0.5333 0.0588, 0.1114 -0.5333 0.0588, -0.0787 -0.5083 0.0588, -0.0408 -0.4926 0.0588, 0.0 -0.4872 0.0588, 0.0408 -0.4926 0.0588, 0.0787 -0.5083 0.0588, -0.1901 0.0509 0.0588, -0.1705 0.0984 0.0588, -0.1392 0.1392 0.0588, -0.0984 0.1705 0.0588, 0.1901 0.0509 0.0588, -0.0509 0.1901 0.0588, 0.0 0.1969 0.0588, 0.0509 0.1901 0.0588, 0.0984 0.1705 0.0588, 0.1392 0.1392 0.0588, 0.1705 0.0984 0.0588, -0.0408 0.7968 0.0588, 0.0 0.8022 0.0588, 0.0408 0.7968 0.0588, -0.1521 0.6854 0.0588, -0.1364 0.7234 0.0588, -0.1114 0.756 0.0588, 0.0787 0.7811 0.0588, 0.1114 0.756 0.0588, 0.1364 0.7234 0.0588, -0.0787 0.7811 0.0588, 0.1521 0.6854 0.0588, 0.0984 1.45 0.0588, -0.1392 1.4187 0.0588, -0.0984 1.45 0.0588, -0.0509 1.4697 0.0588, 0.0 1.4764 0.0588, 0.0509 1.4697 0.0588, 0.1901 1.3305 0.0588, 0.1705 1.378 0.0588, 0.1392 1.4187 0.0588, -0.1901 1.3305 0.0588, -0.1705 1.378 0.0588, -0.2559 1.6535 0.0194, -0.2559 1.6535 0.2163, -0.1772 1.6535 0.0194, 0.2559 1.6535 0.2163, 0.1772 1.6535 0.0194, 0.2559 1.6535 0.0194, 0.1973 2.0079 0.2163, 0.2559 2.0079 0.2163, -0.1973 2.0079 0.2163, -0.1973 2.0472 0.2163, 0.1973 2.0472 0.2163, -0.1995 2.0079 0.2163, -0.2196 2.0079 0.2163, -0.2559 2.0079 0.2163, 0.2559 -1.6535 0.2163, 0.2559 -2.0079 0.2163, -0.2559 -1.6535 0.2163, 0.1973 -2.0079 0.2163, -0.2559 -2.0079 0.2163, -0.1973 -2.0079 0.2163, -0.1973 -2.0472 0.2163, 0.1973 -2.0472 0.2163, 0.2559 -1.6535 0.0194, 0.1772 -1.6535 0.0194, -0.1772 -1.6535 0.0194, -0.2559 -1.6535 0.0194, 0.9424 -2.0079 0.0194, 1.1122 -2.0079 0.0194, 1.1122 -2.0079 1.1218, -1.1122 -2.0079 1.1218, -0.1973 -2.0079 0.3344, -0.2559 -2.0079 0.0194, -0.4206 -2.0079 0.0194, -0.7355 -2.0079 0.0194, -1.1122 -2.0079 0.0194, 0.1973 -2.0079 0.3344, 0.2559 -2.0079 0.0194, 0.2754 -2.0079 0.0194, 0.7355 -2.0079 0.0194, -1.1014 -1.8317 1.1218, -1.117 -1.8504 1.1218, -1.1122 -1.8504 1.1218, -0.8661 -2.0039 1.1218, 0.8661 -2.0039 1.1218, 1.0039 -1.7913 1.1218, 0.9683 -1.796 1.1218, 0.935 -1.8098 1.1218, 0.9065 -1.8317 1.1218, 0.8846 -1.8602 1.1218, 0.8708 -1.8935 1.1218, 0.8661 -1.9291 1.1218, 1.117 -1.8504 1.1218, 1.1014 -1.8317 1.1218, 1.1122 -1.8504 1.1218, 1.0728 -1.8098 1.1218, 1.0396 -1.796 1.1218, -0.8661 -1.9291 1.1218, -0.8708 -1.8935 1.1218, -0.8846 -1.8602 1.1218, -0.9065 -1.8317 1.1218, -0.935 -1.8098 1.1218, -0.9683 -1.796 1.1218, -1.0039 -1.7913 1.1218, -1.0396 -1.796 1.1218, -1.0728 -1.8098 1.1218, -0.8003 2.0079 1.1218, -1.1122 2.0079 1.1218, -0.8661 2.0039 1.1218, -1.0039 1.7913 1.1218, -0.9683 1.796 1.1218, 1.1014 1.8317 1.1218, 1.117 1.8504 1.1218, 1.1122 1.8504 1.1218, -1.117 1.8504 1.1218, -1.1014 1.8317 1.1218, -1.1122 1.8504 1.1218, -1.0728 1.8098 1.1218, -1.0396 1.796 1.1218, -0.8846 1.8602 1.1218, -0.8708 1.8935 1.1218, -0.8661 1.9291 1.1218, -0.935 1.8098 1.1218, -0.9065 1.8317 1.1218, -0.1441 2.0079 1.1218, -0.16 2.0079 1.1218, -0.087 2.0079 1.1218, 0.8846 1.8602 1.1218, 1.1122 2.0079 1.1218, 0.8708 1.8935 1.1218, 0.8661 1.9291 1.1218, 0.9065 1.8317 1.1218, 0.935 1.8098 1.1218, 0.9683 1.796 1.1218, 0.8661 2.0039 1.1218, 0.0012 2.0079 1.1218, -0.0818 2.0079 1.1218, -0.1995 2.0079 1.1218, -0.2196 2.0079 1.1218, -0.3004 2.0079 1.1218, -0.3276 2.0079 1.1218, -0.4084 2.0079 1.1218, 1.0039 1.7913 1.1218, 1.0396 1.796 1.1218, 1.0728 1.8098 1.1218, 0.1772 -1.1972 0.0194, 0.1772 -0.7355 0.0194, 0.2754 -0.7355 0.0194, 1.2598 -1.2598 0.0194, 1.2598 -1.6043 0.0194, 1.25 -1.6043 0.0194, 1.1122 -1.8504 0.0194, -1.9488 0.2754 0.0194, -1.6043 0.2754 0.0194, -1.6043 0.1772 0.0194, -1.9488 1.0979 0.0194, -1.9488 1.25 0.0194, -1.6043 1.25 0.0194, 1.2795 0.1969 0.0194, 1.25 0.193 0.0194, 1.25 0.2754 0.0194, 0.2559 2.0079 0.0194, 0.2754 2.0079 0.0194, -0.7234 0.1364 0.0194, -0.7355 0.1271 0.0194, -0.7355 0.1772 0.0194, -1.5748 0.6689 0.0194, -1.6043 0.665 0.0194, -1.6043 0.7355 0.0194, -1.6156 0.6635 0.0194, -2.0079 0.7355 0.0194, -1.6862 0.6228 0.0194, -1.7112 0.5902 0.0194, -1.9488 0.3066 0.0194, -1.7269 0.5522 0.0194, -1.7323 0.5114 0.0194, -1.7269 0.4707 0.0194, -1.7112 0.4327 0.0194, -1.6862 0.4001 0.0194, -1.6535 0.3751 0.0194, -1.6156 0.3593 0.0194, -1.6043 0.3578 0.0194, -2.0079 0.3066 0.0194, -1.6535 0.6478 0.0194, -1.4634 0.4001 0.0194, -1.4384 0.4327 0.0194, -1.25 0.2754 0.0194, -1.4227 0.4707 0.0194, -1.4173 0.5114 0.0194, -1.25 0.7355 0.0194, -1.4227 0.5522 0.0194, -1.4384 0.5902 0.0194, -1.5748 0.354 0.0194, -1.534 0.3593 0.0194, -1.4961 0.3751 0.0194, -1.4634 0.6228 0.0194, -1.4961 0.6478 0.0194, -1.534 0.6635 0.0194, -0.4206 2.0079 0.0194, -0.4206 1.7019 0.0194, -0.4327 1.7112 0.0194, -0.5902 1.7112 0.0194, -0.6228 1.6862 0.0194, -0.7355 2.0079 0.0194, -0.6478 1.6535 0.0194, -0.6635 1.6156 0.0194, -0.6689 1.5748 0.0194, -0.6635 1.534 0.0194, -0.7355 1.25 0.0194, -0.6478 1.4961 0.0194, -0.6228 1.4634 0.0194, -0.4707 1.7269 0.0194, -0.5114 1.7323 0.0194, -0.5522 1.7269 0.0194, -0.5902 1.4384 0.0194, -0.5522 1.4227 0.0194, -0.4206 1.25 0.0194, -0.5114 1.4173 0.0194, -0.4707 1.4227 0.0194, -0.3593 1.534 0.0194, -0.354 1.5748 0.0194, -0.4327 1.4384 0.0194, -0.4206 1.4477 0.0194, -0.1901 1.3305 0.0194, -0.4001 1.4634 0.0194, -0.1772 1.3618 0.0194, -0.3276 2.0079 0.0194, -0.3004 2.0079 0.0194, -0.4001 1.6862 0.0194, -0.2559 2.0079 0.0194, -0.3751 1.6535 0.0194, -0.3593 1.6156 0.0194, -0.4084 2.0079 0.0194, -0.3751 1.4961 0.0194, -0.6635 -1.534 0.0194, -0.6689 -1.5748 0.0194, -0.7355 -1.6043 0.0194, -0.7355 -1.25 0.0194, -0.5902 -1.4384 0.0194, -0.6228 -1.4634 0.0194, -0.4001 -1.4634 0.0194, -0.4206 -1.4477 0.0194, -0.4206 -1.25 0.0194, -0.4327 -1.4384 0.0194, -0.6478 -1.4961 0.0194, -0.4707 -1.4227 0.0194, -0.5114 -1.4173 0.0194, -0.5522 -1.4227 0.0194, -0.1772 -1.6043 0.0194, -0.3578 -1.6043 0.0194, -0.354 -1.5748 0.0194, -0.3593 -1.534 0.0194, -0.3751 -1.4961 0.0194, -0.665 -1.6043 0.0194, -0.6635 -1.6156 0.0194, -0.6478 -1.6535 0.0194, -0.6228 -1.6862 0.0194, -0.3751 -1.6535 0.0194, -0.4001 -1.6862 0.0194, -0.4206 -1.7019 0.0194, -0.4327 -1.7112 0.0194, -0.4707 -1.7269 0.0194, -0.5902 -1.7112 0.0194, -0.5522 -1.7269 0.0194, -0.5114 -1.7323 0.0194, -1.4227 -0.5522 0.0194, -1.4173 -0.5114 0.0194, -1.25 -0.4206 0.0194, -1.4634 -0.6228 0.0194, -1.4384 -0.5902 0.0194, -1.25 -0.7355 0.0194, -1.4227 -0.4707 0.0194, -1.4384 -0.4327 0.0194, -1.4477 -0.4206 0.0194, -1.5748 -0.6689 0.0194, -1.534 -0.6635 0.0194, -1.6043 -0.7355 0.0194, -1.4961 -0.6478 0.0194, -1.6535 -0.6478 0.0194, -1.6156 -0.6635 0.0194, -1.6043 -0.665 0.0194, -1.7269 -0.5522 0.0194, -2.0079 -0.7355 0.0194, -1.7323 -0.5114 0.0194, -2.0079 -0.4206 0.0194, -1.7269 -0.4707 0.0194, -1.7112 -0.4327 0.0194, -1.7112 -0.5902 0.0194, -1.6862 -0.6228 0.0194, -1.6043 -0.1772 0.0194, -1.6043 -0.3578 0.0194, -1.6156 -0.3593 0.0194, -2.0079 -0.1772 0.0194, -1.6535 -0.3751 0.0194, -1.6862 -0.4001 0.0194, -1.7019 -0.4206 0.0194, -1.3305 -0.1901 0.0194, -1.4634 -0.4001 0.0194, -1.3618 -0.1772 0.0194, -1.2795 -0.1969 0.0194, -1.25 -0.193 0.0194, -1.4961 -0.3751 0.0194, -1.534 -0.3593 0.0194, -1.5748 -0.354 0.0194, -1.1811 -0.1705 0.0194, -1.1403 -0.1392 0.0194, -0.7811 -0.0787 0.0194, -1.1091 -0.0984 0.0194, -1.0894 -0.0509 0.0194, -0.7968 -0.0408 0.0194, -1.1403 0.1392 0.0194, -1.1811 0.1705 0.0194, -0.7811 0.0787 0.0194, -1.1972 0.1772 0.0194, -0.756 0.1114 0.0194, -0.8022 -0.0 0.0194, -1.0827 -0.0 0.0194, -0.7968 0.0408 0.0194, -1.0894 0.0509 0.0194, -1.1091 0.0984 0.0194, -0.5333 -0.1114 0.0194, -0.5083 -0.0787 0.0194, -0.4206 -0.1772 0.0194, -0.5659 -0.1364 0.0194, -0.4926 0.0408 0.0194, -0.4206 0.1772 0.0194, -0.4872 -0.0 0.0194, -0.4926 -0.0408 0.0194, -0.5083 0.0787 0.0194, -0.5333 0.1114 0.0194, -0.5659 0.1364 0.0194, -0.6039 0.1521 0.0194, -0.6447 0.1575 0.0194, -0.6854 0.1521 0.0194, -1.1972 -0.1772 0.0194, -0.756 -0.1114 0.0194, -0.7355 -0.1772 0.0194, -0.7355 -0.1271 0.0194, -0.7234 -0.1364 0.0194, -0.6854 -0.1521 0.0194, -0.6447 -0.1575 0.0194, -0.6039 -0.1521 0.0194, -1.3618 0.1772 0.0194, -1.378 0.1705 0.0194, -1.4187 0.1392 0.0194, -1.45 0.0984 0.0194, -1.4697 0.0509 0.0194, -1.4764 -0.0 0.0194, -1.4697 -0.0509 0.0194, -1.45 -0.0984 0.0194, -1.4187 -0.1392 0.0194, -1.378 -0.1705 0.0194, -1.3305 0.1901 0.0194, -1.2795 0.1969 0.0194, -1.25 0.193 0.0194, -0.7355 0.2754 0.0194, -1.2286 0.1901 0.0194, 0.1901 1.3305 0.0194, 0.2754 1.25 0.0194, 0.1772 1.3618 0.0194, -0.4206 0.9424 0.0194, -0.1772 0.9424 0.0194, 0.1772 0.9424 0.0194, 0.1392 1.4187 0.0194, 0.0984 1.45 0.0194, -0.0984 1.45 0.0194, -0.1392 1.4187 0.0194, -0.1705 1.378 0.0194, 0.0509 1.4697 0.0194, 0.0 1.4764 0.0194, -0.0509 1.4697 0.0194, 0.4327 -1.4384 0.0194, 0.4001 -1.4634 0.0194, 0.2754 -1.25 0.0194, 0.3751 -1.4961 0.0194, 0.3593 -1.534 0.0194, 0.2754 -1.6043 0.0194, 0.6635 -1.534 0.0194, 0.6478 -1.4961 0.0194, 0.7355 -1.25 0.0194, 0.6228 -1.4634 0.0194, 0.5902 -1.4384 0.0194, 0.5522 -1.4227 0.0194, 0.5114 -1.4173 0.0194, 0.4707 -1.4227 0.0194, 0.354 -1.5748 0.0194, 0.3578 -1.6043 0.0194, 0.3593 -1.6156 0.0194, 0.3751 -1.6535 0.0194, 0.4001 -1.6862 0.0194, 0.6228 -1.6862 0.0194, 0.5902 -1.7112 0.0194, 0.5522 -1.7269 0.0194, 0.6478 -1.6535 0.0194, 0.6635 -1.6156 0.0194, 0.7355 -1.6043 0.0194, 0.665 -1.6043 0.0194, 0.6689 -1.5748 0.0194, 0.4327 -1.7112 0.0194, 0.4707 -1.7269 0.0194, 0.5114 -1.7323 0.0194, 1.4384 -0.4327 0.0194, 1.4227 -0.4707 0.0194, 1.25 -0.4206 0.0194, 1.6156 -0.6635 0.0194, 1.6535 -0.6478 0.0194, 2.0079 -0.7355 0.0194, 1.7269 -0.5522 0.0194, 2.0079 -0.4206 0.0194, 1.7323 -0.5114 0.0194, 1.7269 -0.4707 0.0194, 1.4173 -0.5114 0.0194, 1.4227 -0.5522 0.0194, 1.25 -0.7355 0.0194, 1.4384 -0.5902 0.0194, 1.4634 -0.6228 0.0194, 1.6862 -0.6228 0.0194, 1.7112 -0.5902 0.0194, 1.4961 -0.6478 0.0194, 1.534 -0.6635 0.0194, 1.5748 -0.6689 0.0194, 1.25 -0.193 0.0194, 1.4634 -0.4001 0.0194, 1.4477 -0.4206 0.0194, 1.6156 -0.3593 0.0194, 1.5748 -0.354 0.0194, 1.3618 -0.1772 0.0194, 1.6535 -0.3751 0.0194, 2.0079 -0.1772 0.0194, 1.7112 -0.4327 0.0194, 1.7019 -0.4206 0.0194, 1.6862 -0.4001 0.0194, 1.2795 -0.1969 0.0194, 1.3305 -0.1901 0.0194, 1.4961 -0.3751 0.0194, 1.534 -0.3593 0.0194, 0.4926 -0.0408 0.0194, 0.5083 -0.0787 0.0194, 0.2754 -0.1772 0.0194, 0.7355 0.1772 0.0194, 0.7355 0.1271 0.0194, 0.7234 0.1364 0.0194, 0.5659 0.1364 0.0194, 0.5333 0.1114 0.0194, 0.2754 0.1772 0.0194, 0.6854 -0.1521 0.0194, 0.7355 -0.1772 0.0194, 0.6447 -0.1575 0.0194, 0.6039 -0.1521 0.0194, 0.6854 0.1521 0.0194, 0.6447 0.1575 0.0194, 0.6039 0.1521 0.0194, 0.5083 0.0787 0.0194, 0.4926 0.0408 0.0194, 0.4872 -0.0 0.0194, 0.5333 -0.1114 0.0194, 0.5659 -0.1364 0.0194, 0.756 0.1114 0.0194, 0.9424 0.1772 0.0194, 0.7811 0.0787 0.0194, 0.7811 -0.0787 0.0194, 0.7968 -0.0408 0.0194, 0.9424 -0.1772 0.0194, 0.8022 -0.0 0.0194, 0.7968 0.0408 0.0194, 0.7234 -0.1364 0.0194, 0.7355 -0.1271 0.0194, 0.756 -0.1114 0.0194, 1.1091 -0.0984 0.0194, 1.1403 -0.1392 0.0194, 1.1811 -0.1705 0.0194, 1.1972 0.1772 0.0194, 1.1811 0.1705 0.0194, 1.1403 0.1392 0.0194, 1.1091 0.0984 0.0194, 1.0894 0.0509 0.0194, 1.0827 -0.0 0.0194, 1.0894 -0.0509 0.0194, 1.9488 0.2754 0.0194, 1.9488 0.1772 0.0194, 1.9488 0.031 0.0194, 2.0079 0.031 0.0194, 1.45 0.0984 0.0194, 1.4187 0.1392 0.0194, 1.378 0.1705 0.0194, 1.3618 0.1772 0.0194, 1.3305 0.1901 0.0194, 1.378 -0.1705 0.0194, 1.4187 -0.1392 0.0194, 1.45 -0.0984 0.0194, 1.4697 -0.0509 0.0194, 1.4764 -0.0 0.0194, 1.4697 0.0509 0.0194, 0.9424 -0.4206 0.0194, 1.1972 -0.1772 0.0194, 1.2286 -0.1901 0.0194, -1.25 1.25 0.0194, -1.25 1.8504 0.0194, -1.1122 1.8504 0.0194, -1.1122 2.0079 0.0194, -0.8003 2.0079 0.0194, -1.2598 1.8504 0.0194, -1.2598 1.2598 0.0194, -1.6043 1.2598 0.0194, -1.9488 1.2598 0.0194, -1.6043 0.9424 0.0194, -2.0079 0.9424 0.0194, -2.0079 1.0979 0.0194, -2.0079 0.031 0.0194, -1.9488 0.031 0.0194, -1.9488 0.1772 0.0194, -1.9488 -1.25 0.0194, -1.9488 -1.1147 0.0194, -2.0079 -1.1147 0.0194, -1.6043 -1.2598 0.0194, -1.6043 -1.25 0.0194, -1.2598 -1.2598 0.0194, -1.25 -1.25 0.0194, -1.2598 -1.6043 0.0194, -1.25 -1.8504 0.0194, -1.25 -1.6043 0.0194, -1.1122 -1.8504 0.0194, 0.1772 -1.6043 0.0194, -0.3593 -1.6156 0.0194, 1.2598 -1.8504 0.0194, 1.25 -1.8504 0.0194, 0.9424 -1.6043 0.0194, 1.9488 -1.1147 0.0194, 1.9488 -1.25 0.0194, 1.25 -1.25 0.0194, 1.9488 -1.2598 0.0194, 2.0079 -1.1147 0.0194, 1.6535 0.3751 0.0194, 1.6862 0.4001 0.0194, 1.4961 0.6478 0.0194, 1.4634 0.6228 0.0194, 1.25 0.7355 0.0194, 1.4384 0.5902 0.0194, 1.4227 0.5522 0.0194, 1.4634 0.4001 0.0194, 1.4961 0.3751 0.0194, 1.9488 0.3066 0.0194, 1.4173 0.5114 0.0194, 1.4227 0.4707 0.0194, 1.4384 0.4327 0.0194, 1.7269 0.5522 0.0194, 2.0079 0.7355 0.0194, 1.7323 0.5114 0.0194, 2.0079 0.3066 0.0194, 1.7269 0.4707 0.0194, 1.7112 0.4327 0.0194, 1.7112 0.5902 0.0194, 1.6862 0.6228 0.0194, 1.6535 0.6478 0.0194, 1.6156 0.6635 0.0194, 1.5748 0.6689 0.0194, 1.534 0.6635 0.0194, 1.534 0.3593 0.0194, 1.5748 0.354 0.0194, 1.6156 0.3593 0.0194, 2.0079 1.0979 0.0194, 2.0079 0.9424 0.0194, 1.9488 1.0979 0.0194, 1.25 0.9424 0.0194, 1.9488 1.25 0.0194, 1.2598 1.8504 0.0194, 1.2598 1.2598 0.0194, 1.25 1.25 0.0194, 0.9424 1.25 0.0194, 1.1122 1.8504 0.0194, 1.25 1.8504 0.0194, -0.1772 -1.1972 0.0194, -0.1901 -1.2286 0.0194, -0.193 -1.25 0.0194, 0.1705 -1.1811 0.0194, 0.1392 -1.1403 0.0194, -0.1392 -1.1403 0.0194, -0.1772 -0.7355 0.0194, -0.0984 -1.1091 0.0194, 0.0509 -1.0894 0.0194, 0.0984 -1.1091 0.0194, 0.0 -1.0827 0.0194, -0.0509 -1.0894 0.0194, 0.193 -1.25 0.0194, 0.1901 -1.2286 0.0194, 0.1521 -0.6039 0.0194, 0.1772 -0.4206 0.0194, 0.1364 -0.5659 0.0194, 0.1114 -0.5333 0.0194, -0.0408 -0.4926 0.0194, -0.0787 -0.5083 0.0194, -0.1772 -0.4206 0.0194, 0.0787 -0.5083 0.0194, 0.0408 -0.4926 0.0194, 0.0 -0.4872 0.0194, -0.1114 -0.5333 0.0194, -0.1364 -0.5659 0.0194, -0.1521 -0.6039 0.0194, 0.1772 -0.1772 0.0194, 0.1901 0.0509 0.0194, 0.1772 0.1772 0.0194, 0.1772 0.0823 0.0194, -0.1772 -0.1772 0.0194, -0.1772 0.1772 0.0194, -0.1772 0.0823 0.0194, -0.1901 0.0509 0.0194, -0.0509 0.1901 0.0194, -0.0823 0.1772 0.0194, -0.0984 0.1705 0.0194, -0.1392 0.1392 0.0194, -0.1705 0.0984 0.0194, 0.0823 0.1772 0.0194, 0.0509 0.1901 0.0194, 0.1772 0.2754 0.0194, 0.0 0.1969 0.0194, -0.1772 0.2754 0.0194, 0.1705 0.0984 0.0194, 0.1392 0.1392 0.0194, 0.0984 0.1705 0.0194, -0.1114 0.756 0.0194, -0.1271 0.7355 0.0194, -0.1772 0.7355 0.0194, -0.1364 0.7234 0.0194, -0.1521 0.6854 0.0194, 0.1364 0.7234 0.0194, 0.1772 0.7355 0.0194, 0.1521 0.6854 0.0194, 0.1271 0.7355 0.0194, 0.1114 0.756 0.0194, 0.0787 0.7811 0.0194, 0.0408 0.7968 0.0194, 0.0 0.8022 0.0194, -0.0408 0.7968 0.0194, -0.0787 0.7811 0.0194, 0.9424 -1.25 0.0194, 0.5522 1.4227 0.0194, 0.5902 1.4384 0.0194, 0.7355 1.25 0.0194, 0.6689 1.5748 0.0194, 0.6635 1.6156 0.0194, 0.7355 2.0079 0.0194, 0.6228 1.4634 0.0194, 0.6478 1.4961 0.0194, 0.6635 1.534 0.0194, 0.9424 2.0079 0.0194, 1.1122 2.0079 0.0194, 0.354 1.5748 0.0194, 0.3593 1.534 0.0194, 0.3751 1.4961 0.0194, 0.4001 1.4634 0.0194, 0.4327 1.7112 0.0194, 0.4001 1.6862 0.0194, 0.3751 1.6535 0.0194, 0.3593 1.6156 0.0194, 0.1705 1.378 0.0194, 0.4327 1.4384 0.0194, 0.4707 1.4227 0.0194, 0.5114 1.4173 0.0194, 0.6478 1.6535 0.0194, 0.6228 1.6862 0.0194, 0.5902 1.7112 0.0194, 0.5522 1.7269 0.0194, 0.5114 1.7323 0.0194, 0.4707 1.7269 0.0194, 0.2754 0.9424 0.0194, 0.7355 0.9424 0.0194, 0.9424 0.9424 0.0194, 1.9488 1.2598 0.0194, 0.9424 -0.7355 0.0194, 0.7355 -0.7355 0.0194, 0.9424 0.7355 0.0194, 0.7355 0.7355 0.0194, 0.2754 0.7355 0.0194, 0.9424 0.2754 0.0194, 0.7355 0.2754 0.0194, 0.2754 0.2754 0.0194, 1.2286 0.1901 0.0194, 0.7355 -0.4206 0.0194, 0.2754 -0.4206 0.0194, -0.4206 0.2754 0.0194, -0.4206 -0.4206 0.0194, -0.7355 -0.4206 0.0194, -1.2286 -0.1901 0.0194, -0.4206 0.7355 0.0194, -0.7355 0.7355 0.0194, -0.4206 -0.7355 0.0194, -0.7355 -0.7355 0.0194, -1.2598 -1.8504 0.0194, -0.7355 0.9424 0.0194, -1.25 0.9424 0.0194, -0.1705 -1.1811 0.0194, -1.9488 -1.2598 0.0194, 0.3271 -1.3272 1.038, 0.2899 -1.3358 1.038, 0.2787 -1.3771 1.038, 0.5416 -1.4601 1.038, 0.5694 -1.3206 1.038, 0.5358 -1.2575 1.038, 0.5709 -1.2795 1.038, 0.5697 -1.2426 1.038, -0.2787 -1.3771 1.038, -0.5416 -1.4601 1.038, -0.2464 -1.4422 1.038, -0.4801 -1.5883 1.038, -0.1992 -1.4975 1.038, -0.3889 -1.6975 1.038, -0.1399 -1.5395 1.038, -0.2735 -1.7806 1.038, -0.0721 -1.5659 1.038, -0.1411 -1.8327 1.038, 0.0 -1.5748 1.038, 0.0 -1.8504 1.038, 0.0721 -1.5659 1.038, 0.1411 -1.8327 1.038, 0.1399 -1.5395 1.038, 0.2735 -1.7806 1.038, 0.1992 -1.4975 1.038, 0.3889 -1.6975 1.038, 0.2464 -1.4422 1.038, 0.4801 -1.5883 1.038, -0.2899 -1.3358 1.038, -0.3271 -1.3272 1.038, -0.5694 -1.3206 1.038, -0.5358 -1.2575 1.038, -0.5709 -1.2795 1.038, -0.5697 -1.2426 1.038, -0.4329 1.2966 1.038, -0.2899 1.3358 1.038, -0.2787 1.3771 1.038, -0.5709 1.2795 1.038, -0.5697 1.2426 1.038, 0.4329 1.2966 1.038, 0.5697 1.2426 1.038, 0.5709 1.2795 1.038, 0.2787 1.3771 1.038, 0.5416 1.4601 1.038, 0.2464 1.4422 1.038, 0.4801 1.5883 1.038, 0.1992 1.4975 1.038, 0.3889 1.6975 1.038, 0.1399 1.5395 1.038, 0.2735 1.7806 1.038, 0.0721 1.5659 1.038, 0.1411 1.8327 1.038, 0.0 1.5748 1.038, 0.0 1.8504 1.038, -0.0721 1.5659 1.038, -0.1411 1.8327 1.038, -0.1399 1.5395 1.038, -0.2735 1.7806 1.038, -0.1992 1.4975 1.038, -0.3889 1.6975 1.038, -0.2464 1.4422 1.038, -0.4801 1.5883 1.038, -0.5416 1.4601 1.038, -0.5694 1.3206 1.038, 0.2899 1.3358 1.038, 0.5694 1.3206 1.038, 0.3204 0.8071 1.038, -0.3204 0.8071 1.038, -0.2729 0.7781 1.038, -0.2719 0.7776 1.038, 0.2719 0.7776 1.038, 0.2729 0.7781 1.038, -0.3204 -0.8071 1.038, 0.3204 -0.8071 1.038, 0.2729 -0.7781 1.038, 0.2719 -0.7776 1.038, -0.2719 -0.7776 1.038, -0.2729 -0.7781 1.038, -1.0671 -0.5062 2.3029, -0.9653 -0.6806 2.3029, -0.6207 -0.6201 2.3029, -0.8352 -0.8352 2.3029, -0.6806 -0.9653 2.3029, 0.5062 -1.0671 2.3029, 0.6806 -0.9653 2.3029, 0.6207 -0.6201 2.3029, 0.8352 -0.8352 2.3029, 0.9653 -0.6806 2.3029, -0.5062 1.0671 2.3029, -0.6806 0.9653 2.3029, -0.6207 0.6201 2.3029, -0.8352 0.8352 2.3029, -0.9653 0.6806 2.3029, 1.0671 0.5062 2.3029, 0.9653 0.6806 2.3029, 0.6207 0.6201 2.3029, 0.8352 0.8352 2.3029, 0.6806 0.9653 2.3029, 1.0671 -0.5062 2.3029, 1.1378 -0.3169 2.3029, 1.1378 0.3169 2.3029, -0.5062 -1.0671 2.3029, -0.3169 -1.1378 2.3029, 0.3169 -1.1378 2.3029, -1.0671 0.5062 2.3029, -1.1378 0.3169 2.3029, -1.1378 -0.3169 2.3029, 0.5062 1.0671 2.3029, 0.3169 1.1378 2.3029, -0.3169 1.1378 2.3029, 0.6207 0.6201 1.2202, 0.8071 0.8071 1.2202, 0.6207 -0.6201 1.2202, 0.8071 -0.8071 1.2202, -0.6207 -0.6201 1.2202, -0.8071 -0.8071 1.2202, -0.6207 0.6201 1.2202, -0.8071 0.8071 1.2202, -0.6207 -0.6201 1.169, 0.6207 -0.6201 1.169, -0.6207 0.6201 1.169, 0.6207 0.6201 1.169, -0.6706 -0.374 1.169, -0.7782 -0.374 1.169, -0.7782 -0.7776 1.169, -0.6706 0.374 1.169, 0.6706 0.374 1.169, 0.7782 0.374 1.169, 0.7782 0.7776 1.169, -0.7782 0.374 1.169, 0.6706 -0.374 1.169, -0.7782 0.7776 1.169, 0.7782 -0.7776 1.169, 0.7782 -0.374 1.169, -0.2719 0.7776 0.7478, -0.7782 0.7776 0.7478, 0.2719 0.7776 0.7478, 0.7782 0.7776 0.7478, 0.2719 -0.7776 0.7478, 0.7782 -0.7776 0.7478, -0.2719 -0.7776 0.7478, -0.7782 -0.7776 0.7478, 0.6689 1.5748 0.0588, 0.6635 1.6156 0.0588, 0.6478 1.6535 0.0588, 0.6228 1.6862 0.0588, 0.5902 1.7112 0.0588, 0.5522 1.7269 0.0588, 0.5114 1.7323 0.0588, 0.4707 1.7269 0.0588, 0.4327 1.7112 0.0588, 0.4001 1.6862 0.0588, 0.3751 1.6535 0.0588, 0.3593 1.6156 0.0588, 0.354 1.5748 0.0588, 1.7323 0.5114 0.0588, 1.7269 0.5522 0.0588, 1.7112 0.5902 0.0588, 1.6862 0.6228 0.0588, 1.6535 0.6478 0.0588, 1.6156 0.6635 0.0588, 1.5748 0.6689 0.0588, 1.534 0.6635 0.0588, 1.4961 0.6478 0.0588, 1.4634 0.6228 0.0588, 1.4384 0.5902 0.0588, 1.4227 0.5522 0.0588, 1.4173 0.5114 0.0588, 1.7323 -0.5114 0.0588, 1.7269 -0.4707 0.0588, 1.7112 -0.4327 0.0588, 1.6862 -0.4001 0.0588, 1.4384 -0.4327 0.0588, 1.4634 -0.4001 0.0588, 1.4961 -0.3751 0.0588, 1.534 -0.3593 0.0588, 1.5748 -0.354 0.0588, 1.6156 -0.3593 0.0588, 1.6535 -0.3751 0.0588, 1.4173 -0.5114 0.0588, 1.4227 -0.4707 0.0588, 0.6689 -1.5748 0.0588, 0.6635 -1.534 0.0588, 0.6478 -1.4961 0.0588, 0.6228 -1.4634 0.0588, 0.5902 -1.4384 0.0588, 0.5522 -1.4227 0.0588, 0.5114 -1.4173 0.0588, 0.4707 -1.4227 0.0588, 0.4327 -1.4384 0.0588, 0.4001 -1.4634 0.0588, 0.3751 -1.4961 0.0588, 0.3593 -1.534 0.0588, 0.354 -1.5748 0.0588, 1.4764 -0.0 0.0588, 1.4697 0.0509 0.0588, 1.45 0.0984 0.0588, 1.4187 0.1392 0.0588, 1.378 0.1705 0.0588, 1.3305 0.1901 0.0588, 1.2286 0.1901 0.0588, 1.2795 0.1969 0.0588, 1.1811 0.1705 0.0588, 1.0827 -0.0 0.0588, 1.0894 0.0509 0.0588, 1.1091 0.0984 0.0588, 1.1403 0.1392 0.0588, 0.8022 -0.0 0.0588, 0.7968 0.0408 0.0588, 0.7811 0.0787 0.0588, 0.756 0.1114 0.0588, 0.7234 0.1364 0.0588, 0.4872 -0.0 0.0588, 0.4926 0.0408 0.0588, 0.5083 0.0787 0.0588, 0.5333 0.1114 0.0588, 0.5659 0.1364 0.0588, 0.6039 0.1521 0.0588, 0.6447 0.1575 0.0588, 0.6854 0.1521 0.0588, 1.3976 1.5748 1.3383, 1.3722 1.5748 1.335, 1.3791 1.5224 1.335, 1.3484 1.5748 1.3251, 1.3561 1.5162 1.3251, 1.328 1.5748 1.3095, 1.3364 1.5109 1.3095, 1.3124 1.5748 1.2891, 1.3213 1.5069 1.2891, 1.3026 1.5748 1.2654, 1.3118 1.5043 1.2654, 1.2992 1.5748 1.2399, 1.3086 1.5035 1.2399, 1.3361 1.437 1.2399, 1.339 1.4387 1.2654, 1.3799 1.3799 1.2399, 1.3823 1.3823 1.2654, 1.437 1.3361 1.2399, 1.4387 1.339 1.2654, 1.5035 1.3086 1.2399, 1.5043 1.3118 1.2654, 1.5748 1.2992 1.2399, 1.5748 1.3026 1.2654, 1.6461 1.3086 1.2399, 1.6453 1.3118 1.2654, 1.7126 1.3361 1.2399, 1.7109 1.339 1.2654, 1.7697 1.3799 1.2399, 1.7673 1.3823 1.2654, 1.8135 1.437 1.2399, 1.8106 1.4387 1.2654, 1.841 1.5035 1.2399, 1.8378 1.5043 1.2654, 1.8504 1.5748 1.2399, 1.847 1.5748 1.2654, 1.3476 1.4436 1.2891, 1.3893 1.3893 1.2891, 1.4436 1.3476 1.2891, 1.5069 1.3213 1.2891, 1.5748 1.3124 1.2891, 1.6427 1.3213 1.2891, 1.706 1.3476 1.2891, 1.7604 1.3893 1.2891, 1.8021 1.4436 1.2891, 1.8283 1.5069 1.2891, 1.8372 1.5748 1.2891, 1.3611 1.4514 1.3095, 1.4003 1.4003 1.3095, 1.4514 1.3611 1.3095, 1.5109 1.3364 1.3095, 1.5748 1.328 1.3095, 1.6387 1.3364 1.3095, 1.6982 1.3611 1.3095, 1.7493 1.4003 1.3095, 1.7885 1.4514 1.3095, 1.8132 1.5109 1.3095, 1.8216 1.5748 1.3095, 1.3788 1.4616 1.3251, 1.4147 1.4147 1.3251, 1.4616 1.3788 1.3251, 1.5162 1.3561 1.3251, 1.5748 1.3484 1.3251, 1.6334 1.3561 1.3251, 1.688 1.3788 1.3251, 1.7349 1.4147 1.3251, 1.7709 1.4616 1.3251, 1.7935 1.5162 1.3251, 1.8012 1.5748 1.3251, 1.3993 1.4735 1.335, 1.4315 1.4315 1.335, 1.4735 1.3993 1.335, 1.5224 1.3791 1.335, 1.5748 1.3722 1.335, 1.6272 1.3791 1.335, 1.6761 1.3993 1.335, 1.7181 1.4315 1.335, 1.7503 1.4735 1.335, 1.7705 1.5224 1.335, 1.7774 1.5748 1.335, 1.4037 1.5289 1.3383, 1.4214 1.4862 1.3383, 1.4495 1.4495 1.3383, 1.4862 1.4214 1.3383, 1.5289 1.4037 1.3383, 1.5748 1.3976 1.3383, 1.6207 1.4037 1.3383, 1.6634 1.4214 1.3383, 1.7001 1.4495 1.3383, 1.7282 1.4862 1.3383, 1.7459 1.5289 1.3383, 1.752 1.5748 1.3383, 1.8504 -1.5748 1.2399, 1.847 -1.5748 1.2654, 1.8378 -1.6453 1.2654, 1.8372 -1.5748 1.2891, 1.8283 -1.6427 1.2891, 1.8216 -1.5748 1.3095, 1.8132 -1.6387 1.3095, 1.8012 -1.5748 1.3251, 1.7935 -1.6334 1.3251, 1.7774 -1.5748 1.335, 1.7705 -1.6272 1.335, 1.752 -1.5748 1.3383, 1.7459 -1.6207 1.3383, 1.7282 -1.6634 1.3383, 1.7503 -1.6761 1.335, 1.7001 -1.7001 1.3383, 1.7181 -1.7181 1.335, 1.6634 -1.7282 1.3383, 1.6761 -1.7503 1.335, 1.6207 -1.7459 1.3383, 1.6272 -1.7705 1.335, 1.5748 -1.752 1.3383, 1.5748 -1.7774 1.335, 1.5289 -1.7459 1.3383, 1.5224 -1.7705 1.335, 1.4862 -1.7282 1.3383, 1.4735 -1.7503 1.335, 1.4495 -1.7001 1.3383, 1.4315 -1.7181 1.335, 1.4214 -1.6634 1.3383, 1.3993 -1.6761 1.335, 1.4037 -1.6207 1.3383, 1.3791 -1.6272 1.335, 1.3976 -1.5748 1.3383, 1.3722 -1.5748 1.335, 1.7709 -1.688 1.3251, 1.7349 -1.7349 1.3251, 1.688 -1.7709 1.3251, 1.6334 -1.7935 1.3251, 1.5748 -1.8012 1.3251, 1.5162 -1.7935 1.3251, 1.4616 -1.7709 1.3251, 1.4147 -1.7349 1.3251, 1.3788 -1.688 1.3251, 1.3561 -1.6334 1.3251, 1.3484 -1.5748 1.3251, 1.7885 -1.6982 1.3095, 1.7493 -1.7493 1.3095, 1.6982 -1.7885 1.3095, 1.6387 -1.8132 1.3095, 1.5748 -1.8216 1.3095, 1.5109 -1.8132 1.3095, 1.4514 -1.7885 1.3095, 1.4003 -1.7493 1.3095, 1.3611 -1.6982 1.3095, 1.3364 -1.6387 1.3095, 1.328 -1.5748 1.3095, 1.8021 -1.706 1.2891, 1.7604 -1.7604 1.2891, 1.706 -1.8021 1.2891, 1.6427 -1.8283 1.2891, 1.5748 -1.8372 1.2891, 1.5069 -1.8283 1.2891, 1.4436 -1.8021 1.2891, 1.3893 -1.7604 1.2891, 1.3476 -1.706 1.2891, 1.3213 -1.6427 1.2891, 1.3124 -1.5748 1.2891, 1.8106 -1.7109 1.2654, 1.7673 -1.7673 1.2654, 1.7109 -1.8106 1.2654, 1.6453 -1.8378 1.2654, 1.5748 -1.847 1.2654, 1.5043 -1.8378 1.2654, 1.4387 -1.8106 1.2654, 1.3823 -1.7673 1.2654, 1.339 -1.7109 1.2654, 1.3118 -1.6453 1.2654, 1.3026 -1.5748 1.2654, 1.841 -1.6461 1.2399, 1.8135 -1.7126 1.2399, 1.7697 -1.7697 1.2399, 1.7126 -1.8135 1.2399, 1.6461 -1.841 1.2399, 1.5748 -1.8504 1.2399, 1.5035 -1.841 1.2399, 1.437 -1.8135 1.2399, 1.3799 -1.7697 1.2399, 1.3361 -1.7126 1.2399, 1.3086 -1.6461 1.2399, 1.2992 -1.5748 1.2399, 1.3318 -0.9131 0.5234, 1.3318 -0.9131 1.1218, 1.3331 -0.9009 1.1218, 1.3331 -0.9009 0.5234, 1.3369 -0.8891 1.1218, 1.3369 -0.8891 0.5234, 1.343 -0.8784 1.1218, 1.343 -0.8784 0.5234, 1.3513 -0.8693 1.1218, 1.3513 -0.8693 0.5234, 1.3613 -0.862 1.1218, 1.3613 -0.862 0.5234, 1.3318 0.9131 0.5234, 1.3318 0.9131 1.1218, 1.3336 0.9279 1.1218, 1.3336 0.9279 0.5234, 1.3391 0.9417 1.1218, 1.3391 0.9417 0.5234, 1.3479 0.9537 1.1218, 1.3479 0.9537 0.5234, 1.3594 0.9631 1.1218, 1.3594 0.9631 0.5234
            ]
        }
        coordIndex [
            0,1,2,-1,2,1,3,-1,2,3,4,-1,4,3,5,-1,6,7,8,-1,8,7,9,-1,8,9,10,-1,10,9,11,-1,10,11,12,-1,12,11,13,-1,12,13,14,-1,14,13,15,-1,14,15,16,-1,16,15,17,-1,16,17,18,-1,18,17,19,-1,18,19,20,-1,20,19,21,-1,20,21,22,-1,22,21,23,-1,22,23,5,-1,5,23,24,-1,5,24,4,-1,25,26,6,-1,6,26,27,-1,6,27,7,-1,28,29,30,-1,30,29,31,-1,30,31,32,-1,32,31,33,-1,32,33,34,-1,34,33,35,-1,36,37,38,-1,38,37,39,-1,38,39,40,-1,40,39,41,-1,40,41,42,-1,42,41,43,-1,42,43,44,-1,44,43,45,-1,44,45,46,-1,46,45,47,-1,46,47,48,-1,48,47,49,-1,48,49,35,-1,35,49,50,-1,35,50,34,-1,51,52,53,-1,53,52,54,-1,53,54,36,-1,36,54,55,-1,36,55,37,-1,56,57,58,-1,58,57,59,-1,58,59,60,-1,60,59,61,-1,62,63,64,-1,64,63,65,-1,64,65,66,-1,66,65,67,-1,66,67,61,-1,61,67,68,-1,61,68,60,-1,69,70,71,-1,71,70,72,-1,71,72,73,-1,73,72,74,-1,73,74,62,-1,62,74,75,-1,62,75,63,-1,76,77,78,-1,78,77,79,-1,78,79,80,-1,80,79,81,-1,80,81,69,-1,69,81,82,-1,69,82,70,-1,83,84,76,-1,76,84,85,-1,76,85,77,-1,86,87,88,-1,88,87,89,-1,88,89,90,-1,90,89,91,-1,90,91,92,-1,92,91,93,-1,92,93,94,-1,94,93,95,-1,94,95,96,-1,96,95,97,-1,96,97,98,-1,98,97,99,-1,98,99,100,-1,100,99,101,-1,100,101,102,-1,102,101,103,-1,102,103,104,-1,104,103,105,-1,104,105,106,-1,106,105,107,-1,106,107,108,-1,108,107,109,-1,108,109,110,-1,110,109,111,-1,112,113,114,-1,114,113,115,-1,114,115,116,-1,116,115,117,-1,117,115,118,-1,117,118,119,-1,119,118,120,-1,120,118,121,-1,120,121,122,-1,122,121,123,-1,122,123,124,-1,124,123,125,-1,124,125,126,-1,126,125,127,-1,126,127,128,-1,128,127,129,-1,128,129,130,-1,130,129,131,-1,130,131,132,-1,132,131,133,-1,132,133,134,-1,134,133,135,-1,134,135,136,-1,136,135,137,-1,136,137,138,-1,138,137,139,-1,139,137,140,-1,139,140,141,-1,14,16,18,-1,20,22,10,-1,10,22,5,-1,10,5,3,-1,6,8,142,-1,142,8,10,-1,142,10,1,-1,1,10,3,-1,143,144,145,-1,145,144,146,-1,145,146,147,-1,143,148,144,-1,144,148,149,-1,144,149,150,-1,150,151,144,-1,144,151,152,-1,144,152,142,-1,142,152,25,-1,142,25,6,-1,20,10,18,-1,18,10,12,-1,18,12,14,-1,153,154,51,-1,155,156,51,-1,51,156,157,-1,155,51,29,-1,29,51,53,-1,29,53,36,-1,153,51,158,-1,36,38,29,-1,29,38,40,-1,29,40,42,-1,42,44,29,-1,29,44,46,-1,29,46,48,-1,48,35,29,-1,29,35,33,-1,29,33,31,-1,157,159,51,-1,51,159,160,-1,51,160,161,-1,161,162,51,-1,51,162,163,-1,51,163,158,-1,57,164,76,-1,76,164,165,-1,76,165,166,-1,66,61,76,-1,76,61,59,-1,76,59,57,-1,167,168,166,-1,166,168,83,-1,166,83,76,-1,71,78,69,-1,69,78,80,-1,71,73,78,-1,78,73,62,-1,78,62,76,-1,76,62,64,-1,76,64,66,-1,167,169,168,-1,168,169,170,-1,168,170,171,-1,171,172,168,-1,168,172,173,-1,168,173,174,-1,175,176,177,-1,101,99,111,-1,111,99,97,-1,87,111,89,-1,89,111,91,-1,87,178,111,-1,111,178,179,-1,111,179,180,-1,177,181,175,-1,175,181,182,-1,175,182,183,-1,180,184,111,-1,111,184,175,-1,111,175,185,-1,185,175,183,-1,111,109,107,-1,97,95,111,-1,111,95,93,-1,111,93,91,-1,107,105,111,-1,111,105,103,-1,111,103,101,-1,129,127,186,-1,187,188,123,-1,123,188,189,-1,123,189,190,-1,190,191,123,-1,123,191,186,-1,123,186,125,-1,125,186,127,-1,192,186,193,-1,193,186,194,-1,192,140,186,-1,186,140,137,-1,186,137,135,-1,135,133,186,-1,186,133,131,-1,186,131,129,-1,123,121,187,-1,187,121,118,-1,187,118,115,-1,115,113,187,-1,187,113,195,-1,187,195,196,-1,197,198,199,-1,199,198,200,-1,199,200,201,-1,201,200,202,-1,203,204,200,-1,205,206,207,-1,207,203,205,-1,205,203,200,-1,205,200,208,-1,208,200,198,-1,208,198,209,-1,209,198,210,-1,211,212,213,-1,213,212,214,-1,215,213,216,-1,216,213,214,-1,216,214,217,-1,217,214,218,-1,219,211,220,-1,220,211,213,-1,220,213,221,-1,221,213,222,-1,223,224,225,-1,215,216,226,-1,226,216,227,-1,226,227,225,-1,228,215,229,-1,229,215,226,-1,229,226,230,-1,230,226,231,-1,227,232,225,-1,225,232,214,-1,225,214,212,-1,212,233,234,-1,212,234,225,-1,225,234,235,-1,225,235,223,-1,236,237,238,-1,239,226,240,-1,240,226,225,-1,225,241,242,-1,242,243,225,-1,225,243,244,-1,225,244,245,-1,245,246,225,-1,225,246,247,-1,225,247,240,-1,248,249,250,-1,250,249,251,-1,250,251,225,-1,225,251,252,-1,225,252,241,-1,239,253,226,-1,226,253,254,-1,226,254,255,-1,255,256,226,-1,226,256,257,-1,226,257,258,-1,258,259,226,-1,226,259,260,-1,226,260,238,-1,238,260,261,-1,238,261,236,-1,262,263,264,-1,265,266,263,-1,267,268,269,-1,270,271,272,-1,272,271,273,-1,272,273,263,-1,263,273,274,-1,263,274,265,-1,275,276,263,-1,263,276,277,-1,263,277,264,-1,266,278,263,-1,263,278,279,-1,263,279,275,-1,280,281,264,-1,280,264,282,-1,283,284,285,-1,285,284,286,-1,283,287,284,-1,284,287,288,-1,284,288,289,-1,286,284,290,-1,290,284,291,-1,290,291,264,-1,264,291,292,-1,264,292,282,-1,281,293,264,-1,264,293,294,-1,264,294,295,-1,295,296,264,-1,264,296,297,-1,264,297,262,-1,289,298,284,-1,284,298,299,-1,284,299,269,-1,269,299,300,-1,269,300,267,-1,301,302,303,-1,304,305,306,-1,307,224,223,-1,308,309,310,-1,311,312,313,-1,314,315,316,-1,202,317,318,-1,319,320,321,-1,322,323,324,-1,324,323,325,-1,324,325,326,-1,327,328,329,-1,329,328,330,-1,329,330,331,-1,331,332,329,-1,329,332,333,-1,329,333,308,-1,333,334,308,-1,308,334,335,-1,308,335,309,-1,309,335,336,-1,309,336,337,-1,329,338,327,-1,327,338,326,-1,327,326,339,-1,339,326,325,-1,340,341,342,-1,343,344,345,-1,345,344,346,-1,345,346,347,-1,337,348,309,-1,309,348,349,-1,309,349,342,-1,342,349,350,-1,342,350,340,-1,347,351,345,-1,345,351,352,-1,345,352,324,-1,324,352,353,-1,324,353,322,-1,354,355,356,-1,357,358,359,-1,359,358,360,-1,359,360,361,-1,362,363,364,-1,364,363,365,-1,364,365,366,-1,356,367,354,-1,354,367,368,-1,354,368,359,-1,359,368,369,-1,359,369,357,-1,366,370,364,-1,364,370,371,-1,364,371,372,-1,372,371,373,-1,372,373,374,-1,197,375,376,-1,374,377,372,-1,372,377,378,-1,372,378,379,-1,379,378,380,-1,379,380,381,-1,382,383,384,-1,384,383,385,-1,384,385,386,-1,386,385,197,-1,386,197,387,-1,387,197,376,-1,355,354,384,-1,384,354,388,-1,384,388,382,-1,197,199,375,-1,375,199,381,-1,375,381,389,-1,389,381,380,-1,390,391,392,-1,393,394,395,-1,396,397,398,-1,398,397,399,-1,390,392,400,-1,399,401,398,-1,398,401,402,-1,398,402,393,-1,393,402,403,-1,393,403,394,-1,404,405,406,-1,406,407,4,-1,4,407,408,-1,4,408,2,-1,2,408,396,-1,2,396,0,-1,0,396,398,-1,391,409,392,-1,392,409,410,-1,392,410,230,-1,230,410,411,-1,230,411,412,-1,413,222,414,-1,414,222,228,-1,414,228,415,-1,415,228,229,-1,415,229,416,-1,416,229,417,-1,412,418,230,-1,230,418,419,-1,230,419,229,-1,229,419,420,-1,229,420,417,-1,421,422,423,-1,424,425,426,-1,422,427,423,-1,423,427,428,-1,423,428,429,-1,430,431,432,-1,432,431,426,-1,426,431,433,-1,426,433,424,-1,434,435,432,-1,432,435,436,-1,432,436,430,-1,437,438,439,-1,439,438,440,-1,439,440,441,-1,441,440,442,-1,437,443,438,-1,438,443,444,-1,438,444,434,-1,445,446,447,-1,445,447,448,-1,447,449,448,-1,448,449,450,-1,448,450,440,-1,440,450,451,-1,440,451,442,-1,452,429,453,-1,452,453,454,-1,429,452,423,-1,423,452,455,-1,423,455,456,-1,453,457,454,-1,454,457,458,-1,454,458,445,-1,445,458,459,-1,445,459,446,-1,460,461,462,-1,461,463,462,-1,462,463,464,-1,462,464,465,-1,466,467,468,-1,468,467,469,-1,468,469,470,-1,465,464,471,-1,471,464,472,-1,471,472,473,-1,473,472,474,-1,473,474,468,-1,468,474,475,-1,468,475,466,-1,476,477,478,-1,476,478,479,-1,480,481,482,-1,482,481,478,-1,482,478,483,-1,483,478,477,-1,480,484,481,-1,481,484,485,-1,481,485,486,-1,486,487,481,-1,481,487,488,-1,481,488,321,-1,321,488,489,-1,321,489,319,-1,460,462,490,-1,490,462,491,-1,490,491,492,-1,492,491,493,-1,492,493,494,-1,494,495,492,-1,492,495,496,-1,492,496,478,-1,478,496,497,-1,478,497,479,-1,498,499,310,-1,310,499,500,-1,310,500,501,-1,501,502,310,-1,310,502,503,-1,310,503,445,-1,445,503,504,-1,445,504,505,-1,505,506,445,-1,445,506,507,-1,445,507,454,-1,498,310,508,-1,508,310,309,-1,508,309,509,-1,509,309,342,-1,509,342,510,-1,511,469,342,-1,342,469,512,-1,342,512,510,-1,141,513,514,-1,514,513,515,-1,136,138,514,-1,514,138,139,-1,514,139,141,-1,516,117,517,-1,517,117,119,-1,517,119,120,-1,128,130,518,-1,518,130,132,-1,120,122,517,-1,517,122,124,-1,517,124,518,-1,518,124,126,-1,518,126,128,-1,379,112,372,-1,372,112,114,-1,372,114,116,-1,519,520,201,-1,521,522,199,-1,199,522,523,-1,199,523,381,-1,520,524,201,-1,201,524,525,-1,201,525,199,-1,199,525,526,-1,199,526,521,-1,527,528,529,-1,530,531,532,-1,533,534,535,-1,535,534,536,-1,535,536,537,-1,537,538,535,-1,535,538,539,-1,535,539,529,-1,529,539,540,-1,529,540,527,-1,531,541,532,-1,532,541,542,-1,532,542,543,-1,543,544,234,-1,234,544,545,-1,546,235,547,-1,547,235,548,-1,549,550,551,-1,551,550,552,-1,551,552,553,-1,545,554,234,-1,234,554,555,-1,234,555,235,-1,235,555,556,-1,235,556,548,-1,557,558,559,-1,560,561,562,-1,562,563,564,-1,564,563,565,-1,564,565,566,-1,567,568,569,-1,569,568,570,-1,569,570,571,-1,561,572,562,-1,562,572,573,-1,562,573,563,-1,571,574,569,-1,569,574,575,-1,569,575,576,-1,577,578,559,-1,559,578,579,-1,559,579,557,-1,580,581,582,-1,583,580,584,-1,566,585,564,-1,564,585,586,-1,564,586,584,-1,584,586,587,-1,584,587,583,-1,577,588,578,-1,578,588,589,-1,578,589,590,-1,590,589,582,-1,590,582,591,-1,591,582,581,-1,592,593,594,-1,595,596,597,-1,598,599,600,-1,601,602,603,-1,603,602,594,-1,603,594,604,-1,597,605,595,-1,595,605,606,-1,595,606,600,-1,600,606,607,-1,600,607,598,-1,599,608,600,-1,600,608,609,-1,600,609,594,-1,594,609,610,-1,594,610,592,-1,593,611,594,-1,594,611,612,-1,594,612,604,-1,596,595,613,-1,613,595,614,-1,613,614,615,-1,616,617,618,-1,618,617,619,-1,618,619,614,-1,614,619,620,-1,614,620,615,-1,601,621,602,-1,602,621,622,-1,602,622,618,-1,618,622,623,-1,618,623,616,-1,624,625,618,-1,618,625,626,-1,627,628,614,-1,614,628,629,-1,614,629,630,-1,630,631,614,-1,614,631,632,-1,614,632,618,-1,618,632,633,-1,618,633,624,-1,316,634,635,-1,580,582,584,-1,584,582,636,-1,584,636,637,-1,638,639,635,-1,639,640,635,-1,635,640,641,-1,635,641,316,-1,316,641,642,-1,316,642,314,-1,582,643,636,-1,636,643,644,-1,636,644,645,-1,645,646,636,-1,636,646,647,-1,636,647,635,-1,635,647,648,-1,635,648,638,-1,649,650,559,-1,559,650,651,-1,559,651,577,-1,652,653,364,-1,364,653,654,-1,364,654,655,-1,361,362,359,-1,359,362,364,-1,359,364,656,-1,656,364,655,-1,657,653,658,-1,658,653,652,-1,658,652,659,-1,659,652,313,-1,659,313,660,-1,660,313,312,-1,661,662,663,-1,448,664,445,-1,445,664,665,-1,445,665,310,-1,310,665,666,-1,310,666,308,-1,667,668,432,-1,434,432,438,-1,438,432,668,-1,438,668,669,-1,670,671,672,-1,672,671,673,-1,672,673,674,-1,675,676,677,-1,677,676,392,-1,677,392,231,-1,231,392,230,-1,678,220,404,-1,404,220,221,-1,404,221,405,-1,405,221,222,-1,405,222,679,-1,679,222,413,-1,543,234,532,-1,532,234,233,-1,532,233,219,-1,305,680,306,-1,306,680,681,-1,306,681,682,-1,683,684,685,-1,685,684,686,-1,687,569,562,-1,562,569,576,-1,562,576,560,-1,688,689,634,-1,690,691,692,-1,692,691,693,-1,692,693,694,-1,316,695,696,-1,634,689,697,-1,698,699,316,-1,316,699,700,-1,316,700,695,-1,701,702,703,-1,703,702,704,-1,703,704,705,-1,705,704,697,-1,705,697,706,-1,706,697,689,-1,701,707,702,-1,702,707,708,-1,702,708,709,-1,709,710,702,-1,702,710,711,-1,702,711,692,-1,692,711,712,-1,692,712,690,-1,696,713,316,-1,316,713,714,-1,316,714,634,-1,634,714,715,-1,634,715,688,-1,716,717,718,-1,718,717,719,-1,718,719,720,-1,721,722,723,-1,724,725,723,-1,723,725,726,-1,723,726,721,-1,7,532,678,-1,678,532,219,-1,678,219,220,-1,7,27,532,-1,532,27,529,-1,532,529,530,-1,530,529,528,-1,406,4,404,-1,404,4,24,-1,404,24,23,-1,15,13,678,-1,13,11,678,-1,678,11,9,-1,678,9,7,-1,23,21,404,-1,404,21,19,-1,404,19,678,-1,678,19,17,-1,678,17,15,-1,727,728,398,-1,398,728,729,-1,398,729,0,-1,301,730,302,-1,302,730,731,-1,302,731,39,-1,732,733,734,-1,734,733,34,-1,43,41,735,-1,39,731,41,-1,41,731,736,-1,41,736,735,-1,34,50,734,-1,734,50,49,-1,734,49,47,-1,43,735,45,-1,45,735,737,-1,45,737,47,-1,47,737,738,-1,47,738,734,-1,27,26,529,-1,529,26,739,-1,529,739,740,-1,39,37,302,-1,302,37,55,-1,302,55,54,-1,52,741,742,-1,742,741,743,-1,742,743,744,-1,745,746,747,-1,744,748,742,-1,742,748,749,-1,742,749,750,-1,745,747,750,-1,28,30,733,-1,733,30,32,-1,733,32,34,-1,746,751,747,-1,747,751,752,-1,747,752,753,-1,594,754,77,-1,77,85,594,-1,594,85,84,-1,594,84,600,-1,600,84,755,-1,600,755,756,-1,756,755,757,-1,72,70,754,-1,754,70,82,-1,82,81,754,-1,754,81,79,-1,754,79,77,-1,63,75,747,-1,750,747,742,-1,742,747,75,-1,742,75,74,-1,65,758,67,-1,67,758,68,-1,481,759,760,-1,760,761,481,-1,481,761,56,-1,481,56,478,-1,478,56,58,-1,478,58,758,-1,758,58,60,-1,758,60,68,-1,762,763,759,-1,759,763,764,-1,764,765,759,-1,759,765,766,-1,759,766,760,-1,767,768,769,-1,769,768,770,-1,769,770,771,-1,757,772,756,-1,756,772,773,-1,756,773,774,-1,86,88,771,-1,775,776,777,-1,777,776,778,-1,777,778,779,-1,102,104,769,-1,769,104,106,-1,769,106,108,-1,780,781,782,-1,782,781,110,-1,88,90,771,-1,771,90,92,-1,771,92,94,-1,94,96,771,-1,771,96,98,-1,771,98,769,-1,769,98,100,-1,769,100,102,-1,783,784,518,-1,518,784,785,-1,785,786,518,-1,518,786,787,-1,518,787,517,-1,517,787,788,-1,517,788,789,-1,686,304,685,-1,685,304,306,-1,685,306,790,-1,790,306,682,-1,790,682,535,-1,535,682,551,-1,535,551,533,-1,533,551,553,-1,681,307,682,-1,682,307,223,-1,682,223,551,-1,551,223,235,-1,551,235,549,-1,549,235,546,-1,791,792,793,-1,794,795,796,-1,792,797,793,-1,793,797,798,-1,793,798,799,-1,799,794,793,-1,793,794,796,-1,793,796,724,-1,724,796,800,-1,724,800,725,-1,725,800,801,-1,802,803,514,-1,514,803,804,-1,514,804,805,-1,806,807,318,-1,318,807,808,-1,318,808,809,-1,809,802,318,-1,318,802,514,-1,318,514,202,-1,202,514,515,-1,202,515,201,-1,201,515,810,-1,201,810,519,-1,805,811,514,-1,514,811,812,-1,514,812,793,-1,793,812,813,-1,793,813,791,-1,795,814,796,-1,796,814,815,-1,796,815,816,-1,816,817,796,-1,796,817,818,-1,796,818,318,-1,318,818,819,-1,318,819,806,-1,132,134,518,-1,518,134,136,-1,518,136,820,-1,820,136,514,-1,820,514,821,-1,821,514,793,-1,821,793,822,-1,822,793,724,-1,822,724,719,-1,719,724,723,-1,719,723,720,-1,720,723,722,-1,720,722,823,-1,687,683,569,-1,569,683,685,-1,569,685,824,-1,824,685,790,-1,824,790,825,-1,825,790,535,-1,825,535,303,-1,303,535,529,-1,303,529,301,-1,301,529,740,-1,717,702,719,-1,719,702,692,-1,719,692,822,-1,822,692,826,-1,822,826,821,-1,821,826,827,-1,821,827,820,-1,820,827,828,-1,820,828,518,-1,518,828,781,-1,518,781,783,-1,783,781,780,-1,694,698,692,-1,692,698,316,-1,692,316,826,-1,826,316,829,-1,826,829,827,-1,827,829,830,-1,827,830,828,-1,828,830,831,-1,828,831,781,-1,781,831,769,-1,781,769,110,-1,110,769,108,-1,315,832,316,-1,316,832,627,-1,316,627,829,-1,829,627,614,-1,829,614,830,-1,830,614,595,-1,830,595,831,-1,831,595,600,-1,831,600,769,-1,769,600,756,-1,769,756,767,-1,767,756,774,-1,626,650,618,-1,618,650,649,-1,618,649,602,-1,602,649,833,-1,602,833,594,-1,594,833,834,-1,594,834,754,-1,754,834,742,-1,754,742,72,-1,72,742,74,-1,558,567,559,-1,559,567,569,-1,559,569,649,-1,649,569,824,-1,649,824,833,-1,833,824,825,-1,833,825,834,-1,834,825,303,-1,834,303,742,-1,742,303,302,-1,742,302,52,-1,52,302,54,-1,770,762,771,-1,771,762,759,-1,771,759,835,-1,835,759,481,-1,835,481,511,-1,511,481,321,-1,511,321,469,-1,469,321,320,-1,469,320,470,-1,65,63,758,-1,758,63,747,-1,758,747,478,-1,478,747,836,-1,478,836,492,-1,492,836,837,-1,492,837,490,-1,490,837,423,-1,490,423,838,-1,838,423,456,-1,779,86,777,-1,777,86,771,-1,777,771,839,-1,839,771,835,-1,839,835,840,-1,840,835,511,-1,840,511,345,-1,345,511,342,-1,345,342,343,-1,343,342,341,-1,753,28,747,-1,747,28,733,-1,747,733,836,-1,836,733,841,-1,836,841,837,-1,837,841,842,-1,837,842,423,-1,423,842,426,-1,423,426,421,-1,421,426,425,-1,395,400,393,-1,393,400,392,-1,393,392,673,-1,673,392,676,-1,673,676,674,-1,674,676,675,-1,674,675,843,-1,116,117,372,-1,372,117,516,-1,372,516,364,-1,364,516,844,-1,364,844,652,-1,652,844,845,-1,652,845,313,-1,313,845,661,-1,313,661,311,-1,311,661,663,-1,732,846,733,-1,733,846,727,-1,733,727,841,-1,841,727,398,-1,841,398,842,-1,842,398,393,-1,842,393,426,-1,426,393,673,-1,426,673,432,-1,432,673,671,-1,432,671,667,-1,667,671,670,-1,667,670,847,-1,789,775,517,-1,517,775,777,-1,517,777,516,-1,516,777,839,-1,516,839,844,-1,844,839,840,-1,844,840,845,-1,845,840,345,-1,845,345,661,-1,661,345,324,-1,661,324,662,-1,662,324,326,-1,848,849,850,-1,851,852,853,-1,853,852,854,-1,853,854,855,-1,856,857,858,-1,858,857,859,-1,858,859,860,-1,860,859,861,-1,860,861,862,-1,862,861,863,-1,862,863,864,-1,864,863,865,-1,864,865,866,-1,866,865,867,-1,866,867,868,-1,868,867,869,-1,868,869,870,-1,870,869,871,-1,870,871,872,-1,872,871,873,-1,872,873,874,-1,874,873,875,-1,874,875,850,-1,850,875,851,-1,850,851,848,-1,848,851,853,-1,856,876,857,-1,857,876,877,-1,857,877,878,-1,878,877,879,-1,878,879,880,-1,880,879,881,-1,882,883,884,-1,885,886,882,-1,887,888,889,-1,890,891,892,-1,892,891,893,-1,892,893,894,-1,894,893,895,-1,894,895,896,-1,896,895,897,-1,896,897,898,-1,898,897,899,-1,898,899,900,-1,900,899,901,-1,900,901,902,-1,902,901,903,-1,902,903,904,-1,904,903,905,-1,904,905,906,-1,906,905,907,-1,906,907,908,-1,908,907,909,-1,908,909,884,-1,884,909,910,-1,884,910,882,-1,882,910,911,-1,882,911,885,-1,890,912,891,-1,891,912,887,-1,891,887,913,-1,913,887,889,-1,914,915,916,-1,917,918,916,-1,916,918,919,-1,916,919,914,-1,920,921,922,-1,923,924,922,-1,922,924,925,-1,922,925,920,-1,926,927,928,-1,928,927,929,-1,928,929,930,-1,931,932,933,-1,933,932,934,-1,933,934,935,-1,936,937,938,-1,938,937,939,-1,938,939,940,-1,941,942,943,-1,943,942,944,-1,943,944,945,-1,935,946,933,-1,933,946,947,-1,933,947,943,-1,943,947,948,-1,943,948,941,-1,930,949,928,-1,928,949,950,-1,928,950,933,-1,933,950,951,-1,933,951,931,-1,940,952,938,-1,938,952,953,-1,938,953,928,-1,928,953,954,-1,928,954,926,-1,945,955,943,-1,943,955,956,-1,943,956,938,-1,938,956,957,-1,938,957,936,-1,958,959,960,-1,960,959,961,-1,960,961,962,-1,962,961,963,-1,962,963,964,-1,964,963,965,-1,964,965,958,-1,958,965,959,-1,966,967,962,-1,962,967,960,-1,964,958,968,-1,968,958,969,-1,970,971,972,-1,973,966,968,-1,974,975,976,-1,973,968,977,-1,967,978,974,-1,967,974,969,-1,969,974,976,-1,969,976,968,-1,968,976,979,-1,968,979,977,-1,973,970,966,-1,966,970,972,-1,966,972,967,-1,967,972,980,-1,967,980,978,-1,978,980,981,-1,982,983,917,-1,917,983,979,-1,917,979,918,-1,918,979,976,-1,918,976,984,-1,984,976,985,-1,986,987,923,-1,923,987,980,-1,923,980,924,-1,924,980,972,-1,924,972,988,-1,988,972,989,-1,794,990,795,-1,795,990,991,-1,795,991,814,-1,814,991,992,-1,814,992,815,-1,815,992,993,-1,815,993,816,-1,816,993,994,-1,816,994,817,-1,817,994,995,-1,817,995,818,-1,818,995,996,-1,818,996,819,-1,819,996,997,-1,819,997,806,-1,806,997,998,-1,806,998,807,-1,807,998,999,-1,807,999,808,-1,808,999,1000,-1,808,1000,809,-1,809,1000,1001,-1,809,1001,802,-1,802,1001,1002,-1,703,1003,701,-1,701,1003,1004,-1,701,1004,707,-1,707,1004,1005,-1,707,1005,708,-1,708,1005,1006,-1,708,1006,709,-1,709,1006,1007,-1,709,1007,710,-1,710,1007,1008,-1,710,1008,711,-1,711,1008,1009,-1,711,1009,712,-1,712,1009,1010,-1,712,1010,690,-1,690,1010,1011,-1,690,1011,691,-1,691,1011,1012,-1,691,1012,693,-1,693,1012,1013,-1,693,1013,694,-1,694,1013,1014,-1,694,1014,698,-1,698,1014,1015,-1,565,1016,566,-1,566,1016,1017,-1,566,1017,585,-1,585,1017,1018,-1,585,1018,586,-1,586,1018,1019,-1,1020,579,1021,-1,1021,579,578,-1,1021,578,1022,-1,1022,578,590,-1,1022,590,1023,-1,1023,590,591,-1,1023,591,1024,-1,1024,591,581,-1,1024,581,1025,-1,1025,581,580,-1,1025,580,1026,-1,1026,580,583,-1,1026,583,1019,-1,1019,583,587,-1,1019,587,586,-1,1027,567,1028,-1,1028,567,558,-1,1028,558,1020,-1,1020,558,557,-1,1020,557,579,-1,553,1029,533,-1,533,1029,1030,-1,533,1030,534,-1,534,1030,1031,-1,534,1031,536,-1,536,1031,1032,-1,536,1032,537,-1,537,1032,1033,-1,537,1033,538,-1,538,1033,1034,-1,538,1034,539,-1,539,1034,1035,-1,539,1035,540,-1,540,1035,1036,-1,540,1036,527,-1,527,1036,1037,-1,527,1037,528,-1,528,1037,1038,-1,528,1038,530,-1,530,1038,1039,-1,530,1039,531,-1,531,1039,1040,-1,531,1040,541,-1,541,1040,1041,-1,647,1042,648,-1,648,1042,1043,-1,648,1043,638,-1,638,1043,1044,-1,638,1044,639,-1,639,1044,1045,-1,639,1045,640,-1,640,1045,1046,-1,640,1046,641,-1,641,1046,1047,-1,1048,315,1049,-1,1049,315,314,-1,1049,314,1047,-1,1047,314,642,-1,1047,642,641,-1,1050,627,1048,-1,1048,627,832,-1,1048,832,315,-1,1051,632,1052,-1,1052,632,631,-1,1052,631,1053,-1,1053,631,630,-1,1053,630,1054,-1,1054,630,629,-1,1054,629,1050,-1,1050,629,628,-1,1050,628,627,-1,619,1055,620,-1,620,1055,1056,-1,620,1056,615,-1,615,1056,1057,-1,615,1057,613,-1,613,1057,1058,-1,613,1058,596,-1,596,1058,1059,-1,1060,610,1061,-1,1061,610,609,-1,1061,609,1062,-1,1062,609,608,-1,1062,608,1063,-1,1063,608,599,-1,1063,599,1064,-1,1064,599,598,-1,1064,598,1065,-1,1065,598,607,-1,1065,607,1066,-1,1066,607,606,-1,1066,606,1067,-1,1067,606,605,-1,1067,605,1059,-1,1059,605,597,-1,1059,597,596,-1,1068,1069,1070,-1,1069,1071,1072,-1,1071,1073,1074,-1,1073,1075,1076,-1,1075,1077,1078,-1,1077,1079,1080,-1,1077,1080,1078,-1,1078,1080,1081,-1,1078,1081,1082,-1,1082,1081,1083,-1,1082,1083,1084,-1,1084,1083,1085,-1,1084,1085,1086,-1,1086,1085,1087,-1,1086,1087,1088,-1,1088,1087,1089,-1,1088,1089,1090,-1,1090,1089,1091,-1,1090,1091,1092,-1,1092,1091,1093,-1,1092,1093,1094,-1,1094,1093,1095,-1,1094,1095,1096,-1,1096,1095,1097,-1,1096,1097,1098,-1,1098,1097,1099,-1,1098,1099,1100,-1,1100,1099,1101,-1,1100,1101,1102,-1,1075,1078,1076,-1,1076,1078,1082,-1,1076,1082,1103,-1,1103,1082,1084,-1,1103,1084,1104,-1,1104,1084,1086,-1,1104,1086,1105,-1,1105,1086,1088,-1,1105,1088,1106,-1,1106,1088,1090,-1,1106,1090,1107,-1,1107,1090,1092,-1,1107,1092,1108,-1,1108,1092,1094,-1,1108,1094,1109,-1,1109,1094,1096,-1,1109,1096,1110,-1,1110,1096,1098,-1,1110,1098,1111,-1,1111,1098,1100,-1,1111,1100,1112,-1,1112,1100,1102,-1,1112,1102,1113,-1,1073,1076,1074,-1,1074,1076,1103,-1,1074,1103,1114,-1,1114,1103,1104,-1,1114,1104,1115,-1,1115,1104,1105,-1,1115,1105,1116,-1,1116,1105,1106,-1,1116,1106,1117,-1,1117,1106,1107,-1,1117,1107,1118,-1,1118,1107,1108,-1,1118,1108,1119,-1,1119,1108,1109,-1,1119,1109,1120,-1,1120,1109,1110,-1,1120,1110,1121,-1,1121,1110,1111,-1,1121,1111,1122,-1,1122,1111,1112,-1,1122,1112,1123,-1,1123,1112,1113,-1,1123,1113,1124,-1,1071,1074,1072,-1,1072,1074,1114,-1,1072,1114,1125,-1,1125,1114,1115,-1,1125,1115,1126,-1,1126,1115,1116,-1,1126,1116,1127,-1,1127,1116,1117,-1,1127,1117,1128,-1,1128,1117,1118,-1,1128,1118,1129,-1,1129,1118,1119,-1,1129,1119,1130,-1,1130,1119,1120,-1,1130,1120,1131,-1,1131,1120,1121,-1,1131,1121,1132,-1,1132,1121,1122,-1,1132,1122,1133,-1,1133,1122,1123,-1,1133,1123,1134,-1,1134,1123,1124,-1,1134,1124,1135,-1,1069,1072,1070,-1,1070,1072,1125,-1,1070,1125,1136,-1,1136,1125,1126,-1,1136,1126,1137,-1,1137,1126,1127,-1,1137,1127,1138,-1,1138,1127,1128,-1,1138,1128,1139,-1,1139,1128,1129,-1,1139,1129,1140,-1,1140,1129,1130,-1,1140,1130,1141,-1,1141,1130,1131,-1,1141,1131,1142,-1,1142,1131,1132,-1,1142,1132,1143,-1,1143,1132,1133,-1,1143,1133,1144,-1,1144,1133,1134,-1,1144,1134,1145,-1,1145,1134,1135,-1,1145,1135,1146,-1,1068,1070,1147,-1,1147,1070,1136,-1,1147,1136,1148,-1,1148,1136,1137,-1,1148,1137,1149,-1,1149,1137,1138,-1,1149,1138,1150,-1,1150,1138,1139,-1,1150,1139,1151,-1,1151,1139,1140,-1,1151,1140,1152,-1,1152,1140,1141,-1,1152,1141,1153,-1,1153,1141,1142,-1,1153,1142,1154,-1,1154,1142,1143,-1,1154,1143,1155,-1,1155,1143,1144,-1,1155,1144,1156,-1,1156,1144,1145,-1,1156,1145,1157,-1,1157,1145,1146,-1,1157,1146,1158,-1,1159,1160,1161,-1,1160,1162,1163,-1,1162,1164,1165,-1,1164,1166,1167,-1,1166,1168,1169,-1,1168,1170,1171,-1,1168,1171,1169,-1,1169,1171,1172,-1,1169,1172,1173,-1,1173,1172,1174,-1,1173,1174,1175,-1,1175,1174,1176,-1,1175,1176,1177,-1,1177,1176,1178,-1,1177,1178,1179,-1,1179,1178,1180,-1,1179,1180,1181,-1,1181,1180,1182,-1,1181,1182,1183,-1,1183,1182,1184,-1,1183,1184,1185,-1,1185,1184,1186,-1,1185,1186,1187,-1,1187,1186,1188,-1,1187,1188,1189,-1,1189,1188,1190,-1,1189,1190,1191,-1,1191,1190,1192,-1,1191,1192,1193,-1,1166,1169,1167,-1,1167,1169,1173,-1,1167,1173,1194,-1,1194,1173,1175,-1,1194,1175,1195,-1,1195,1175,1177,-1,1195,1177,1196,-1,1196,1177,1179,-1,1196,1179,1197,-1,1197,1179,1181,-1,1197,1181,1198,-1,1198,1181,1183,-1,1198,1183,1199,-1,1199,1183,1185,-1,1199,1185,1200,-1,1200,1185,1187,-1,1200,1187,1201,-1,1201,1187,1189,-1,1201,1189,1202,-1,1202,1189,1191,-1,1202,1191,1203,-1,1203,1191,1193,-1,1203,1193,1204,-1,1164,1167,1165,-1,1165,1167,1194,-1,1165,1194,1205,-1,1205,1194,1195,-1,1205,1195,1206,-1,1206,1195,1196,-1,1206,1196,1207,-1,1207,1196,1197,-1,1207,1197,1208,-1,1208,1197,1198,-1,1208,1198,1209,-1,1209,1198,1199,-1,1209,1199,1210,-1,1210,1199,1200,-1,1210,1200,1211,-1,1211,1200,1201,-1,1211,1201,1212,-1,1212,1201,1202,-1,1212,1202,1213,-1,1213,1202,1203,-1,1213,1203,1214,-1,1214,1203,1204,-1,1214,1204,1215,-1,1162,1165,1163,-1,1163,1165,1205,-1,1163,1205,1216,-1,1216,1205,1206,-1,1216,1206,1217,-1,1217,1206,1207,-1,1217,1207,1218,-1,1218,1207,1208,-1,1218,1208,1219,-1,1219,1208,1209,-1,1219,1209,1220,-1,1220,1209,1210,-1,1220,1210,1221,-1,1221,1210,1211,-1,1221,1211,1222,-1,1222,1211,1212,-1,1222,1212,1223,-1,1223,1212,1213,-1,1223,1213,1224,-1,1224,1213,1214,-1,1224,1214,1225,-1,1225,1214,1215,-1,1225,1215,1226,-1,1160,1163,1161,-1,1161,1163,1216,-1,1161,1216,1227,-1,1227,1216,1217,-1,1227,1217,1228,-1,1228,1217,1218,-1,1228,1218,1229,-1,1229,1218,1219,-1,1229,1219,1230,-1,1230,1219,1220,-1,1230,1220,1231,-1,1231,1220,1221,-1,1231,1221,1232,-1,1232,1221,1222,-1,1232,1222,1233,-1,1233,1222,1223,-1,1233,1223,1234,-1,1234,1223,1224,-1,1234,1224,1235,-1,1235,1224,1225,-1,1235,1225,1236,-1,1236,1225,1226,-1,1236,1226,1237,-1,1159,1161,1238,-1,1238,1161,1227,-1,1238,1227,1239,-1,1239,1227,1228,-1,1239,1228,1240,-1,1240,1228,1229,-1,1240,1229,1241,-1,1241,1229,1230,-1,1241,1230,1242,-1,1242,1230,1231,-1,1242,1231,1243,-1,1243,1231,1232,-1,1243,1232,1244,-1,1244,1232,1233,-1,1244,1233,1245,-1,1245,1233,1234,-1,1245,1234,1246,-1,1246,1234,1235,-1,1246,1235,1247,-1,1247,1235,1236,-1,1247,1236,1248,-1,1248,1236,1237,-1,1248,1237,1249,-1,1250,1251,1252,-1,1250,1252,1253,-1,1253,1252,1254,-1,1253,1254,1255,-1,1255,1254,1256,-1,1255,1256,1257,-1,1257,1256,1258,-1,1257,1258,1259,-1,1259,1258,1260,-1,1259,1260,1261,-1,1262,1263,1264,-1,1262,1264,1265,-1,1265,1264,1266,-1,1265,1266,1267,-1,1267,1266,1268,-1,1267,1268,1269,-1,1269,1268,1270,-1,1269,1270,1271,-1,
        ]
    }
}
Shape{
    appearance Appearance {
        material  Material 	{
            diffuseColor 0.6666666666666666 0.6666666666666666 0.6666666666666666
            specularColor 0.4666666666666667 0.4666666666666667 0.4666666666666667
            ambientIntensity 0.6667
            transparency 0.0
            shininess 0.5
        }
    }
    geometry IndexedFaceSet {
        ccw TRUE
        solid FALSE
        coord DEF co Coordinate {
            point [
                2.2146 -1.1147 -1.0829, 2.2146 -1.4611 -1.0829, 2.2128 -1.4611 -1.1016, 2.2128 -1.1147 -1.1016, 2.2075 -1.4611 -1.1195, 2.2075 -1.1147 -1.1195, 2.2146 1.4444 -1.0829, 2.2146 1.0979 -1.0829, 2.2128 1.0979 -1.1016, 2.2128 1.4444 -1.1016, 2.2075 1.0979 -1.1195, 2.2075 1.4444 -1.1195
            ]
        }
        coordIndex [
            0,1,2,-1,0,2,3,-1,3,2,4,-1,3,4,5,-1,6,7,8,-1,6,8,9,-1,9,8,10,-1,9,10,11,-1,
        ]
    }
}
Shape{
    appearance Appearance {
        material  Material 	{
            diffuseColor 0.20784313725490197 0.20784313725490197 0.20784313725490197
            specularColor 0.01568627450980392 0.01568627450980392 0.01568627450980392
            ambientIntensity 0.298
            transparency 0.0
            shininess 0.5
        }
    }
    geometry IndexedFaceSet {
        ccw TRUE
        solid FALSE
        coord DEF co Coordinate {
            point [
                0.5709 1.2795 0.3344, 0.5709 1.2795 0.7871, 0.5578 1.158 0.7871, 0.3204 0.8071 1.038, 0.2729 0.7781 1.038, 0.3204 0.8071 0.9249, 0.2729 0.7781 0.3344, 0.3733 0.8477 0.9249, 0.3733 0.8477 0.3344, 0.4567 0.937 0.3344, 0.4567 0.937 0.9249, 0.5191 1.0421 0.3344, 0.5191 1.0421 0.9249, 0.554 1.1417 0.9249, 0.554 1.1417 0.7871, 0.5578 1.158 0.3344, 0.5709 1.2795 1.038, 0.5697 1.2426 1.038, 0.5709 1.2795 0.9804, 0.1906 0.6398 0.3344, 0.1906 0.6398 0.7478, 0.1943 0.6062 0.3344, 0.1943 0.6062 0.7478, 0.2049 0.5743 0.3344, 0.2049 0.5743 0.7478, 0.2221 0.5453 0.3344, 0.2221 0.5453 0.7478, 0.2451 0.5206 0.3344, 0.2451 0.5206 0.7478, 0.2729 0.5014 0.3344, 0.2729 0.5014 0.7478, 0.1906 -0.6398 0.3344, 0.1906 -0.6398 0.7478, 0.1943 -0.6733 0.3344, 0.1943 -0.6733 0.7478, 0.2049 -0.7053 0.3344, 0.2049 -0.7053 0.7478, 0.2221 -0.7342 0.3344, 0.2221 -0.7342 0.7478, 0.2451 -0.7589 0.3344, 0.2451 -0.7589 0.7478, 0.2729 -0.7781 0.3344, 0.2719 -0.7776 0.7478, 0.2729 -0.7781 1.038, 0.2719 -0.7776 1.038, 0.5578 -1.158 0.7871, 0.5709 -1.2795 0.7871, 0.5578 -1.158 0.3344, 0.5709 -1.2795 0.3344, 0.5191 -1.0421 0.9249, 0.554 -1.1417 0.9249, 0.554 -1.1417 0.7871, 0.5191 -1.0421 0.3344, 0.4567 -0.937 0.3344, 0.4567 -0.937 0.9249, 0.3733 -0.8477 0.3344, 0.3733 -0.8477 0.9249, 0.3204 -0.8071 1.038, 0.3204 -0.8071 0.9249, 1.3514 0.2855 1.0137, 1.3517 0.2863 1.038, 1.3358 0.2899 1.038, 1.4632 0.2312 0.8452, 1.4782 0.2174 0.8235, 1.4787 0.2179 1.038, 1.526 0.1627 1.038, 1.4952 0.2017 0.799, 1.5035 0.1924 0.7871, 1.4194 0.26 1.038, 1.3831 0.2765 0.9646, 1.4192 0.2596 0.9101, 1.426 0.2564 0.8998, 1.5748 -0.0 0.2753, 1.5748 -0.0 1.038, 1.5736 0.0265 0.2753, 1.5736 0.0265 1.038, 1.5582 0.0975 0.2753, 1.5582 0.0975 1.038, 1.526 0.1627 0.2753, 0.9843 -0.0 0.7871, 0.9843 -0.0 0.2753, 0.9854 0.0265 0.7871, 0.9854 0.0265 0.2753, 1.0008 0.0975 0.7871, 1.0008 0.0975 0.2753, 1.0331 0.1627 0.7871, 1.0331 0.1627 0.2753, 1.0803 0.2179 0.7871, 1.0803 0.2179 0.2753, 1.1396 0.26 0.7871, 1.1396 0.26 0.2753, 1.2074 0.2863 0.7871, 1.2074 0.2863 0.2753, 1.2795 0.2953 0.7871, 1.2795 0.2953 0.2753, 1.3517 0.2863 0.7871, 1.3517 0.2863 0.2753, 1.4194 0.26 0.7871, 1.4194 0.26 0.2753, 1.4787 0.2179 0.7871, 1.4787 0.2179 0.2753, 1.1417 -0.0 0.3147, 1.1417 -0.0 0.2753, 1.1464 -0.0357 0.2753, 1.1464 -0.0357 0.3147, 1.1602 -0.0689 0.2753, 1.1602 -0.0689 0.3147, 1.1821 -0.0974 0.2753, 1.1821 -0.0974 0.3147, 1.2106 -0.1193 0.2753, 1.2106 -0.1193 0.3147, 1.2439 -0.1331 0.2753, 1.2439 -0.1331 0.3147, 1.2795 -0.1378 0.2753, 1.2795 -0.1378 0.3147, 1.3152 -0.1331 0.2753, 1.3152 -0.1331 0.3147, 1.3484 -0.1193 0.2753, 1.3484 -0.1193 0.3147, 1.377 -0.0974 0.2753, 1.377 -0.0974 0.3147, 1.3989 -0.0689 0.2753, 1.3989 -0.0689 0.3147, 1.4126 -0.0357 0.2753, 1.4126 -0.0357 0.3147, 1.4173 -0.0 0.2753, 1.4173 -0.0 0.3147, 0.1578 -1.1378 1.4055, 0.0919 -1.1378 1.417, 0.2899 -1.3358 1.038, -0.1992 -1.4974 0.7958, -0.1924 -1.5035 0.7871, -0.122 -1.5108 0.7871, -1.1378 -0.3169 1.3511, -1.1377 -0.2323 1.3846, -1.3358 -0.2899 1.038, -1.4942 0.2028 0.8004, -1.5035 0.1924 0.7871, -1.5047 0.1827 0.7871, -0.0681 1.1378 1.4207, 0.0 1.1378 1.424, 0.0 1.5157 0.7871, 0.8981 1.1625 0.8659, 0.9314 1.1958 0.7871, 0.9106 1.2118 0.7871, 1.4783 -0.2175 0.8233, 1.5035 -0.1924 0.7871, 1.5145 -0.061 0.7871, 0.3271 -1.3272 1.038, 0.5358 -1.2575 1.038, 0.463 -1.0866 1.3511, 0.5048 -1.0646 1.3511, 0.5697 -1.2426 1.038, 0.6313 -0.9983 1.3511, 0.5709 -1.2795 0.9804, 0.8101 -1.2811 0.7871, 0.9314 -1.1958 0.7871, 0.8981 -1.1625 0.8659, 0.6786 -0.9626 1.3511, 0.9741 -1.0996 0.8659, 0.7832 -0.8841 1.3511, 0.8326 -0.8327 1.3511, 1.1379 -0.9291 0.8659, 0.9149 -0.747 1.3511, 0.9622 -0.6785 1.3511, 1.1624 -0.8982 0.8659, 1.0229 -0.5906 1.3511, 1.3127 -0.7579 0.7871, 1.4102 -0.5557 0.7871, 1.3817 -0.5606 0.8285, 1.3428 -0.5674 0.885, 1.276 -0.5709 0.9858, 1.2426 -0.5697 1.038, 1.2781 -0.4847 1.038, 1.0637 -0.5045 1.3511, 1.1957 -0.9315 0.7871, 1.3358 -0.2899 1.038, 1.1378 -0.3169 1.3511, 1.1043 -0.4188 1.3511, 1.3514 -0.2864 1.0135, 1.1378 -0.2322 1.3845, 1.1378 -0.2323 1.3845, 1.1378 -0.0685 1.4206, 1.1378 -0.149 1.4077, 1.4191 -0.2594 0.9102, 1.3517 -0.2863 1.0131, 1.3711 -0.2797 0.9833, 1.3966 -0.2711 0.944, 1.1378 -0.0459 1.4215, 1.433 -0.2523 0.8895, 1.4712 -0.2246 0.8335, 1.1378 0.0099 1.4239, 1.1378 0.0882 1.4181, 1.1378 0.1382 1.4087, 1.5047 0.1827 0.7871, 1.1378 0.3169 1.3511, 1.1378 0.2481 1.379, 1.1378 0.1675 1.4032, 1.1345 0.3286 1.3511, 1.3129 0.3803 1.038, 1.0671 0.5062 1.3511, 1.2426 0.5697 1.038, 1.0671 0.5063 1.3511, 1.3134 0.5699 0.9287, 1.3818 0.5614 0.8279, 1.3694 0.6498 0.7871, 1.3851 0.561 0.8231, 1.4102 0.5557 0.7871, 1.2474 0.861 0.7871, 1.1958 0.9314 0.7871, 1.1625 0.8981 0.8659, 1.0595 1.0176 0.8659, 0.9646 0.6801 1.3511, 0.972 0.6709 1.3511, 0.7044 1.3421 0.7871, 0.5557 1.4102 0.7871, 0.5674 1.3428 0.8849, 0.5686 1.3205 0.9185, 0.4329 1.2966 1.038, 0.505 1.0645 1.3511, 0.5489 1.0458 1.3511, 0.6794 0.9633 1.3511, 0.7095 0.9442 1.3511, 0.8341 0.8339 1.3511, 0.8518 0.8182 1.3511, 0.2899 1.3358 1.038, 0.3169 1.1378 1.3511, 0.374 1.1203 1.3511, 0.2864 1.3514 1.0135, 0.185 1.1378 1.3977, 0.2323 1.1378 1.3845, 0.2778 1.3767 0.9746, 0.2711 1.3966 0.944, 0.2523 1.433 0.8895, 0.2363 1.4551 0.8571, 0.2246 1.4712 0.8335, 0.1988 1.4971 0.7963, 0.1924 1.5035 0.7871, 0.2459 1.4418 0.8766, 0.149 1.1378 1.4077, 0.0685 1.1378 1.4206, -0.1924 1.5035 0.7871, -0.1988 1.4971 0.7963, -0.2244 1.4715 0.8331, -0.2363 1.4551 0.857, -0.271 1.3968 0.9437, -0.2779 1.3768 0.9745, -0.185 1.1378 1.3977, -0.251 1.435 0.8865, -0.1481 1.1378 1.4079, -0.246 1.4419 0.8764, -0.2858 1.3538 1.0097, -0.2899 1.3358 1.038, -0.2319 1.1378 1.3847, -0.3169 1.1378 1.3511, -0.5697 1.2426 1.038, -0.5709 1.2795 0.9804, -0.7044 1.3421 0.7871, -0.5686 1.3205 0.9185, -0.5675 1.3417 0.8865, -0.5557 1.4102 0.7871, -0.9106 1.2118 0.7871, -0.9314 1.1958 0.7871, -0.8981 1.1625 0.8659, -0.374 1.1203 1.3511, -0.4329 1.2966 1.038, -0.505 1.0645 1.3511, -0.5489 1.0458 1.3511, -0.6794 0.9633 1.3511, -0.7095 0.9442 1.3511, -0.8341 0.8339 1.3511, -1.0595 1.0176 0.8659, -0.8518 0.8182 1.3511, -0.9646 0.6801 1.3511, -1.1625 0.8981 0.8659, -0.972 0.6709 1.3511, -1.3119 0.5699 0.9311, -1.2426 0.5697 1.038, -1.3694 0.6498 0.7871, -1.4102 0.5557 0.7871, -1.3818 0.5615 0.8279, -1.3781 0.5623 0.8332, -1.3129 0.3803 1.038, -1.0671 0.5062 1.3511, -1.0671 0.5063 1.3511, -1.2474 0.861 0.7871, -1.1958 0.9314 0.7871, -1.1378 0.1693 1.403, -1.1378 0.2488 1.3788, -1.3358 0.2899 1.038, -1.1378 0.3169 1.3511, -1.1345 0.3286 1.3511, -1.3842 0.2761 0.9629, -1.4193 0.2596 0.91, -1.1378 0.1382 1.4089, -1.3514 0.2854 1.0138, -1.4252 0.2568 0.901, -1.4623 0.232 0.8465, -1.4782 0.2174 0.8234, -1.1378 0.0908 1.418, -1.5145 -0.061 0.7871, -1.1379 0.0119 1.4239, -1.1378 -0.0459 1.4217, -1.5035 -0.1924 0.7871, -1.4783 -0.2176 0.8232, -1.4715 -0.2244 0.8331, -1.4191 -0.2594 0.9103, -1.1377 -0.2311 1.3851, -1.1377 -0.1474 1.4082, -1.435 -0.251 0.8865, -1.1378 -0.0671 1.4208, -1.3517 -0.2863 1.0132, -1.3968 -0.271 0.9437, -1.3713 -0.2798 0.983, -1.3538 -0.2858 1.0097, -1.1043 -0.4188 1.3511, -1.2781 -0.4847 1.038, -1.0637 -0.5045 1.3511, -1.2426 -0.5697 1.038, -1.0229 -0.5906 1.3511, -1.2689 -0.5708 0.9968, -1.3127 -0.7579 0.7871, -1.3416 -0.5675 0.8867, -1.3817 -0.5606 0.8285, -1.4102 -0.5557 0.7871, -1.1957 -0.9315 0.7871, -1.1624 -0.8982 0.8659, -0.9622 -0.6785 1.3511, -1.1379 -0.9291 0.8659, -0.9149 -0.747 1.3511, -0.8326 -0.8327 1.3511, -0.9741 -1.0996 0.8659, -0.7832 -0.8841 1.3511, -0.6786 -0.9626 1.3511, -0.8981 -1.1625 0.8659, -0.6313 -0.9983 1.3511, -0.8101 -1.2811 0.7871, -0.5709 -1.2795 0.9804, -0.5697 -1.2426 1.038, -0.5358 -1.2575 1.038, -0.5048 -1.0646 1.3511, -0.9314 -1.1958 0.7871, -0.3271 -1.3272 1.038, -0.3169 -1.1378 1.3511, -0.463 -1.0866 1.3511, -0.0919 -1.1378 1.4172, -0.1578 -1.1378 1.4058, -0.2899 -1.3358 1.038, -0.237 -1.1378 1.383, -0.2806 -1.1378 1.3656, -0.2782 -1.3769 0.9742, -0.2761 -1.3842 0.9629, -0.2568 -1.4252 0.901, -0.2458 -1.4417 0.8767, -0.232 -1.4623 0.8465, -0.2028 -1.4942 0.8004, 0.0786 -1.1378 1.4193, 0.122 -1.5108 0.7871, 0.0 -1.1378 1.424, -0.0792 -1.1379 1.4194, 0.2783 -1.3769 0.9742, 0.1924 -1.5035 0.7871, 0.1992 -1.4974 0.7958, 0.2017 -1.4952 0.799, 0.2312 -1.4632 0.8452, 0.2457 -1.4417 0.8767, 0.2564 -1.426 0.8998, 0.2765 -1.3831 0.9646, 0.3169 -1.1378 1.3511, 0.2806 -1.1378 1.3656, 0.2383 -1.1378 1.3824, -0.5557 -1.4102 0.7871, -0.5667 -1.3485 0.8765, -0.5941 -1.3945 0.7871, -0.5676 -1.3329 0.9, -0.5684 -1.3205 0.9186, 0.5684 -1.3205 0.9187, 0.5676 -1.3328 0.9001, 0.5941 -1.3945 0.7871, 0.5666 -1.3494 0.8751, 0.5557 -1.4102 0.7871, 1.0512 0.0 0.6415, 1.0512 0.0 0.7871, 1.059 0.0591 0.7871, 1.059 0.0591 0.6415, 1.0818 0.1142 0.7871, 1.0818 0.1142 0.6415, 1.1181 0.1615 0.7871, 1.1181 0.1615 0.6415, 1.1654 0.1978 0.7871, 1.1654 0.1978 0.6415, 1.2204 0.2206 0.7871, 1.2204 0.2206 0.6415, 1.2795 0.2283 0.7871, 1.2795 0.2283 0.6415, 1.3386 0.2206 0.7871, 1.3386 0.2206 0.6415, 1.3937 0.1978 0.7871, 1.3937 0.1978 0.6415, 1.441 0.1615 0.7871, 1.441 0.1615 0.6415, 1.4773 0.1142 0.7871, 1.4773 0.1142 0.6415, 1.5001 0.0591 0.7871, 1.5001 0.0591 0.6415, 1.5079 0.0 0.7871, 1.5079 0.0 0.6415, 1.0665 0.0591 0.5844, 1.0885 0.1142 0.5903, 1.1236 0.1615 0.5997, 1.1692 0.1978 0.6119, 1.3366 0.2206 0.6262, 1.3307 0.2206 0.6119, 1.3091 0.2206 0.5903, 1.2948 0.2206 0.5844, 1.3213 0.2206 0.5997, 1.2642 0.2206 0.5844, 1.25 0.2206 0.5903, 1.2795 0.2206 0.5824, 1.2283 0.2206 0.6119, 1.2224 0.2206 0.6262, 1.2377 0.2206 0.5997, 1.1807 0.1978 0.5844, 1.1988 0.1978 0.5607, 1.2224 0.1978 0.5426, 1.25 0.1978 0.5312, 1.2795 0.1978 0.5273, 1.3091 0.1978 0.5312, 1.3366 0.1978 0.5426, 1.3603 0.1978 0.5607, 1.3784 0.1978 0.5844, 1.3898 0.1978 0.6119, 1.1397 0.1615 0.5607, 1.1654 0.1615 0.5273, 1.1988 0.1615 0.5016, 1.2377 0.1615 0.4855, 1.2795 0.1615 0.48, 1.3213 0.1615 0.4855, 1.3603 0.1615 0.5016, 1.3937 0.1615 0.5273, 1.4194 0.1615 0.5607, 1.4355 0.1615 0.5997, 1.1083 0.1142 0.5426, 1.1397 0.1142 0.5016, 1.1807 0.1142 0.4702, 1.2283 0.1142 0.4505, 1.2795 0.1142 0.4437, 1.3307 0.1142 0.4505, 1.3784 0.1142 0.4702, 1.4194 0.1142 0.5016, 1.4508 0.1142 0.5426, 1.4705 0.1142 0.5903, 1.0885 0.0591 0.5312, 1.1236 0.0591 0.4855, 1.1692 0.0591 0.4505, 1.2224 0.0591 0.4284, 1.2795 0.0591 0.4209, 1.3366 0.0591 0.4284, 1.3898 0.0591 0.4505, 1.4355 0.0591 0.4855, 1.4705 0.0591 0.5312, 1.4926 0.0591 0.5844, 1.059 0.0 0.5824, 1.0818 0.0 0.5273, 1.1181 0.0 0.48, 1.1654 0.0 0.4437, 1.2204 0.0 0.4209, 1.2795 0.0 0.4131, 1.3386 0.0 0.4209, 1.3937 0.0 0.4437, 1.441 0.0 0.48, 1.4773 0.0 0.5273, 1.5001 0.0 0.5824, 0.6207 -0.4272 3.8383, 0.6207 -0.6201 3.8383, 0.6207 -0.4272 2.3816, 0.6207 -0.6201 2.3029, 0.6207 0.4272 2.3816, 0.6207 0.6201 2.3029, 0.6207 0.4272 3.8383, 0.6207 0.6201 3.8383, 0.5459 -0.4272 2.3816, 0.5459 -0.4272 3.8974, 0.5617 -0.4272 3.8974, 0.5459 0.4272 2.3816, 0.5459 0.4272 3.8974, 0.5617 0.4272 3.8974, 0.5459 -0.2854 2.8344, 0.5459 0.2854 2.8344, 0.5459 0.2854 2.421, 0.5459 -0.2854 2.421, 0.416 0.2854 2.8344, 0.416 0.2854 2.421, 0.416 -0.2854 2.8344, 0.416 -0.2854 2.421, 0.5617 -0.561 3.8974, 0.5617 0.561 3.8974, 1.3366 -0.2206 0.6262, 1.3386 -0.2206 0.6415, 1.2795 -0.2283 0.6415, 1.3307 -0.2206 0.6119, 1.3213 -0.2206 0.5997, 1.3091 -0.2206 0.5903, 1.2948 -0.2206 0.5844, 1.2795 -0.2206 0.5824, 1.2642 -0.2206 0.5844, 1.25 -0.2206 0.5903, 1.2377 -0.2206 0.5997, 1.2283 -0.2206 0.6119, 1.2224 -0.2206 0.6262, 1.2204 -0.2206 0.6415, 1.1654 -0.1978 0.6415, 1.1692 -0.1978 0.6119, 1.1181 -0.1615 0.6415, 1.1236 -0.1615 0.5997, 1.0818 -0.1142 0.6415, 1.0885 -0.1142 0.5903, 1.059 -0.0591 0.6415, 1.0665 -0.0591 0.5844, 1.0885 -0.0591 0.5312, 1.1236 -0.0591 0.4855, 1.1692 -0.0591 0.4505, 1.2224 -0.0591 0.4284, 1.2795 -0.0591 0.4209, 1.3366 -0.0591 0.4284, 1.3898 -0.0591 0.4505, 1.4355 -0.0591 0.4855, 1.4705 -0.0591 0.5312, 1.4926 -0.0591 0.5844, 1.5001 -0.0591 0.6415, 1.1083 -0.1142 0.5426, 1.1397 -0.1142 0.5016, 1.1807 -0.1142 0.4702, 1.2283 -0.1142 0.4505, 1.2795 -0.1142 0.4437, 1.3307 -0.1142 0.4505, 1.3784 -0.1142 0.4702, 1.4194 -0.1142 0.5016, 1.4508 -0.1142 0.5426, 1.4705 -0.1142 0.5903, 1.4773 -0.1142 0.6415, 1.1397 -0.1615 0.5607, 1.1654 -0.1615 0.5273, 1.1988 -0.1615 0.5016, 1.2377 -0.1615 0.4855, 1.2795 -0.1615 0.48, 1.3213 -0.1615 0.4855, 1.3603 -0.1615 0.5016, 1.3937 -0.1615 0.5273, 1.4194 -0.1615 0.5607, 1.4355 -0.1615 0.5997, 1.441 -0.1615 0.6415, 1.1807 -0.1978 0.5844, 1.1988 -0.1978 0.5607, 1.2224 -0.1978 0.5426, 1.25 -0.1978 0.5312, 1.2795 -0.1978 0.5273, 1.3091 -0.1978 0.5312, 1.3366 -0.1978 0.5426, 1.3603 -0.1978 0.5607, 1.3784 -0.1978 0.5844, 1.3898 -0.1978 0.6119, 1.3937 -0.1978 0.6415, 1.1378 -0.3169 2.3029, 1.0671 -0.5062 2.3029, 0.9653 -0.6806 2.3029, 0.8352 -0.8352 2.3029, 0.6806 -0.9653 2.3029, 0.5062 -1.0671 2.3029, 0.3169 -1.1378 2.3029, 0.3169 1.1378 2.3029, 0.5062 1.0671 2.3029, 0.6806 0.9653 2.3029, 0.8352 0.8352 2.3029, 0.9653 0.6806 2.3029, 1.0671 0.5062 2.3029, 1.1378 0.3169 2.3029, 1.1417 0.554 0.9249, 1.1417 0.5811 0.9249, 1.1417 0.554 0.7871, 1.1417 0.5811 0.7871, 0.5811 1.1417 0.7871, 0.5811 1.1417 0.9249, 1.1417 -0.5877 0.7871, 1.1417 -0.5877 0.9249, 1.1417 -0.554 0.7871, 1.1417 -0.554 0.9249, 0.5877 -1.1417 0.7871, 0.5877 -1.1417 0.9249, 1.1047 -1.3691 0.8659, 1.369 -1.1048 0.8659, 1.1047 -1.3691 0.7871, 1.369 -1.1048 0.7871, 1.1088 1.3733 0.8659, 1.3733 1.1088 0.8659, 1.1088 1.3733 0.7871, 1.3733 1.1088 0.7871, 1.5001 -0.0591 0.7871, 1.4773 -0.1142 0.7871, 1.441 -0.1615 0.7871, 1.3937 -0.1978 0.7871, 1.3386 -0.2206 0.7871, 1.2795 -0.2283 0.7871, 1.2204 -0.2206 0.7871, 1.1654 -0.1978 0.7871, 1.1181 -0.1615 0.7871, 1.0818 -0.1142 0.7871, 1.059 -0.0591 0.7871, 0.8071 -0.8071 0.9249, 0.8071 -0.3204 0.9249, 0.8578 -0.3848 0.9249, 1.097 -0.5409 0.9249, 0.9675 -0.478 0.9249, 0.8071 -0.3204 1.038, 0.8071 -0.8071 1.2202, 0.8071 0.3204 1.038, 0.8071 0.8071 1.2202, 0.8071 0.3204 0.9249, 0.8071 0.8071 0.9249, 0.9854 -0.0265 0.7871, 1.4787 -0.2179 0.7871, 1.4194 -0.26 0.7871, 1.3517 -0.2863 0.7871, 1.2795 -0.2953 0.7871, 1.2074 -0.2863 0.7871, 1.1396 -0.26 0.7871, 1.0803 -0.2179 0.7871, 1.0331 -0.1627 0.7871, 1.0008 -0.0975 0.7871, 1.2381 -0.5694 0.7871, 1.3819 -0.5616 0.7871, 0.5694 -1.3206 0.7871, 0.5694 1.3206 0.7871, 1.2381 0.5694 0.7871, 1.3819 0.5616 0.7871, 0.8578 0.3848 0.9249, 0.9675 0.478 0.9249, 1.097 0.5409 0.9249, 1.1464 0.0357 0.2753, 1.5736 -0.0265 0.2753, 0.9854 -0.0265 0.2753, 1.0008 -0.0975 0.2753, 1.0331 -0.1627 0.2753, 1.0803 -0.2179 0.2753, 1.1396 -0.26 0.2753, 1.2074 -0.2863 0.2753, 1.2795 -0.2953 0.2753, 1.3517 -0.2863 0.2753, 1.4194 -0.26 0.2753, 1.4787 -0.2179 0.2753, 1.526 -0.1627 0.2753, 1.5582 -0.0975 0.2753, 1.4126 0.0357 0.2753, 1.3989 0.0689 0.2753, 1.377 0.0974 0.2753, 1.3484 0.1193 0.2753, 1.3152 0.1331 0.2753, 1.2795 0.1378 0.2753, 1.2439 0.1331 0.2753, 1.2106 0.1193 0.2753, 1.1821 0.0974 0.2753, 1.1602 0.0689 0.2753, 1.4126 0.0357 0.3147, 1.3989 0.0689 0.3147, 1.377 0.0974 0.3147, 1.3484 0.1193 0.3147, 1.3152 0.1331 0.3147, 1.2795 0.1378 0.3147, 1.2439 0.1331 0.3147, 1.2106 0.1193 0.3147, 1.1821 0.0974 0.3147, 1.1602 0.0689 0.3147, 1.1464 0.0357 0.3147, 0.2692 -1.2288 0.2759, 0.2759 -1.2879 0.2753, 0.2727 -1.2288 0.2764, 0.2756 -1.2288 0.2753, 0.2732 -1.2288 0.2753, 0.2756 -1.3469 0.2753, 0.2727 -1.3469 0.2764, 0.2692 -1.3469 0.2759, 0.2722 -1.3469 0.2753, 0.7781 -0.2729 1.038, 0.7281 0.2178 1.038, 0.7781 0.2729 1.038, 0.7564 0.2423 1.038, 0.6949 0.2006 1.038, 0.6706 0.1937 1.038, 0.6706 -0.1937 1.038, 0.6949 -0.2006 1.038, 0.7281 -0.2178 1.038, 0.7564 -0.2423 1.038, 1.3517 -0.2863 1.038, 1.4194 -0.26 1.038, 1.4787 -0.2179 1.038, 1.526 -0.1627 1.038, 1.5582 -0.0975 1.038, 1.5736 -0.0265 1.038, 0.5709 -1.2795 1.038, 0.2729 -0.5014 0.3344, 0.2729 -0.5014 0.7478, 0.2451 -0.5206 0.3344, 0.2451 -0.5206 0.7478, 0.2221 -0.5453 0.3344, 0.2221 -0.5453 0.7478, 0.2049 -0.5743 0.3344, 0.2049 -0.5743 0.7478, 0.1943 -0.6062 0.3344, 0.1943 -0.6062 0.7478, 0.5014 -0.2729 0.3344, 0.5014 -0.2729 0.7478, 0.4404 -0.3633 0.7478, 0.4404 -0.3633 0.3344, 0.3633 -0.4404 0.7478, 0.3633 -0.4404 0.3344, 0.6706 -0.1937 0.7478, 0.7781 -0.2729 0.3344, 0.7564 -0.2423 0.3344, 0.7281 -0.2178 0.3344, 0.6949 -0.2006 0.3344, 0.5231 -0.2423 0.7478, 0.5231 -0.2423 0.3344, 0.5514 -0.2178 0.7478, 0.5514 -0.2178 0.3344, 0.5847 -0.2006 0.7478, 0.5847 -0.2006 0.3344, 0.621 -0.1918 0.7478, 0.621 -0.1918 0.3344, 0.6585 -0.1918 0.7478, 0.6585 -0.1918 0.3344, 1.3819 0.5616 1.038, 1.494 0.529 0.3423, 1.494 0.529 0.3344, 1.3819 0.5616 0.3344, 1.5191 0.5182 0.3423, 1.5191 0.5182 1.038, 1.2381 0.5694 0.3344, 1.097 0.5409 0.3344, 0.9675 0.478 0.3344, 0.8578 0.3848 0.3344, 0.7781 0.2729 0.3344, 1.6411 0.4418 0.3344, 1.6304 0.4503 0.3344, 1.6304 0.4503 0.3423, 1.5191 -0.5182 1.038, 1.5191 -0.5182 0.3423, 1.6411 -0.4418 1.038, 1.6304 -0.4503 0.3423, 1.3819 -0.5616 0.3344, 1.494 -0.529 0.3344, 1.494 -0.529 0.3423, 1.097 -0.5409 0.3344, 0.8578 -0.3848 0.3344, 0.9675 -0.478 0.3344, 1.2381 -0.5694 0.3344, 1.3819 -0.5616 1.038, 1.6411 0.4418 1.038, 1.7401 0.3373 1.038, 1.7401 0.3373 0.3344, 1.8098 0.2113 1.038, 1.8098 0.2113 0.3344, 1.8458 0.072 1.038, 1.8458 0.072 0.3344, 1.8458 -0.072 1.038, 1.8458 -0.072 0.3344, 1.8098 -0.2113 1.038, 1.8098 -0.2113 0.3344, 1.7401 -0.3373 1.038, 1.7401 -0.3373 0.3344, 1.6411 -0.4418 0.3344, 1.6304 -0.4503 0.3344, 0.6706 0.1937 0.7478, 0.5014 0.2729 0.3344, 0.5014 0.2729 0.7478, 0.5231 0.2423 0.3344, 0.5231 0.2423 0.7478, 0.5514 0.2178 0.3344, 0.5514 0.2178 0.7478, 0.5847 0.2006 0.3344, 0.5847 0.2006 0.7478, 0.621 0.1918 0.3344, 0.621 0.1918 0.7478, 0.6585 0.1918 0.3344, 0.6585 0.1918 0.7478, 0.6949 0.2006 0.3344, 0.7281 0.2178 0.3344, 0.7564 0.2423 0.3344, 0.3633 0.4404 0.7478, 0.3633 0.4404 0.3344, 0.4404 0.3633 0.7478, 0.4404 0.3633 0.3344, 0.2719 0.7776 1.038, 0.2719 0.7776 0.7478, 0.1943 0.6733 0.7478, 0.1943 0.6733 0.3344, 0.2049 0.7053 0.7478, 0.2049 0.7053 0.3344, 0.2221 0.7342 0.7478, 0.2221 0.7342 0.3344, 0.2451 0.7589 0.7478, 0.2451 0.7589 0.3344
            ]
        }
        coordIndex [
            0,1,2,-1,3,4,5,-1,5,4,6,-1,5,6,7,-1,6,8,7,-1,7,8,9,-1,7,9,10,-1,10,9,11,-1,10,11,12,-1,13,12,14,-1,14,12,11,-1,14,11,2,-1,2,11,15,-1,2,15,0,-1,16,17,18,-1,19,20,21,-1,21,20,22,-1,21,22,23,-1,23,22,24,-1,23,24,25,-1,25,24,26,-1,25,26,27,-1,27,26,28,-1,27,28,29,-1,29,28,30,-1,31,32,33,-1,33,32,34,-1,33,34,35,-1,35,34,36,-1,35,36,37,-1,37,36,38,-1,37,38,39,-1,39,38,40,-1,39,40,41,-1,41,40,42,-1,41,42,43,-1,43,42,44,-1,45,46,47,-1,47,46,48,-1,49,50,51,-1,45,47,51,-1,51,47,52,-1,51,52,49,-1,49,52,53,-1,49,53,54,-1,54,53,55,-1,54,55,56,-1,43,57,58,-1,56,55,58,-1,58,55,41,-1,58,41,43,-1,59,60,61,-1,62,63,64,-1,64,63,65,-1,65,63,66,-1,65,66,67,-1,60,59,68,-1,59,69,68,-1,68,69,70,-1,68,70,64,-1,64,70,71,-1,64,71,62,-1,72,73,74,-1,74,73,75,-1,74,75,76,-1,76,75,77,-1,76,77,78,-1,79,80,81,-1,81,80,82,-1,81,82,83,-1,83,82,84,-1,83,84,85,-1,85,84,86,-1,85,86,87,-1,87,86,88,-1,87,88,89,-1,89,88,90,-1,89,90,91,-1,91,90,92,-1,91,92,93,-1,93,92,94,-1,93,94,95,-1,95,94,96,-1,95,96,97,-1,97,96,98,-1,97,98,99,-1,99,98,100,-1,99,100,67,-1,67,100,78,-1,67,78,65,-1,65,78,77,-1,101,102,103,-1,101,103,104,-1,104,103,105,-1,104,105,106,-1,106,105,107,-1,106,107,108,-1,108,107,109,-1,108,109,110,-1,110,109,111,-1,110,111,112,-1,112,111,113,-1,112,113,114,-1,114,113,115,-1,114,115,116,-1,116,115,117,-1,116,117,118,-1,118,117,119,-1,118,119,120,-1,120,119,121,-1,120,121,122,-1,122,121,123,-1,122,123,124,-1,124,123,125,-1,124,125,126,-1,127,128,129,-1,130,131,132,-1,133,134,135,-1,136,137,138,-1,139,140,141,-1,142,143,144,-1,145,146,147,-1,148,149,150,-1,150,149,151,-1,151,149,152,-1,151,152,153,-1,152,154,155,-1,155,156,157,-1,152,155,153,-1,153,155,157,-1,153,157,158,-1,158,157,159,-1,158,159,160,-1,160,159,161,-1,161,159,162,-1,161,162,163,-1,163,162,164,-1,164,162,165,-1,164,165,166,-1,167,168,169,-1,169,170,167,-1,167,170,171,-1,167,171,172,-1,173,174,172,-1,172,174,166,-1,172,166,167,-1,167,166,165,-1,167,165,175,-1,176,177,173,-1,173,177,178,-1,173,178,174,-1,179,180,176,-1,176,180,181,-1,176,181,177,-1,182,183,184,-1,179,185,180,-1,180,185,186,-1,180,186,183,-1,183,186,187,-1,183,187,184,-1,182,184,188,-1,188,184,189,-1,188,189,190,-1,190,145,188,-1,188,145,147,-1,188,147,191,-1,191,147,192,-1,192,147,193,-1,193,147,194,-1,193,194,67,-1,67,66,193,-1,193,66,63,-1,193,63,62,-1,62,71,193,-1,193,71,70,-1,193,70,69,-1,61,195,196,-1,69,59,193,-1,193,59,61,-1,193,61,197,-1,197,61,196,-1,195,61,198,-1,198,61,199,-1,198,199,200,-1,200,199,201,-1,200,201,202,-1,203,204,205,-1,205,204,206,-1,205,206,207,-1,208,209,210,-1,211,212,210,-1,210,212,213,-1,210,213,208,-1,208,213,202,-1,208,202,205,-1,205,202,201,-1,205,201,203,-1,214,215,216,-1,216,217,214,-1,214,217,18,-1,214,18,17,-1,218,219,17,-1,17,219,220,-1,17,220,214,-1,214,220,221,-1,214,221,144,-1,144,221,222,-1,144,222,142,-1,142,222,223,-1,142,223,211,-1,211,223,224,-1,211,224,212,-1,225,226,218,-1,218,226,227,-1,218,227,219,-1,228,229,225,-1,225,229,230,-1,225,230,226,-1,228,231,229,-1,229,231,232,-1,229,232,233,-1,234,235,141,-1,141,235,236,-1,141,236,237,-1,233,238,229,-1,229,238,234,-1,229,234,239,-1,239,234,141,-1,239,141,240,-1,240,141,140,-1,241,242,141,-1,141,242,243,-1,141,243,244,-1,245,246,247,-1,245,247,248,-1,139,141,249,-1,249,141,244,-1,249,244,247,-1,247,244,250,-1,247,250,248,-1,246,251,247,-1,247,251,252,-1,247,252,253,-1,253,252,254,-1,255,256,257,-1,256,258,257,-1,257,258,259,-1,257,259,260,-1,261,262,263,-1,254,252,264,-1,264,252,265,-1,264,265,266,-1,266,265,255,-1,266,255,267,-1,267,255,257,-1,267,257,268,-1,268,257,261,-1,268,261,269,-1,269,261,263,-1,269,263,270,-1,270,263,271,-1,270,271,272,-1,272,271,273,-1,273,271,274,-1,273,274,275,-1,276,277,278,-1,279,280,278,-1,278,280,281,-1,278,281,276,-1,282,283,277,-1,277,283,284,-1,277,284,278,-1,278,284,275,-1,278,275,285,-1,285,275,274,-1,285,274,286,-1,287,288,289,-1,289,288,290,-1,289,290,282,-1,282,290,291,-1,282,291,283,-1,292,293,294,-1,287,289,294,-1,294,289,295,-1,294,295,292,-1,293,296,294,-1,294,296,297,-1,294,297,298,-1,298,136,294,-1,294,136,138,-1,294,138,299,-1,299,138,300,-1,299,300,301,-1,301,300,302,-1,300,303,302,-1,302,303,304,-1,302,304,305,-1,306,307,308,-1,305,309,302,-1,302,309,306,-1,302,306,310,-1,310,306,308,-1,135,134,311,-1,306,312,307,-1,307,312,313,-1,307,313,134,-1,134,313,314,-1,134,314,311,-1,133,135,315,-1,315,135,316,-1,315,316,317,-1,317,316,318,-1,317,318,319,-1,318,320,321,-1,320,322,321,-1,321,322,323,-1,321,323,324,-1,321,325,326,-1,318,321,319,-1,319,321,326,-1,319,326,327,-1,327,326,328,-1,327,328,329,-1,329,328,330,-1,330,328,331,-1,330,331,332,-1,332,331,333,-1,333,331,334,-1,333,334,335,-1,336,337,338,-1,339,340,338,-1,338,340,335,-1,338,335,336,-1,336,335,334,-1,336,334,341,-1,342,343,339,-1,339,343,344,-1,339,344,340,-1,345,346,347,-1,347,346,348,-1,347,348,342,-1,342,348,349,-1,342,349,343,-1,347,350,345,-1,345,350,351,-1,345,351,352,-1,352,353,345,-1,345,353,354,-1,345,354,132,-1,132,354,355,-1,132,355,130,-1,128,356,357,-1,357,356,358,-1,357,358,132,-1,132,358,359,-1,132,359,345,-1,129,128,360,-1,361,362,357,-1,357,362,363,-1,357,363,128,-1,128,363,364,-1,128,364,365,-1,365,366,128,-1,128,366,367,-1,128,367,360,-1,150,368,148,-1,148,368,369,-1,148,369,129,-1,129,369,370,-1,129,370,127,-1,371,372,373,-1,373,372,374,-1,373,374,336,-1,336,374,375,-1,336,375,337,-1,154,376,155,-1,155,376,377,-1,155,377,378,-1,378,377,379,-1,378,379,380,-1,381,382,383,-1,381,383,384,-1,384,383,385,-1,384,385,386,-1,386,385,387,-1,386,387,388,-1,388,387,389,-1,388,389,390,-1,390,389,391,-1,390,391,392,-1,392,391,393,-1,392,393,394,-1,394,393,395,-1,394,395,396,-1,396,395,397,-1,396,397,398,-1,398,397,399,-1,398,399,400,-1,400,399,401,-1,400,401,402,-1,402,401,403,-1,402,403,404,-1,404,403,405,-1,404,405,406,-1,381,384,407,-1,384,386,408,-1,386,388,409,-1,388,390,410,-1,394,411,412,-1,396,411,394,-1,394,413,414,-1,415,413,394,-1,412,415,394,-1,394,416,417,-1,418,416,394,-1,414,418,394,-1,394,419,420,-1,421,419,394,-1,417,421,394,-1,390,392,420,-1,420,392,394,-1,390,420,410,-1,410,420,419,-1,410,419,422,-1,422,419,421,-1,422,421,423,-1,423,421,417,-1,423,417,424,-1,424,417,416,-1,424,416,425,-1,425,416,418,-1,425,418,426,-1,426,418,414,-1,426,414,427,-1,427,414,413,-1,427,413,428,-1,428,413,415,-1,428,415,429,-1,429,415,412,-1,429,412,430,-1,430,412,411,-1,430,411,431,-1,431,411,396,-1,431,396,398,-1,388,410,409,-1,409,410,422,-1,409,422,432,-1,432,422,423,-1,432,423,433,-1,433,423,424,-1,433,424,434,-1,434,424,425,-1,434,425,435,-1,435,425,426,-1,435,426,436,-1,436,426,427,-1,436,427,437,-1,437,427,428,-1,437,428,438,-1,438,428,429,-1,438,429,439,-1,439,429,430,-1,439,430,440,-1,440,430,431,-1,440,431,441,-1,441,431,398,-1,441,398,400,-1,386,409,408,-1,408,409,432,-1,408,432,442,-1,442,432,433,-1,442,433,443,-1,443,433,434,-1,443,434,444,-1,444,434,435,-1,444,435,445,-1,445,435,436,-1,445,436,446,-1,446,436,437,-1,446,437,447,-1,447,437,438,-1,447,438,448,-1,448,438,439,-1,448,439,449,-1,449,439,440,-1,449,440,450,-1,450,440,441,-1,450,441,451,-1,451,441,400,-1,451,400,402,-1,384,408,407,-1,407,408,442,-1,407,442,452,-1,452,442,443,-1,452,443,453,-1,453,443,444,-1,453,444,454,-1,454,444,445,-1,454,445,455,-1,455,445,446,-1,455,446,456,-1,456,446,447,-1,456,447,457,-1,457,447,448,-1,457,448,458,-1,458,448,449,-1,458,449,459,-1,459,449,450,-1,459,450,460,-1,460,450,451,-1,460,451,461,-1,461,451,402,-1,461,402,404,-1,381,407,462,-1,462,407,452,-1,462,452,463,-1,463,452,453,-1,463,453,464,-1,464,453,454,-1,464,454,465,-1,465,454,455,-1,465,455,466,-1,466,455,456,-1,466,456,467,-1,467,456,457,-1,467,457,468,-1,468,457,458,-1,468,458,469,-1,469,458,459,-1,469,459,470,-1,470,459,460,-1,470,460,471,-1,471,460,461,-1,471,461,472,-1,472,461,404,-1,472,404,406,-1,473,474,475,-1,475,474,476,-1,475,476,477,-1,477,476,478,-1,477,478,479,-1,479,478,480,-1,475,481,473,-1,473,481,482,-1,473,482,483,-1,477,484,475,-1,475,484,481,-1,484,477,485,-1,485,477,479,-1,485,479,486,-1,487,482,481,-1,482,487,485,-1,485,487,488,-1,485,488,484,-1,484,488,489,-1,484,489,481,-1,481,489,490,-1,481,490,487,-1,491,492,488,-1,488,492,489,-1,493,494,491,-1,491,494,492,-1,490,494,487,-1,487,494,493,-1,492,494,489,-1,489,494,490,-1,493,491,487,-1,487,491,488,-1,483,495,473,-1,473,495,474,-1,480,496,479,-1,479,496,486,-1,497,498,499,-1,497,499,500,-1,501,500,499,-1,502,501,499,-1,503,502,499,-1,504,503,499,-1,505,504,499,-1,506,505,499,-1,507,506,499,-1,508,507,499,-1,509,508,499,-1,510,509,499,-1,510,511,512,-1,511,513,514,-1,513,515,516,-1,515,517,518,-1,517,381,462,-1,517,462,518,-1,518,462,463,-1,518,463,519,-1,519,463,464,-1,519,464,520,-1,520,464,465,-1,520,465,521,-1,521,465,466,-1,521,466,522,-1,522,466,467,-1,522,467,523,-1,523,467,468,-1,523,468,524,-1,524,468,469,-1,524,469,525,-1,525,469,470,-1,525,470,526,-1,526,470,471,-1,526,471,527,-1,527,471,472,-1,527,472,528,-1,528,472,406,-1,528,406,529,-1,515,518,516,-1,516,518,519,-1,516,519,530,-1,530,519,520,-1,530,520,531,-1,531,520,521,-1,531,521,532,-1,532,521,522,-1,532,522,533,-1,533,522,523,-1,533,523,534,-1,534,523,524,-1,534,524,535,-1,535,524,525,-1,535,525,536,-1,536,525,526,-1,536,526,537,-1,537,526,527,-1,537,527,538,-1,538,527,528,-1,538,528,539,-1,539,528,529,-1,539,529,540,-1,513,516,514,-1,514,516,530,-1,514,530,541,-1,541,530,531,-1,541,531,542,-1,542,531,532,-1,542,532,543,-1,543,532,533,-1,543,533,544,-1,544,533,534,-1,544,534,545,-1,545,534,535,-1,545,535,546,-1,546,535,536,-1,546,536,547,-1,547,536,537,-1,547,537,548,-1,548,537,538,-1,548,538,549,-1,549,538,539,-1,549,539,550,-1,550,539,540,-1,550,540,551,-1,511,514,512,-1,512,514,541,-1,512,541,552,-1,552,541,542,-1,552,542,553,-1,553,542,543,-1,553,543,554,-1,554,543,544,-1,554,544,555,-1,555,544,545,-1,555,545,556,-1,556,545,546,-1,556,546,557,-1,557,546,547,-1,557,547,558,-1,558,547,548,-1,558,548,559,-1,559,548,549,-1,559,549,560,-1,560,549,550,-1,560,550,561,-1,561,550,551,-1,561,551,562,-1,510,512,509,-1,509,512,552,-1,509,552,508,-1,508,552,553,-1,508,553,507,-1,507,553,554,-1,507,554,506,-1,506,554,555,-1,506,555,505,-1,505,555,556,-1,505,556,504,-1,504,556,557,-1,504,557,503,-1,503,557,558,-1,503,558,502,-1,502,558,559,-1,502,559,501,-1,501,559,560,-1,501,560,500,-1,500,560,561,-1,500,561,497,-1,497,561,562,-1,497,562,498,-1,177,563,178,-1,178,563,564,-1,178,564,174,-1,174,564,166,-1,166,564,565,-1,166,565,164,-1,164,565,163,-1,163,565,566,-1,163,566,161,-1,161,566,160,-1,160,566,567,-1,160,567,158,-1,158,567,153,-1,153,567,568,-1,153,568,151,-1,151,568,150,-1,150,568,569,-1,150,569,368,-1,226,570,227,-1,227,570,571,-1,572,220,571,-1,571,220,219,-1,571,219,227,-1,573,222,572,-1,572,222,221,-1,572,221,220,-1,574,224,573,-1,573,224,223,-1,573,223,222,-1,202,213,574,-1,574,213,212,-1,574,212,224,-1,202,574,200,-1,200,574,575,-1,200,575,198,-1,198,575,576,-1,198,576,195,-1,177,181,563,-1,563,181,180,-1,563,180,183,-1,183,182,563,-1,563,182,188,-1,563,188,576,-1,188,191,576,-1,576,191,192,-1,576,192,193,-1,193,197,576,-1,576,197,196,-1,576,196,195,-1,577,578,579,-1,579,578,580,-1,14,581,13,-1,13,581,582,-1,578,582,580,-1,580,582,581,-1,583,584,585,-1,585,584,586,-1,583,587,584,-1,584,587,588,-1,588,587,50,-1,50,587,51,-1,159,157,589,-1,159,589,162,-1,162,589,590,-1,162,590,165,-1,589,157,591,-1,591,157,156,-1,590,589,592,-1,592,589,591,-1,165,590,175,-1,175,590,592,-1,593,142,594,-1,594,142,211,-1,594,211,210,-1,593,594,595,-1,595,594,596,-1,142,593,143,-1,143,593,595,-1,594,210,596,-1,596,210,209,-1,406,405,597,-1,406,597,529,-1,529,597,598,-1,529,598,540,-1,540,598,599,-1,540,599,551,-1,551,599,600,-1,551,600,562,-1,562,600,601,-1,562,601,498,-1,498,601,602,-1,498,602,499,-1,499,602,603,-1,499,603,510,-1,510,603,604,-1,510,604,511,-1,511,604,605,-1,511,605,513,-1,513,605,606,-1,513,606,515,-1,515,606,607,-1,515,607,517,-1,517,607,382,-1,517,382,381,-1,608,584,588,-1,608,609,610,-1,58,608,56,-1,56,608,54,-1,586,584,611,-1,611,584,608,-1,611,608,612,-1,612,608,610,-1,588,50,608,-1,608,50,49,-1,608,49,54,-1,609,608,613,-1,613,608,614,-1,613,614,615,-1,615,614,616,-1,615,616,617,-1,617,616,618,-1,619,382,607,-1,403,194,405,-1,405,194,147,-1,405,147,597,-1,403,401,194,-1,194,401,399,-1,194,399,67,-1,597,147,598,-1,598,147,146,-1,598,146,599,-1,599,146,620,-1,599,620,600,-1,600,620,621,-1,600,621,601,-1,601,621,622,-1,601,622,602,-1,602,622,623,-1,602,623,603,-1,603,623,624,-1,603,624,604,-1,604,624,625,-1,604,625,605,-1,605,625,626,-1,605,626,606,-1,606,626,627,-1,606,627,607,-1,607,627,628,-1,607,628,619,-1,619,79,382,-1,382,79,81,-1,382,81,383,-1,383,81,83,-1,383,83,385,-1,385,83,85,-1,385,85,387,-1,387,85,87,-1,387,87,389,-1,389,87,89,-1,389,89,391,-1,391,89,91,-1,391,91,393,-1,393,91,93,-1,393,93,395,-1,395,93,95,-1,395,95,397,-1,397,95,97,-1,397,97,399,-1,399,97,99,-1,399,99,67,-1,583,585,629,-1,155,378,587,-1,155,587,156,-1,175,629,167,-1,167,629,630,-1,167,630,168,-1,380,631,378,-1,378,631,46,-1,378,46,587,-1,587,46,45,-1,587,45,51,-1,592,591,175,-1,175,591,156,-1,175,156,629,-1,629,156,587,-1,629,587,583,-1,208,205,580,-1,143,595,596,-1,581,14,2,-1,215,214,632,-1,632,214,1,-1,208,580,209,-1,579,580,633,-1,633,580,205,-1,633,205,634,-1,634,205,207,-1,596,209,143,-1,143,209,580,-1,143,580,144,-1,144,580,581,-1,144,581,214,-1,214,581,2,-1,214,2,1,-1,618,582,578,-1,618,5,7,-1,617,618,635,-1,635,618,636,-1,13,582,12,-1,12,582,618,-1,12,618,10,-1,10,618,7,-1,578,577,618,-1,618,577,637,-1,618,637,636,-1,82,102,638,-1,639,125,123,-1,82,80,102,-1,102,80,640,-1,102,640,103,-1,103,640,641,-1,103,641,105,-1,105,641,642,-1,105,642,107,-1,107,642,643,-1,107,643,109,-1,109,643,644,-1,109,644,111,-1,111,644,645,-1,111,645,113,-1,113,645,646,-1,113,646,115,-1,115,646,647,-1,115,647,117,-1,117,647,648,-1,117,648,119,-1,119,648,649,-1,119,649,121,-1,121,649,650,-1,121,650,123,-1,123,650,651,-1,123,651,639,-1,639,72,125,-1,125,72,74,-1,125,74,652,-1,652,74,76,-1,652,76,653,-1,653,76,78,-1,653,78,654,-1,654,78,100,-1,654,100,655,-1,655,100,98,-1,655,98,656,-1,656,98,96,-1,656,96,657,-1,657,96,94,-1,657,94,658,-1,658,94,92,-1,658,92,659,-1,659,92,90,-1,659,90,660,-1,660,90,88,-1,660,88,661,-1,661,88,86,-1,661,86,638,-1,638,86,84,-1,638,84,82,-1,126,125,652,-1,126,652,662,-1,662,652,653,-1,662,653,663,-1,663,653,654,-1,663,654,664,-1,664,654,655,-1,664,655,665,-1,665,655,656,-1,665,656,666,-1,666,656,657,-1,666,657,667,-1,667,657,658,-1,667,658,668,-1,668,658,659,-1,668,659,669,-1,669,659,660,-1,669,660,670,-1,670,660,661,-1,670,661,671,-1,671,661,638,-1,671,638,672,-1,672,638,102,-1,672,102,101,-1,126,672,124,-1,124,672,101,-1,124,101,104,-1,670,671,665,-1,104,106,124,-1,124,106,108,-1,124,108,110,-1,120,114,118,-1,118,114,116,-1,126,662,672,-1,672,662,663,-1,672,663,671,-1,671,663,664,-1,671,664,665,-1,667,668,669,-1,120,122,114,-1,114,122,124,-1,114,124,112,-1,112,124,110,-1,670,665,669,-1,669,665,666,-1,669,666,667,-1,673,674,675,-1,675,674,676,-1,673,675,677,-1,677,675,676,-1,678,674,679,-1,679,674,680,-1,678,679,681,-1,681,679,680,-1,682,613,683,-1,615,684,613,-1,613,684,685,-1,613,685,683,-1,686,687,688,-1,688,689,686,-1,686,689,690,-1,686,690,683,-1,683,690,691,-1,683,691,682,-1,179,176,692,-1,184,187,693,-1,693,187,186,-1,693,186,692,-1,692,186,185,-1,692,185,179,-1,184,693,189,-1,189,693,694,-1,189,694,190,-1,695,146,694,-1,694,146,145,-1,694,145,190,-1,80,79,640,-1,640,79,619,-1,640,619,641,-1,641,619,628,-1,641,628,642,-1,642,628,627,-1,642,627,643,-1,643,627,626,-1,643,626,644,-1,644,626,625,-1,644,625,645,-1,645,625,624,-1,645,624,646,-1,646,624,623,-1,646,623,647,-1,647,623,622,-1,647,622,648,-1,648,622,621,-1,648,621,649,-1,649,621,620,-1,649,620,650,-1,620,146,650,-1,650,146,695,-1,650,695,651,-1,651,695,696,-1,651,696,639,-1,639,696,697,-1,639,697,72,-1,72,697,73,-1,152,698,154,-1,699,700,701,-1,701,700,702,-1,701,702,703,-1,703,702,704,-1,703,704,705,-1,705,704,706,-1,705,706,707,-1,707,706,708,-1,707,708,31,-1,31,708,32,-1,709,710,711,-1,709,711,712,-1,712,711,713,-1,712,713,714,-1,714,713,700,-1,714,700,699,-1,689,688,715,-1,716,682,717,-1,717,682,691,-1,717,691,718,-1,718,691,690,-1,718,690,719,-1,710,709,720,-1,720,709,721,-1,720,721,722,-1,722,721,723,-1,722,723,724,-1,724,723,725,-1,724,725,726,-1,726,725,727,-1,726,727,728,-1,728,727,729,-1,728,729,715,-1,715,729,719,-1,715,719,689,-1,689,719,690,-1,201,730,203,-1,203,730,204,-1,731,732,733,-1,734,731,634,-1,204,730,206,-1,206,730,735,-1,206,735,207,-1,731,733,634,-1,634,733,736,-1,634,736,633,-1,637,577,579,-1,633,736,579,-1,579,736,737,-1,579,737,637,-1,637,737,738,-1,637,738,636,-1,636,738,739,-1,636,739,635,-1,684,615,617,-1,635,739,617,-1,617,739,740,-1,617,740,684,-1,741,742,743,-1,744,745,746,-1,746,745,747,-1,748,749,750,-1,613,682,609,-1,609,682,716,-1,609,716,610,-1,629,585,751,-1,716,752,610,-1,610,752,753,-1,610,753,612,-1,612,753,751,-1,612,751,611,-1,611,751,585,-1,611,585,586,-1,751,754,629,-1,629,754,748,-1,629,748,630,-1,630,748,750,-1,630,750,168,-1,755,172,171,-1,750,745,168,-1,168,745,744,-1,168,744,169,-1,169,744,755,-1,169,755,170,-1,170,755,171,-1,634,207,734,-1,734,207,735,-1,734,735,743,-1,743,735,756,-1,743,756,741,-1,741,756,757,-1,741,757,758,-1,758,757,759,-1,758,759,760,-1,760,759,761,-1,760,761,762,-1,762,761,763,-1,762,763,764,-1,764,763,765,-1,764,765,766,-1,766,765,767,-1,766,767,768,-1,768,767,746,-1,768,746,769,-1,769,746,747,-1,769,747,770,-1,771,687,686,-1,772,773,774,-1,774,773,775,-1,774,775,776,-1,776,775,777,-1,776,777,778,-1,778,777,779,-1,778,779,780,-1,780,779,781,-1,780,781,782,-1,782,781,783,-1,782,783,784,-1,783,771,784,-1,784,771,686,-1,784,686,785,-1,785,686,683,-1,785,683,786,-1,786,683,685,-1,786,685,740,-1,740,685,684,-1,29,30,787,-1,29,787,788,-1,788,787,789,-1,788,789,790,-1,790,789,773,-1,790,773,772,-1,4,791,792,-1,20,19,793,-1,793,19,794,-1,793,794,795,-1,795,794,796,-1,795,796,797,-1,797,796,798,-1,797,798,799,-1,799,798,800,-1,799,800,792,-1,792,800,6,-1,792,6,4,-1,
        ]
    }
}
Shape{
    appearance Appearance {
        material  Material 	{
            diffuseColor 0.6666666666666666 0.6666666666666666 0.6666666666666666
            specularColor 0.4666666666666667 0.4666666666666667 0.4666666666666667
            ambientIntensity 0.6667
            transparency 0.0
            shininess 0.5
        }
    }
    geometry IndexedFaceSet {
        ccw TRUE
        solid FALSE
        coord DEF co Coordinate {
            point [
                2.0079 0.3066 0.3344, 2.0079 0.031 0.3344, 2.0232 0.031 0.3324, 2.0232 0.3066 0.3324, 2.0374 0.031 0.3265, 2.0374 0.3066 0.3265, 2.0496 0.031 0.3171, 2.0496 0.3066 0.3171, 2.059 0.031 0.3049, 2.059 0.3066 0.3049, 2.0649 0.031 0.2906, 2.0649 0.3066 0.2906, 2.0669 0.031 0.2753, 2.0669 0.3066 0.2753, 2.0669 0.2046 -1.456, 1.9488 0.2046 -1.456, 2.0669 0.3066 -1.2814, 1.9488 0.256 -1.368, 1.9488 0.3066 -1.2814, 1.9488 0.1353 -1.456, 2.0669 0.1353 -1.456, 1.9488 0.0831 -1.368, 2.0669 0.031 -1.2804, 1.9488 0.031 -1.2804, 1.9488 0.1407 -1.4637, 2.0669 0.1407 -1.4637, 1.9488 0.1478 -1.4698, 2.0669 0.1478 -1.4698, 1.9488 0.1561 -1.4742, 2.0669 0.1561 -1.4742, 1.9488 0.1653 -1.4764, 2.0669 0.1653 -1.4764, 1.9488 0.1746 -1.4764, 2.0669 0.1746 -1.4764, 1.9488 0.1838 -1.4742, 2.0669 0.1838 -1.4742, 1.9488 0.1921 -1.4698, 2.0669 0.1921 -1.4698, 1.9488 0.1992 -1.4637, 2.0669 0.1992 -1.4637, 1.9488 0.3066 0.0194, 1.9488 0.2754 0.0194, 1.9488 0.1772 0.0194, 1.9488 0.031 0.0194, 2.0079 0.031 0.0194, 2.0079 0.3066 0.0194, 2.0079 0.3066 0.2163
            ]
        }
        coordIndex [
            0,1,2,-1,0,2,3,-1,3,2,4,-1,3,4,5,-1,5,4,6,-1,5,6,7,-1,7,6,8,-1,7,8,9,-1,9,8,10,-1,9,10,11,-1,11,10,12,-1,11,12,13,-1,14,15,16,-1,16,15,17,-1,16,17,18,-1,19,20,21,-1,21,20,22,-1,21,22,23,-1,20,19,24,-1,20,24,25,-1,25,24,26,-1,25,26,27,-1,27,26,28,-1,27,28,29,-1,29,28,30,-1,29,30,31,-1,31,30,32,-1,31,32,33,-1,33,32,34,-1,33,34,35,-1,35,34,36,-1,35,36,37,-1,37,36,38,-1,37,38,39,-1,39,38,15,-1,39,15,14,-1,17,21,23,-1,40,18,41,-1,41,18,17,-1,41,17,42,-1,42,17,23,-1,42,23,43,-1,2,1,44,-1,43,23,44,-1,44,23,22,-1,22,12,44,-1,44,12,10,-1,44,10,8,-1,8,6,44,-1,44,6,4,-1,44,4,2,-1,18,40,16,-1,16,40,45,-1,16,45,13,-1,13,45,46,-1,13,46,11,-1,0,3,46,-1,46,3,5,-1,5,7,46,-1,46,7,9,-1,46,9,11,-1,26,24,19,-1,21,17,19,-1,19,17,15,-1,19,15,38,-1,38,36,19,-1,19,36,34,-1,19,34,32,-1,32,30,19,-1,19,30,28,-1,19,28,26,-1,14,16,20,-1,20,16,22,-1,22,16,13,-1,22,13,12,-1,35,37,20,-1,20,37,39,-1,20,39,14,-1,29,20,27,-1,27,20,25,-1,29,31,20,-1,20,31,33,-1,20,33,35,-1,
        ]
    }
}
Shape{
    appearance Appearance {
        material  Material 	{
            diffuseColor 0.20784313725490197 0.20784313725490197 0.20784313725490197
            specularColor 0.01568627450980392 0.01568627450980392 0.01568627450980392
            ambientIntensity 0.298
            transparency 0.0
            shininess 0.5
        }
    }
    geometry IndexedFaceSet {
        ccw TRUE
        solid FALSE
        coord DEF co Coordinate {
            point [
                0.1973 -2.0079 0.3344, 0.1973 -2.0472 0.3344, 0.1973 -2.0079 0.2163, 0.1973 -2.0472 0.2163, 0.1973 2.0472 0.2163, 0.1973 2.0472 0.3344, 0.1973 2.0079 0.2163, 0.1973 2.0079 0.3344
            ]
        }
        coordIndex [
            0,1,2,-1,2,1,3,-1,4,5,6,-1,6,5,7,-1,
        ]
    }
}
Shape{
    appearance Appearance {
        material  Material 	{
            diffuseColor 0.6666666666666666 0.6666666666666666 0.6666666666666666
            specularColor 0.4666666666666667 0.4666666666666667 0.4666666666666667
            ambientIntensity 0.6667
            transparency 0.0
            shininess 0.5
        }
    }
    geometry IndexedFaceSet {
        ccw TRUE
        solid FALSE
        coord DEF co Coordinate {
            point [
                2.0079 1.0979 0.0194, 2.0669 1.0979 -0.6892, 2.0669 1.0979 0.2753, 2.094 1.0979 -1.0811, 2.0234 1.0979 -1.2207, 2.1564 1.0979 -1.2207, 2.2075 1.0979 -1.1195, 2.2128 1.0979 -1.1016, 2.2146 1.0979 -1.0829, 2.0649 1.0979 0.2906, 2.059 1.0979 0.3049, 2.0496 1.0979 0.3171, 2.0374 1.0979 0.3265, 2.0232 1.0979 0.3324, 2.0079 1.0979 0.3344, 1.9488 1.0979 0.0194, 1.9488 1.0979 -0.7131, 2.2075 1.0979 -1.0464, 2.2128 1.0979 -1.0643
            ]
        }
        coordIndex [
            0,1,2,-1,3,4,5,-1,5,6,3,-1,3,6,7,-1,3,7,8,-1,2,9,0,-1,0,9,10,-1,0,10,11,-1,11,12,0,-1,0,12,13,-1,0,13,14,-1,0,15,1,-1,1,15,16,-1,1,16,17,-1,17,16,3,-1,17,3,18,-1,18,3,8,-1,
        ]
    }
}
Shape{
    appearance Appearance {
        material  Material 	{
            diffuseColor 0.20784313725490197 0.20784313725490197 0.20784313725490197
            specularColor 0.01568627450980392 0.01568627450980392 0.01568627450980392
            ambientIntensity 0.298
            transparency 0.0
            shininess 0.5
        }
    }
    geometry IndexedFaceSet {
        ccw TRUE
        solid FALSE
        coord DEF co Coordinate {
            point [
                1.8194 1.1058 0.3344, 1.8194 1.1058 0.2163, 1.9488 1.1058 0.3344, 1.9488 1.1058 0.2163, 1.9488 1.4365 0.3344, 1.9488 1.4365 0.2163, 1.811 1.4365 0.3344, 1.811 1.4365 0.2163
            ]
        }
        coordIndex [
            0,1,2,-1,2,1,3,-1,4,5,6,-1,6,5,7,-1,
        ]
    }
}
Shape{
    appearance Appearance {
        material  Material 	{
            diffuseColor 0.6666666666666666 0.6666666666666666 0.6666666666666666
            specularColor 0.4666666666666667 0.4666666666666667 0.4666666666666667
            ambientIntensity 0.6667
            transparency 0.0
            shininess 0.5
        }
    }
    geometry IndexedFaceSet {
        ccw TRUE
        solid FALSE
        coord DEF co Coordinate {
            point [
                2.0079 1.4444 0.3344, 2.0079 1.0979 0.3344, 2.0232 1.0979 0.3324, 2.0232 1.4444 0.3324, 2.0374 1.0979 0.3265, 2.0374 1.4444 0.3265, 2.0496 1.0979 0.3171, 2.0496 1.4444 0.3171, 2.059 1.0979 0.3049, 2.059 1.4444 0.3049, 2.0649 1.0979 0.2906, 2.0649 1.4444 0.2906, 2.0669 1.0979 0.2753, 2.0669 1.4444 0.2753
            ]
        }
        coordIndex [
            0,1,2,-1,0,2,3,-1,3,2,4,-1,3,4,5,-1,5,4,6,-1,5,6,7,-1,7,6,8,-1,7,8,9,-1,9,8,10,-1,9,10,11,-1,11,10,12,-1,11,12,13,-1,
        ]
    }
}
Shape{
    appearance Appearance {
        material  Material 	{
            diffuseColor 0.20784313725490197 0.20784313725490197 0.20784313725490197
            specularColor 0.01568627450980392 0.01568627450980392 0.01568627450980392
            ambientIntensity 0.298
            transparency 0.0
            shininess 0.5
        }
    }
    geometry IndexedFaceSet {
        ccw TRUE
        solid FALSE
        coord DEF co Coordinate {
            point [
                1.9488 1.1024 0.3344, 1.9488 1.1058 0.3344, 1.9488 1.1058 0.2163, 1.9488 1.4365 0.3344, 1.9488 1.4444 0.3344, 1.9488 1.4365 0.2163, 1.9488 1.4444 0.1769, 1.9488 1.1024 0.1769
            ]
        }
        coordIndex [
            0,1,2,-1,3,4,5,-1,5,4,6,-1,5,6,2,-1,2,6,7,-1,2,7,0,-1,
        ]
    }
}
Shape{
    appearance Appearance {
        material  Material 	{
            diffuseColor 0.6666666666666666 0.6666666666666666 0.6666666666666666
            specularColor 0.4666666666666667 0.4666666666666667 0.4666666666666667
            ambientIntensity 0.6667
            transparency 0.0
            shininess 0.5
        }
    }
    geometry IndexedFaceSet {
        ccw TRUE
        solid FALSE
        coord DEF co Coordinate {
            point [
                1.9488 1.4444 -0.7131, 1.9488 1.4444 -0.02, 2.0079 1.4444 -0.02, 2.1564 1.4444 -1.2207, 2.0234 1.4444 -1.2207, 2.2075 1.4444 -1.1195, 2.094 1.4444 -1.0811, 2.2128 1.4444 -1.1016, 1.9488 1.4444 0.1769, 1.9488 1.4444 0.3344, 2.0079 1.4444 0.1769, 2.0079 1.4444 0.3344, 2.0669 1.4444 -0.6892, 2.2075 1.4444 -1.0464, 2.2128 1.4444 -1.0643, 2.2146 1.4444 -1.0829, 2.0496 1.4444 0.3171, 2.059 1.4444 0.3049, 2.0232 1.4444 0.3324, 2.0374 1.4444 0.3265, 2.0669 1.4444 0.2753, 2.0649 1.4444 0.2906, 1.9488 1.2598 -0.02, 1.9488 1.0979 -0.7131, 1.9488 1.2598 0.0194, 1.9488 1.25 0.0194, 1.9488 1.0979 0.0194
            ]
        }
        coordIndex [
            0,1,2,-1,3,4,5,-1,5,4,6,-1,5,6,7,-1,8,9,10,-1,10,9,11,-1,12,13,6,-1,13,14,6,-1,6,14,15,-1,6,15,7,-1,10,16,17,-1,11,18,10,-1,10,18,19,-1,10,19,16,-1,6,0,12,-1,12,0,2,-1,12,2,20,-1,20,2,10,-1,20,10,21,-1,21,10,17,-1,1,0,22,-1,22,0,23,-1,24,22,25,-1,25,22,23,-1,25,23,26,-1,
        ]
    }
}
Shape{
    appearance Appearance {
        material  Material 	{
            diffuseColor 0.20784313725490197 0.20784313725490197 0.20784313725490197
            specularColor 0.01568627450980392 0.01568627450980392 0.01568627450980392
            ambientIntensity 0.298
            transparency 0.0
            shininess 0.5
        }
    }
    geometry IndexedFaceSet {
        ccw TRUE
        solid FALSE
        coord DEF co Coordinate {
            point [
                1.8194 1.1058 0.2163, 1.8194 1.1058 0.3344, 1.8194 1.1024 0.2163, 1.8194 1.1024 0.3344, 1.811 1.1024 0.2163, 1.811 1.4365 0.2163, 1.9488 1.1058 0.2163, 1.9488 1.4365 0.2163
            ]
        }
        coordIndex [
            0,1,2,-1,2,1,3,-1,2,4,0,-1,0,4,5,-1,0,5,6,-1,6,5,7,-1,
        ]
    }
}
Shape{
    appearance Appearance {
        material  Material 	{
            diffuseColor 0.6666666666666666 0.6666666666666666 0.6666666666666666
            specularColor 0.4666666666666667 0.4666666666666667 0.4666666666666667
            ambientIntensity 0.6667
            transparency 0.0
            shininess 0.5
        }
    }
    geometry IndexedFaceSet {
        ccw TRUE
        solid FALSE
        coord DEF co Coordinate {
            point [
                1.9488 1.4444 -0.7131, 2.094 1.4444 -1.0811, 1.9488 1.0979 -0.7131, 2.094 1.0979 -1.0811, 2.0669 1.0979 0.2753, 2.0669 1.0979 -0.6892, 2.0669 1.4444 0.2753, 2.0669 1.4444 -0.6892, 2.2075 1.4444 -1.0464, 2.2075 1.0979 -1.0464, 2.2128 1.0979 -1.0643, 2.2128 1.4444 -1.0643, 2.2146 1.0979 -1.0829, 2.2146 1.4444 -1.0829, 2.0669 1.2032 -1.3979, 2.0669 1.3409 -1.3979, 2.1564 1.0979 -1.2207, 2.1564 1.4444 -1.2207, 2.2075 1.0979 -1.1195, 2.2075 1.4444 -1.1195, 2.0669 1.307 -1.456, 1.9488 1.307 -1.456, 1.9488 1.3584 -1.368, 2.0234 1.4444 -1.2207, 2.0234 1.0979 -1.2207, 1.9488 1.1854 -1.368, 2.0669 1.2377 -1.456, 1.9488 1.2377 -1.456, 2.0669 1.2431 -1.4637, 2.0669 1.2502 -1.4698, 2.0669 1.2585 -1.4742, 2.0669 1.2676 -1.4764, 2.0669 1.277 -1.4764, 2.0669 1.2861 -1.4742, 2.0669 1.2945 -1.4698, 2.0669 1.3015 -1.4637, 1.9488 1.2431 -1.4637, 1.9488 1.2502 -1.4698, 1.9488 1.2585 -1.4742, 1.9488 1.2676 -1.4764, 1.9488 1.277 -1.4764, 1.9488 1.2861 -1.4742, 1.9488 1.2945 -1.4698, 1.9488 1.3015 -1.4637
            ]
        }
        coordIndex [
            0,1,2,-1,2,1,3,-1,4,5,6,-1,6,5,7,-1,8,7,9,-1,9,7,5,-1,8,9,10,-1,8,10,11,-1,11,10,12,-1,11,12,13,-1,14,15,16,-1,16,15,17,-1,16,17,18,-1,18,17,19,-1,20,21,15,-1,15,21,22,-1,15,22,17,-1,17,22,23,-1,3,1,23,-1,3,23,24,-1,24,23,22,-1,24,22,25,-1,16,24,14,-1,14,24,25,-1,14,25,26,-1,26,25,27,-1,20,15,26,-1,26,15,14,-1,28,29,26,-1,26,29,30,-1,30,31,26,-1,26,31,32,-1,26,32,33,-1,33,34,26,-1,26,34,35,-1,26,35,20,-1,26,27,36,-1,26,36,28,-1,28,36,37,-1,28,37,29,-1,29,37,38,-1,29,38,30,-1,30,38,39,-1,30,39,31,-1,31,39,40,-1,31,40,32,-1,32,40,41,-1,32,41,33,-1,33,41,42,-1,33,42,34,-1,34,42,43,-1,34,43,35,-1,35,43,21,-1,35,21,20,-1,37,36,27,-1,25,22,27,-1,27,22,21,-1,37,27,38,-1,21,43,27,-1,27,43,42,-1,27,42,41,-1,41,40,27,-1,27,40,39,-1,27,39,38,-1,
        ]
    }
}
Shape{
    appearance Appearance {
        material  Material 	{
            diffuseColor 0.20784313725490197 0.20784313725490197 0.20784313725490197
            specularColor 0.01568627450980392 0.01568627450980392 0.01568627450980392
            ambientIntensity 0.298
            transparency 0.0
            shininess 0.5
        }
    }
    geometry IndexedFaceSet {
        ccw TRUE
        solid FALSE
        coord DEF co Coordinate {
            point [
                0.619 -1.546 0.3423, 0.619 -1.546 0.3344, 0.529 -1.494 0.3423, 0.529 -1.494 0.3344, 0.5403 -1.6824 0.3344, 0.5403 -1.6824 0.3423, 0.4503 -1.6304 0.3344, 0.4503 -1.6304 0.3423, 0.4801 -1.5883 0.3423, 1.546 0.619 0.3423, 1.6824 0.5403 0.3423, 1.546 0.619 0.3344, 1.6824 0.5403 0.3344, 1.494 0.529 0.3423, 1.494 0.529 0.3344, 1.6304 0.4503 0.3344, 1.6304 0.4503 0.3423, 1.5191 0.5182 0.3423, 1.6824 -0.5403 0.3423, 1.546 -0.619 0.3423, 1.6824 -0.5403 0.3344, 1.546 -0.619 0.3344, 1.494 -0.529 0.3344, 1.494 -0.529 0.3423, 1.6304 -0.4503 0.3423, 1.6304 -0.4503 0.3344, 1.5191 -0.5182 0.3423, 0.5321 1.4862 0.3344, 0.6357 1.546 0.3344, 0.5321 1.4862 0.3423, 0.6357 1.546 0.3423, 0.557 1.6824 0.3423, 0.557 1.6824 0.3344, 0.4554 1.6237 0.3423, 0.4554 1.6237 0.3344, 0.4801 1.5883 0.3423
            ]
        }
        coordIndex [
            0,1,2,-1,2,1,3,-1,4,5,6,-1,6,5,7,-1,0,5,1,-1,1,5,4,-1,0,2,5,-1,5,2,8,-1,5,8,7,-1,9,10,11,-1,11,10,12,-1,9,11,13,-1,13,11,14,-1,12,10,15,-1,15,10,16,-1,16,10,17,-1,17,10,9,-1,17,9,13,-1,18,19,20,-1,20,19,21,-1,22,21,23,-1,23,21,19,-1,24,18,25,-1,25,18,20,-1,18,24,19,-1,19,24,26,-1,19,26,23,-1,27,28,29,-1,29,28,30,-1,31,30,32,-1,32,30,28,-1,33,31,34,-1,34,31,32,-1,29,30,35,-1,35,30,31,-1,35,31,33,-1,
        ]
    }
}
Shape{
    appearance Appearance {
        material  Material 	{
            diffuseColor 0.6666666666666666 0.6666666666666666 0.6666666666666666
            specularColor 0.4666666666666667 0.4666666666666667 0.4666666666666667
            ambientIntensity 0.6667
            transparency 0.0
            shininess 0.5
        }
    }
    geometry IndexedFaceSet {
        ccw TRUE
        solid FALSE
        coord DEF co Coordinate {
            point [
                2.0079 -1.1147 0.3344, 2.0079 -1.4611 0.3344, 2.0232 -1.4611 0.3324, 2.0232 -1.1147 0.3324, 2.0374 -1.4611 0.3265, 2.0374 -1.1147 0.3265, 2.0496 -1.4611 0.3171, 2.0496 -1.1147 0.3171, 2.059 -1.4611 0.3049, 2.059 -1.1147 0.3049, 2.0649 -1.4611 0.2906, 2.0649 -1.1147 0.2906, 2.0669 -1.4611 0.2753, 2.0669 -1.1147 0.2753
            ]
        }
        coordIndex [
            0,1,2,-1,0,2,3,-1,3,2,4,-1,3,4,5,-1,5,4,6,-1,5,6,7,-1,7,6,8,-1,7,8,9,-1,9,8,10,-1,9,10,11,-1,11,10,12,-1,11,12,13,-1,
        ]
    }
}
Shape{
    appearance Appearance {
        material  Material 	{
            diffuseColor 0.20784313725490197 0.20784313725490197 0.20784313725490197
            specularColor 0.01568627450980392 0.01568627450980392 0.01568627450980392
            ambientIntensity 0.298
            transparency 0.0
            shininess 0.5
        }
    }
    geometry IndexedFaceSet {
        ccw TRUE
        solid FALSE
        coord DEF co Coordinate {
            point [
                1.9291 -1.1225 0.3344, 1.811 -1.1225 0.2753, 1.9291 -1.4532 0.3344, 1.811 -1.4532 0.2753
            ]
        }
        coordIndex [
            0,1,2,-1,2,1,3,-1,
        ]
    }
}
Shape{
    appearance Appearance {
        material  Material 	{
            diffuseColor 0.6666666666666666 0.6666666666666666 0.6666666666666666
            specularColor 0.4666666666666667 0.4666666666666667 0.4666666666666667
            ambientIntensity 0.6667
            transparency 0.0
            shininess 0.5
        }
    }
    geometry IndexedFaceSet {
        ccw TRUE
        solid FALSE
        coord DEF co Coordinate {
            point [
                2.0079 -1.4611 -0.02, 2.0669 -1.4611 -0.6892, 2.0669 -1.4611 0.2753, 2.094 -1.4611 -1.0811, 2.0234 -1.4611 -1.2207, 2.1564 -1.4611 -1.2207, 2.2075 -1.4611 -1.1195, 2.2128 -1.4611 -1.1016, 2.2146 -1.4611 -1.0829, 2.0649 -1.4611 0.2906, 2.059 -1.4611 0.3049, 2.0496 -1.4611 0.3171, 2.0374 -1.4611 0.3265, 2.0232 -1.4611 0.3324, 2.0079 -1.4611 0.3344, 1.9488 -1.4611 -0.02, 1.9488 -1.4611 -0.7131, 2.2075 -1.4611 -1.0464, 2.2128 -1.4611 -1.0643, 1.9488 -1.1147 -0.7131, 1.9488 -1.1147 0.0194, 2.0079 -1.1147 0.0194, 2.1564 -1.1147 -1.2207, 2.0234 -1.1147 -1.2207, 2.2075 -1.1147 -1.1195, 2.094 -1.1147 -1.0811, 2.2128 -1.1147 -1.1016, 2.0669 -1.1147 -0.6892, 2.2075 -1.1147 -1.0464, 2.2128 -1.1147 -1.0643, 2.2146 -1.1147 -1.0829, 1.9488 -1.1147 0.1769, 1.9488 -1.1147 0.3344, 2.0079 -1.1147 0.1769, 2.0079 -1.1147 0.3344, 2.0232 -1.1147 0.3324, 2.0374 -1.1147 0.3265, 2.0496 -1.1147 0.3171, 2.059 -1.1147 0.3049, 2.0669 -1.1147 0.2753, 2.0649 -1.1147 0.2906, 1.9488 -1.25 0.0194, 1.9488 -1.2598 0.0194, 1.9488 -1.2598 -0.02
            ]
        }
        coordIndex [
            0,1,2,-1,3,4,5,-1,5,6,3,-1,3,6,7,-1,3,7,8,-1,2,9,0,-1,0,9,10,-1,0,10,11,-1,11,12,0,-1,0,12,13,-1,0,13,14,-1,0,15,1,-1,1,15,16,-1,1,16,17,-1,17,16,3,-1,17,3,18,-1,18,3,8,-1,19,20,21,-1,22,23,24,-1,24,23,25,-1,24,25,26,-1,27,28,25,-1,28,29,25,-1,25,29,30,-1,25,30,26,-1,31,32,33,-1,33,32,34,-1,33,34,35,-1,35,36,33,-1,33,36,37,-1,33,37,38,-1,25,19,27,-1,27,19,21,-1,27,21,39,-1,39,21,33,-1,39,33,40,-1,40,33,38,-1,41,20,19,-1,42,41,43,-1,43,41,19,-1,43,19,15,-1,15,19,16,-1,
        ]
    }
}
Shape{
    appearance Appearance {
        material  Material 	{
            diffuseColor 0.20784313725490197 0.20784313725490197 0.20784313725490197
            specularColor 0.01568627450980392 0.01568627450980392 0.01568627450980392
            ambientIntensity 0.298
            transparency 0.0
            shininess 0.5
        }
    }
    geometry IndexedFaceSet {
        ccw TRUE
        solid FALSE
        coord DEF co Coordinate {
            point [
                1.8783 -1.1225 0.1769, 1.9488 -1.1225 0.2122, 1.8783 -1.4532 0.1769, 1.9488 -1.4532 0.2122, 1.811 -1.4532 0.2753, 1.811 -1.4532 0.1769, 1.9291 -1.4532 0.3344, 1.9488 -1.4532 0.3344, 1.9488 -1.1225 0.3344, 1.9291 -1.1225 0.3344, 1.811 -1.1225 0.2753, 1.811 -1.1225 0.1769, 1.9488 -1.4567 0.3344, 1.9488 -1.1147 0.3344, 1.9488 -1.1147 0.1769, 1.9488 -1.4567 0.1769
            ]
        }
        coordIndex [
            0,1,2,-1,2,1,3,-1,4,5,2,-1,4,2,6,-1,6,2,3,-1,6,3,7,-1,8,1,9,-1,9,1,0,-1,9,0,10,-1,10,0,11,-1,12,7,3,-1,8,13,1,-1,1,13,14,-1,1,14,3,-1,3,14,15,-1,3,15,12,-1,
        ]
    }
}
Shape{
    appearance Appearance {
        material  Material 	{
            diffuseColor 0.6666666666666666 0.6666666666666666 0.6666666666666666
            specularColor 0.4666666666666667 0.4666666666666667 0.4666666666666667
            ambientIntensity 0.6667
            transparency 0.0
            shininess 0.5
        }
    }
    geometry IndexedFaceSet {
        ccw TRUE
        solid FALSE
        coord DEF co Coordinate {
            point [
                1.9488 -1.1147 -0.7131, 2.094 -1.1147 -1.0811, 1.9488 -1.4611 -0.7131, 2.094 -1.4611 -1.0811, 2.0669 -1.4611 0.2753, 2.0669 -1.4611 -0.6892, 2.0669 -1.1147 0.2753, 2.0669 -1.1147 -0.6892, 2.2075 -1.1147 -1.0464, 2.2075 -1.4611 -1.0464, 2.2128 -1.4611 -1.0643, 2.2128 -1.1147 -1.0643, 2.2146 -1.4611 -1.0829, 2.2146 -1.1147 -1.0829, 2.0669 -1.3559 -1.3979, 2.0669 -1.2182 -1.3979, 2.1564 -1.4611 -1.2207, 2.1564 -1.1147 -1.2207, 2.2075 -1.4611 -1.1195, 2.2075 -1.1147 -1.1195, 2.0669 -1.2521 -1.456, 1.9488 -1.2521 -1.456, 1.9488 -1.2007 -1.368, 2.0234 -1.1147 -1.2207, 2.0234 -1.4611 -1.2207, 1.9488 -1.3736 -1.368, 2.0669 -1.3214 -1.456, 1.9488 -1.3214 -1.456, 2.0669 -1.2575 -1.4637, 2.0669 -1.316 -1.4637, 2.0669 -1.3089 -1.4698, 2.0669 -1.282 -1.4764, 2.0669 -1.2729 -1.4742, 2.0669 -1.2646 -1.4698, 2.0669 -1.3005 -1.4742, 2.0669 -1.2914 -1.4764, 1.9488 -1.316 -1.4637, 1.9488 -1.3089 -1.4698, 1.9488 -1.3005 -1.4742, 1.9488 -1.2914 -1.4764, 1.9488 -1.282 -1.4764, 1.9488 -1.2729 -1.4742, 1.9488 -1.2646 -1.4698, 1.9488 -1.2575 -1.4637
            ]
        }
        coordIndex [
            0,1,2,-1,2,1,3,-1,4,5,6,-1,6,5,7,-1,8,7,9,-1,9,7,5,-1,8,9,10,-1,8,10,11,-1,11,10,12,-1,11,12,13,-1,14,15,16,-1,16,15,17,-1,16,17,18,-1,18,17,19,-1,20,21,15,-1,15,21,22,-1,15,22,17,-1,17,22,23,-1,3,1,23,-1,3,23,24,-1,24,23,22,-1,24,22,25,-1,16,24,14,-1,14,24,25,-1,14,25,26,-1,26,25,27,-1,28,20,26,-1,26,20,15,-1,26,15,14,-1,26,29,30,-1,31,32,26,-1,26,32,33,-1,26,33,28,-1,30,34,26,-1,26,34,35,-1,26,35,31,-1,26,27,36,-1,26,36,29,-1,29,36,37,-1,29,37,30,-1,30,37,38,-1,30,38,34,-1,34,38,39,-1,34,39,35,-1,35,39,40,-1,35,40,31,-1,31,40,41,-1,31,41,32,-1,32,41,42,-1,32,42,33,-1,33,42,43,-1,33,43,28,-1,28,43,21,-1,28,21,20,-1,27,25,22,-1,22,21,27,-1,27,21,43,-1,27,43,42,-1,42,41,27,-1,27,41,40,-1,27,40,39,-1,39,38,27,-1,27,38,37,-1,27,37,36,-1,
        ]
    }
}
Shape{
    appearance Appearance {
        material  Material 	{
            diffuseColor 0.20784313725490197 0.20784313725490197 0.20784313725490197
            specularColor 0.01568627450980392 0.01568627450980392 0.01568627450980392
            ambientIntensity 0.298
            transparency 0.0
            shininess 0.5
        }
    }
    geometry IndexedFaceSet {
        ccw TRUE
        solid FALSE
        coord DEF co Coordinate {
            point [
                0.4018 1.7388 1.1218, 0.4018 1.7388 0.3344, 0.5835 1.8437 1.1218, 0.5835 1.8437 0.3344, 0.862 1.3613 0.5234, 0.862 1.3613 1.1218, 0.7803 1.5028 0.5234, 0.7803 1.5028 0.3344, 0.9631 1.3594 0.5234, 0.9631 1.3594 1.1218, 0.9535 1.3477 1.1218, 0.9535 1.3477 0.5234, 0.9412 1.3389 1.1218, 0.9412 1.3389 0.5234, 0.9271 1.3334 1.1218, 0.9271 1.3334 0.5234, 0.912 1.3318 1.1218, 0.912 1.3318 0.5234, 0.897 1.334 1.1218, 0.897 1.334 0.5234, 0.8831 1.34 1.1218, 0.8831 1.34 0.5234, 0.8712 1.3493 1.1218, 0.8712 1.3493 0.5234, 1.102 1.5799 0.5234, 1.102 1.5799 1.1218, 1.1937 1.5902 0.5234, 1.1937 1.5902 1.1218, 1.1818 1.5994 0.5234, 1.1818 1.5994 1.1218, 1.1679 1.6053 0.5234, 1.1679 1.6053 1.1218, 1.1529 1.6075 0.5234, 1.1529 1.6075 1.1218, 1.1379 1.6058 0.5234, 1.1379 1.6058 1.1218, 1.1238 1.6004 0.5234, 1.1238 1.6004 1.1218, 1.1116 1.5915 0.5234, 1.1116 1.5915 1.1218, 1.5902 1.1937 1.1218, 1.5902 1.1937 0.5234, 1.5799 1.102 0.5234, 1.5799 1.102 1.1218, 1.5915 1.1116 0.5234, 1.5915 1.1116 1.1218, 1.6004 1.1238 0.5234, 1.6004 1.1238 1.1218, 1.6058 1.1379 0.5234, 1.6058 1.1379 1.1218, 1.6075 1.1529 0.5234, 1.6075 1.1529 1.1218, 1.6053 1.1679 0.5234, 1.6053 1.1679 1.1218, 1.5994 1.1818 0.5234, 1.5994 1.1818 1.1218, 1.3594 0.9631 0.5234, 1.3594 0.9631 1.1218, 1.3613 0.862 0.5234, 1.3613 0.862 1.1218, 1.3513 0.8693 1.1218, 1.3513 0.8693 0.5234, 1.343 0.8784 1.1218, 1.343 0.8784 0.5234, 1.3369 0.8891 1.1218, 1.3369 0.8891 0.5234, 1.3331 0.9009 1.1218, 1.3331 0.9009 0.5234, 1.3318 0.9131 1.1218, 1.3318 0.9131 0.5234, 1.5028 0.7803 0.3344, 1.8437 0.5835 0.3344, 1.5028 0.7803 0.5234, 1.8437 0.5835 1.1218, 1.7388 0.4018 0.3344, 1.7388 0.4018 1.1218, 1.7388 -0.4018 0.3344, 1.7388 -0.4018 1.1218, 1.821 -0.2813 0.3344, 1.821 -0.2813 1.1218, 1.8723 -0.1448 0.3344, 1.8723 -0.1448 1.1218, 1.8898 -0.0 0.3344, 1.8898 -0.0 1.1218, 1.8723 0.1448 0.3344, 1.8723 0.1448 1.1218, 1.821 0.2813 0.3344, 1.821 0.2813 1.1218, 1.8437 -0.5835 0.3344, 1.8437 -0.5835 1.1218, 1.3613 -0.862 0.5234, 1.3613 -0.862 1.1218, 1.5028 -0.7803 0.5234, 1.5028 -0.7803 0.3344, 1.3594 -0.9631 0.5234, 1.3594 -0.9631 1.1218, 1.3479 -0.9537 1.1218, 1.3479 -0.9537 0.5234, 1.3391 -0.9417 1.1218, 1.3391 -0.9417 0.5234, 1.3336 -0.9279 1.1218, 1.3336 -0.9279 0.5234, 1.3318 -0.9131 1.1218, 1.3318 -0.9131 0.5234, 1.5799 -1.102 0.5234, 1.5799 -1.102 1.1218, 1.5902 -1.1937 0.5234, 1.5902 -1.1937 1.1218, 1.5994 -1.1818 0.5234, 1.5994 -1.1818 1.1218, 1.6053 -1.1679 0.5234, 1.6053 -1.1679 1.1218, 1.6075 -1.1529 0.5234, 1.6075 -1.1529 1.1218, 1.6058 -1.1379 0.5234, 1.6058 -1.1379 1.1218, 1.6004 -1.1238 0.5234, 1.6004 -1.1238 1.1218, 1.5915 -1.1116 0.5234, 1.5915 -1.1116 1.1218, 1.1937 -1.5902 1.1218, 1.1937 -1.5902 0.5234, 1.102 -1.5799 0.5234, 1.102 -1.5799 1.1218, 1.1116 -1.5915 0.5234, 1.1116 -1.5915 1.1218, 1.1238 -1.6004 0.5234, 1.1238 -1.6004 1.1218, 1.1379 -1.6058 0.5234, 1.1379 -1.6058 1.1218, 1.1529 -1.6075 0.5234, 1.1529 -1.6075 1.1218, 1.1679 -1.6053 0.5234, 1.1679 -1.6053 1.1218, 1.1818 -1.5994 0.5234, 1.1818 -1.5994 1.1218, 0.9631 -1.3594 0.5234, 0.9631 -1.3594 1.1218, 0.862 -1.3613 0.5234, 0.862 -1.3613 1.1218, 0.8712 -1.3493 1.1218, 0.8712 -1.3493 0.5234, 0.8831 -1.34 1.1218, 0.8831 -1.34 0.5234, 0.897 -1.334 1.1218, 0.897 -1.334 0.5234, 0.912 -1.3318 1.1218, 0.912 -1.3318 0.5234, 0.9271 -1.3334 1.1218, 0.9271 -1.3334 0.5234, 0.9412 -1.3389 1.1218, 0.9412 -1.3389 0.5234, 0.9535 -1.3477 1.1218, 0.9535 -1.3477 0.5234, 0.7803 -1.5028 0.3344, 0.5835 -1.8437 0.3344, 0.7803 -1.5028 0.5234, 0.5835 -1.8437 1.1218, 0.4018 -1.7388 0.3344, 0.4018 -1.7388 1.1218, 0.5987 -1.3979 0.3344, 0.5987 -1.3979 0.5234, 0.9928 -0.5387 0.5234, 0.8785 -0.4599 0.5234, 0.6099 -1.2594 0.5234, 0.5387 -0.9928 0.5234, 0.5896 -1.1221 0.5234, 0.5822 -0.7936 0.5234, 0.4549 -0.8728 0.5234, 0.4599 -0.8785 0.5234, 0.696 -0.696 0.5234, 0.7936 -0.5822 0.5234, 0.8728 -0.4549 0.5234, 1.343 -0.8784 0.5234, 1.3513 -0.8693 0.5234, 1.3979 -0.5987 0.5234, 1.3331 -0.9009 0.5234, 1.3369 -0.8891 0.5234, 1.1221 -0.5896 0.5234, 1.2594 -0.6099 0.5234, 1.3979 -0.5987 0.3344, 1.3979 0.5987 0.3344, 1.3979 0.5987 0.5234, 1.2594 0.6099 0.5234, 1.3336 0.9279 0.5234, 0.4599 0.8785 0.5234, 0.4549 0.8728 0.5234, 0.5822 0.7936 0.5234, 0.696 0.696 0.5234, 0.7936 0.5822 0.5234, 1.1221 0.5896 0.5234, 0.9928 0.5387 0.5234, 0.8785 0.4599 0.5234, 0.8728 0.4549 0.5234, 0.5387 0.9928 0.5234, 1.3391 0.9417 0.5234, 1.3479 0.9537 0.5234, 0.5987 1.3979 0.5234, 0.6099 1.2594 0.5234, 0.5896 1.1221 0.5234, 0.5987 1.3979 0.3344, 0.8728 0.4549 0.6415, 0.7848 0.3573 0.6415, 1.2594 0.6099 0.3344, 1.1221 0.5896 0.3344, 0.9928 0.5387 0.3344, 0.8785 0.4599 0.3344, 0.7848 0.3573 0.3344, 0.7169 0.2362 0.3344, 0.7169 0.2362 0.6415, 0.5627 0.2362 0.3344, 0.5627 0.2362 0.6415, 0.5066 0.3402 0.3344, 0.5066 0.3402 0.6415, 0.4315 0.4315 0.3344, 0.4315 0.4315 0.6415, 0.3402 0.5066 0.3344, 0.3402 0.5066 0.6415, 0.2362 0.5627 0.3344, 0.2362 0.5627 0.6415, 0.2362 0.7169 0.3344, 0.2362 0.7169 0.6415, 0.6099 1.2594 0.3344, 0.5896 1.1221 0.3344, 0.5387 0.9928 0.3344, 0.4599 0.8785 0.3344, 0.3573 0.7848 0.3344, 0.4549 0.8728 0.6415, 0.3573 0.7848 0.6415, 0.4549 -0.8728 0.6415, 0.3573 -0.7848 0.6415, 0.6099 -1.2594 0.3344, 0.5896 -1.1221 0.3344, 0.5387 -0.9928 0.3344, 0.4599 -0.8785 0.3344, 0.3573 -0.7848 0.3344, 0.2362 -0.7169 0.3344, 0.2362 -0.7169 0.6415, 0.2362 -0.5627 0.3344, 0.2362 -0.5627 0.6415, 0.3402 -0.5066 0.3344, 0.3402 -0.5066 0.6415, 0.4315 -0.4315 0.3344, 0.4315 -0.4315 0.6415, 0.5066 -0.3402 0.3344, 0.5066 -0.3402 0.6415, 0.5627 -0.2362 0.3344, 0.5627 -0.2362 0.6415, 0.7169 -0.2362 0.3344, 0.7169 -0.2362 0.6415, 1.2594 -0.6099 0.3344, 1.1221 -0.5896 0.3344, 0.9928 -0.5387 0.3344, 0.8785 -0.4599 0.3344, 0.7848 -0.3573 0.3344, 0.8728 -0.4549 0.6415, 0.7848 -0.3573 0.6415, 0.5822 -0.7936 0.6415, 0.696 -0.696 0.6415, 0.7936 -0.5822 0.6415, 0.7936 0.5822 0.6415, 0.696 0.696 0.6415, 0.5822 0.7936 0.6415, 1.2992 -1.5748 1.2399, 1.3026 -1.5748 1.2654, 1.3118 -1.5043 1.2654, 1.3124 -1.5748 1.2891, 1.3213 -1.5069 1.2891, 1.328 -1.5748 1.3095, 1.3364 -1.5109 1.3095, 1.3484 -1.5748 1.3251, 1.3561 -1.5162 1.3251, 1.3722 -1.5748 1.335, 1.3791 -1.5224 1.335, 1.3976 -1.5748 1.3383, 1.4037 -1.5289 1.3383, 1.4214 -1.4862 1.3383, 1.3993 -1.4735 1.335, 1.4495 -1.4495 1.3383, 1.4315 -1.4315 1.335, 1.4862 -1.4214 1.3383, 1.4735 -1.3993 1.335, 1.5289 -1.4037 1.3383, 1.5224 -1.3791 1.335, 1.5748 -1.3976 1.3383, 1.5748 -1.3722 1.335, 1.6207 -1.4037 1.3383, 1.6272 -1.3791 1.335, 1.6634 -1.4214 1.3383, 1.6761 -1.3993 1.335, 1.7001 -1.4495 1.3383, 1.7181 -1.4315 1.335, 1.7282 -1.4862 1.3383, 1.7503 -1.4735 1.335, 1.7459 -1.5289 1.3383, 1.7705 -1.5224 1.335, 1.752 -1.5748 1.3383, 1.7774 -1.5748 1.335, 1.3788 -1.4616 1.3251, 1.4147 -1.4147 1.3251, 1.4616 -1.3788 1.3251, 1.5162 -1.3561 1.3251, 1.5748 -1.3484 1.3251, 1.6334 -1.3561 1.3251, 1.688 -1.3788 1.3251, 1.7349 -1.4147 1.3251, 1.7709 -1.4616 1.3251, 1.7935 -1.5162 1.3251, 1.8012 -1.5748 1.3251, 1.3611 -1.4514 1.3095, 1.4003 -1.4003 1.3095, 1.4514 -1.3611 1.3095, 1.5109 -1.3364 1.3095, 1.5748 -1.328 1.3095, 1.6387 -1.3364 1.3095, 1.6982 -1.3611 1.3095, 1.7493 -1.4003 1.3095, 1.7885 -1.4514 1.3095, 1.8132 -1.5109 1.3095, 1.8216 -1.5748 1.3095, 1.3476 -1.4436 1.2891, 1.3893 -1.3893 1.2891, 1.4436 -1.3476 1.2891, 1.5069 -1.3213 1.2891, 1.5748 -1.3124 1.2891, 1.6427 -1.3213 1.2891, 1.706 -1.3476 1.2891, 1.7604 -1.3893 1.2891, 1.8021 -1.4436 1.2891, 1.8283 -1.5069 1.2891, 1.8372 -1.5748 1.2891, 1.339 -1.4387 1.2654, 1.3823 -1.3823 1.2654, 1.4387 -1.339 1.2654, 1.5043 -1.3118 1.2654, 1.5748 -1.3026 1.2654, 1.6453 -1.3118 1.2654, 1.7109 -1.339 1.2654, 1.7673 -1.3823 1.2654, 1.8106 -1.4387 1.2654, 1.8378 -1.5043 1.2654, 1.847 -1.5748 1.2654, 1.3086 -1.5035 1.2399, 1.3361 -1.437 1.2399, 1.3799 -1.3799 1.2399, 1.437 -1.3361 1.2399, 1.5035 -1.3086 1.2399, 1.5748 -1.2992 1.2399, 1.6461 -1.3086 1.2399, 1.7126 -1.3361 1.2399, 1.7697 -1.3799 1.2399, 1.8135 -1.437 1.2399, 1.841 -1.5035 1.2399, 1.8504 -1.5748 1.2399, 1.4037 -1.6207 1.3383, 1.7282 -1.6634 1.3383, 1.7459 -1.6207 1.3383, 1.4495 -1.7001 1.3383, 1.4214 -1.6634 1.3383, 1.4862 -1.7282 1.3383, 1.5289 -1.7459 1.3383, 1.5748 -1.752 1.3383, 1.6207 -1.7459 1.3383, 1.6634 -1.7282 1.3383, 1.7001 -1.7001 1.3383, 1.752 1.5748 1.3383, 1.7774 1.5748 1.335, 1.7705 1.6272 1.335, 1.8012 1.5748 1.3251, 1.7935 1.6334 1.3251, 1.8216 1.5748 1.3095, 1.8132 1.6387 1.3095, 1.8372 1.5748 1.2891, 1.8283 1.6427 1.2891, 1.847 1.5748 1.2654, 1.8378 1.6453 1.2654, 1.8504 1.5748 1.2399, 1.841 1.6461 1.2399, 1.8135 1.7126 1.2399, 1.8106 1.7109 1.2654, 1.7697 1.7697 1.2399, 1.7673 1.7673 1.2654, 1.7126 1.8135 1.2399, 1.7109 1.8106 1.2654, 1.6461 1.841 1.2399, 1.6453 1.8378 1.2654, 1.5748 1.8504 1.2399, 1.5748 1.847 1.2654, 1.5035 1.841 1.2399, 1.5043 1.8378 1.2654, 1.437 1.8135 1.2399, 1.4387 1.8106 1.2654, 1.3799 1.7697 1.2399, 1.3823 1.7673 1.2654, 1.3361 1.7126 1.2399, 1.339 1.7109 1.2654, 1.3086 1.6461 1.2399, 1.3118 1.6453 1.2654, 1.2992 1.5748 1.2399, 1.3026 1.5748 1.2654, 1.8021 1.706 1.2891, 1.7604 1.7604 1.2891, 1.706 1.8021 1.2891, 1.6427 1.8283 1.2891, 1.5748 1.8372 1.2891, 1.5069 1.8283 1.2891, 1.4436 1.8021 1.2891, 1.3893 1.7604 1.2891, 1.3476 1.706 1.2891, 1.3213 1.6427 1.2891, 1.3124 1.5748 1.2891, 1.7885 1.6982 1.3095, 1.7493 1.7493 1.3095, 1.6982 1.7885 1.3095, 1.6387 1.8132 1.3095, 1.5748 1.8216 1.3095, 1.5109 1.8132 1.3095, 1.4514 1.7885 1.3095, 1.4003 1.7493 1.3095, 1.3611 1.6982 1.3095, 1.3364 1.6387 1.3095, 1.328 1.5748 1.3095, 1.7709 1.688 1.3251, 1.7349 1.7349 1.3251, 1.688 1.7709 1.3251, 1.6334 1.7935 1.3251, 1.5748 1.8012 1.3251, 1.5162 1.7935 1.3251, 1.4616 1.7709 1.3251, 1.4147 1.7349 1.3251, 1.3788 1.688 1.3251, 1.3561 1.6334 1.3251, 1.3484 1.5748 1.3251, 1.7503 1.6761 1.335, 1.7181 1.7181 1.335, 1.6761 1.7503 1.335, 1.6272 1.7705 1.335, 1.5748 1.7774 1.335, 1.5224 1.7705 1.335, 1.4735 1.7503 1.335, 1.4315 1.7181 1.335, 1.3993 1.6761 1.335, 1.3791 1.6272 1.335, 1.3722 1.5748 1.335, 1.7459 1.6207 1.3383, 1.7282 1.6634 1.3383, 1.7001 1.7001 1.3383, 1.6634 1.7282 1.3383, 1.6207 1.7459 1.3383, 1.5748 1.752 1.3383, 1.5289 1.7459 1.3383, 1.4862 1.7282 1.3383, 1.4495 1.7001 1.3383, 1.4214 1.6634 1.3383, 1.4037 1.6207 1.3383, 1.3976 1.5748 1.3383, 1.4037 1.5289 1.3383, 1.7282 1.4862 1.3383, 1.7459 1.5289 1.3383, 1.7001 1.4495 1.3383, 1.4214 1.4862 1.3383, 1.4495 1.4495 1.3383, 1.4862 1.4214 1.3383, 1.5289 1.4037 1.3383, 1.6634 1.4214 1.3383, 1.5748 1.3976 1.3383, 1.6207 1.4037 1.3383, 1.811 1.8898 1.1218, 1.8406 1.8898 1.1218, 1.8406 1.8504 1.1218, 1.137 1.8935 1.1218, 1.1417 1.9291 1.1218, 1.1417 1.8898 1.1218, 1.117 1.8504 1.1218, 1.1233 1.8602 1.1218, 1.3189 1.8898 1.1218, 1.6339 1.8898 1.1218, 1.3189 -1.8898 1.1218, 1.1417 -1.8898 1.1218, 1.8406 -1.8504 1.1218, 1.8406 -1.8898 1.1218, 1.811 -1.8898 1.1218, 1.6339 -1.8898 1.1218, 1.117 -1.8504 1.1218, 1.1233 -1.8602 1.1218, 1.137 -1.8935 1.1218, 1.1417 -1.9291 1.1218
            ]
        }
        coordIndex [
            0,1,2,-1,2,1,3,-1,4,5,6,-1,6,5,2,-1,6,2,7,-1,7,2,3,-1,8,9,10,-1,8,10,11,-1,11,10,12,-1,11,12,13,-1,13,12,14,-1,13,14,15,-1,15,14,16,-1,15,16,17,-1,17,16,18,-1,17,18,19,-1,19,18,20,-1,19,20,21,-1,21,20,22,-1,21,22,23,-1,23,22,5,-1,23,5,4,-1,24,25,8,-1,8,25,9,-1,26,27,28,-1,28,27,29,-1,28,29,30,-1,30,29,31,-1,30,31,32,-1,32,31,33,-1,32,33,34,-1,34,33,35,-1,34,35,36,-1,36,35,37,-1,36,37,38,-1,38,37,39,-1,38,39,24,-1,24,39,25,-1,40,27,41,-1,41,27,26,-1,42,43,44,-1,44,43,45,-1,44,45,46,-1,46,45,47,-1,46,47,48,-1,48,47,49,-1,48,49,50,-1,50,49,51,-1,50,51,52,-1,52,51,53,-1,52,53,54,-1,54,53,55,-1,54,55,41,-1,41,55,40,-1,56,57,42,-1,42,57,43,-1,58,59,60,-1,58,60,61,-1,61,60,62,-1,61,62,63,-1,63,62,64,-1,63,64,65,-1,65,64,66,-1,65,66,67,-1,67,66,68,-1,67,68,69,-1,70,71,72,-1,72,71,73,-1,72,73,58,-1,58,73,59,-1,74,75,71,-1,71,75,73,-1,76,77,78,-1,78,77,79,-1,78,79,80,-1,80,79,81,-1,80,81,82,-1,82,81,83,-1,82,83,84,-1,84,83,85,-1,84,85,86,-1,86,85,87,-1,86,87,74,-1,74,87,75,-1,88,89,76,-1,76,89,77,-1,90,91,92,-1,92,91,89,-1,92,89,93,-1,93,89,88,-1,94,95,96,-1,94,96,97,-1,97,96,98,-1,97,98,99,-1,99,98,100,-1,99,100,101,-1,101,100,102,-1,101,102,103,-1,104,105,94,-1,94,105,95,-1,106,107,108,-1,108,107,109,-1,108,109,110,-1,110,109,111,-1,110,111,112,-1,112,111,113,-1,112,113,114,-1,114,113,115,-1,114,115,116,-1,116,115,117,-1,116,117,118,-1,118,117,119,-1,118,119,104,-1,104,119,105,-1,120,107,121,-1,121,107,106,-1,122,123,124,-1,124,123,125,-1,124,125,126,-1,126,125,127,-1,126,127,128,-1,128,127,129,-1,128,129,130,-1,130,129,131,-1,130,131,132,-1,132,131,133,-1,132,133,134,-1,134,133,135,-1,134,135,121,-1,121,135,120,-1,136,137,122,-1,122,137,123,-1,138,139,140,-1,138,140,141,-1,141,140,142,-1,141,142,143,-1,143,142,144,-1,143,144,145,-1,145,144,146,-1,145,146,147,-1,147,146,148,-1,147,148,149,-1,149,148,150,-1,149,150,151,-1,151,150,152,-1,151,152,153,-1,153,152,137,-1,153,137,136,-1,154,155,156,-1,156,155,157,-1,156,157,138,-1,138,157,139,-1,158,159,155,-1,155,159,157,-1,154,156,160,-1,160,156,161,-1,162,163,147,-1,164,161,156,-1,165,141,143,-1,165,166,141,-1,141,166,164,-1,141,164,138,-1,138,164,156,-1,167,168,169,-1,153,99,151,-1,151,99,101,-1,121,106,104,-1,104,106,108,-1,104,108,118,-1,169,165,167,-1,167,165,143,-1,167,143,170,-1,170,143,145,-1,170,145,171,-1,171,145,147,-1,171,147,172,-1,172,147,163,-1,173,174,175,-1,175,174,90,-1,175,90,92,-1,112,114,116,-1,124,121,122,-1,122,121,104,-1,122,104,136,-1,136,104,94,-1,136,94,153,-1,153,94,97,-1,153,97,99,-1,101,103,151,-1,151,103,176,-1,151,176,177,-1,162,147,178,-1,178,147,149,-1,178,149,179,-1,179,149,151,-1,179,151,175,-1,175,151,177,-1,175,177,173,-1,118,108,116,-1,116,108,110,-1,116,110,112,-1,128,130,126,-1,126,130,132,-1,126,132,124,-1,124,132,134,-1,124,134,121,-1,180,175,93,-1,93,175,92,-1,70,72,181,-1,181,72,182,-1,183,182,13,-1,69,184,13,-1,185,186,187,-1,13,184,11,-1,21,187,19,-1,19,187,188,-1,19,188,17,-1,17,188,189,-1,183,13,190,-1,190,13,15,-1,190,15,191,-1,191,15,17,-1,191,17,192,-1,192,17,189,-1,192,189,193,-1,61,182,58,-1,58,182,72,-1,21,23,187,-1,187,23,194,-1,187,194,185,-1,184,195,11,-1,11,195,196,-1,11,196,8,-1,8,196,56,-1,8,56,24,-1,24,56,42,-1,6,197,4,-1,4,197,198,-1,4,198,23,-1,23,198,199,-1,23,199,194,-1,61,63,182,-1,182,63,65,-1,182,65,13,-1,13,65,67,-1,13,67,69,-1,30,32,24,-1,46,54,44,-1,44,54,42,-1,54,41,42,-1,42,41,26,-1,42,26,24,-1,24,26,28,-1,24,28,30,-1,48,50,46,-1,46,50,52,-1,46,52,54,-1,32,34,24,-1,24,34,36,-1,24,36,38,-1,200,197,7,-1,7,197,6,-1,193,201,202,-1,181,182,203,-1,203,182,183,-1,203,183,204,-1,204,183,190,-1,204,190,205,-1,205,190,191,-1,205,191,206,-1,206,191,192,-1,206,192,207,-1,192,193,207,-1,207,193,202,-1,207,202,208,-1,208,202,209,-1,208,209,210,-1,210,209,211,-1,210,211,212,-1,212,211,213,-1,212,213,214,-1,214,213,215,-1,214,215,216,-1,216,215,217,-1,216,217,218,-1,218,217,219,-1,218,219,220,-1,220,219,221,-1,197,200,198,-1,198,200,222,-1,198,222,199,-1,199,222,223,-1,199,223,194,-1,194,223,224,-1,194,224,185,-1,185,224,225,-1,185,225,186,-1,186,225,226,-1,186,226,227,-1,220,221,226,-1,226,221,228,-1,226,228,227,-1,168,229,230,-1,160,161,231,-1,231,161,164,-1,231,164,232,-1,232,164,166,-1,232,166,233,-1,233,166,165,-1,233,165,234,-1,234,165,169,-1,234,169,235,-1,169,168,235,-1,235,168,230,-1,235,230,236,-1,236,230,237,-1,236,237,238,-1,238,237,239,-1,238,239,240,-1,240,239,241,-1,240,241,242,-1,242,241,243,-1,242,243,244,-1,244,243,245,-1,244,245,246,-1,246,245,247,-1,246,247,248,-1,248,247,249,-1,175,180,179,-1,179,180,250,-1,179,250,178,-1,178,250,251,-1,178,251,162,-1,162,251,252,-1,162,252,163,-1,163,252,253,-1,163,253,172,-1,172,253,254,-1,172,254,255,-1,248,249,254,-1,254,249,256,-1,254,256,255,-1,229,168,167,-1,229,167,257,-1,257,167,170,-1,257,170,258,-1,258,170,171,-1,258,171,259,-1,259,171,172,-1,259,172,255,-1,201,193,189,-1,201,189,260,-1,260,189,188,-1,260,188,261,-1,261,188,187,-1,261,187,262,-1,262,187,186,-1,262,186,227,-1,262,227,228,-1,228,209,202,-1,202,201,260,-1,228,221,219,-1,219,217,228,-1,228,217,215,-1,228,215,209,-1,209,215,213,-1,209,213,211,-1,202,260,228,-1,228,260,261,-1,228,261,262,-1,259,255,256,-1,256,237,230,-1,230,229,257,-1,256,249,247,-1,247,245,256,-1,256,245,243,-1,256,243,237,-1,237,243,241,-1,237,241,239,-1,230,257,256,-1,256,257,258,-1,256,258,259,-1,263,264,265,-1,264,266,267,-1,266,268,269,-1,268,270,271,-1,270,272,273,-1,272,274,275,-1,272,275,273,-1,273,275,276,-1,273,276,277,-1,277,276,278,-1,277,278,279,-1,279,278,280,-1,279,280,281,-1,281,280,282,-1,281,282,283,-1,283,282,284,-1,283,284,285,-1,285,284,286,-1,285,286,287,-1,287,286,288,-1,287,288,289,-1,289,288,290,-1,289,290,291,-1,291,290,292,-1,291,292,293,-1,293,292,294,-1,293,294,295,-1,295,294,296,-1,295,296,297,-1,270,273,271,-1,271,273,277,-1,271,277,298,-1,298,277,279,-1,298,279,299,-1,299,279,281,-1,299,281,300,-1,300,281,283,-1,300,283,301,-1,301,283,285,-1,301,285,302,-1,302,285,287,-1,302,287,303,-1,303,287,289,-1,303,289,304,-1,304,289,291,-1,304,291,305,-1,305,291,293,-1,305,293,306,-1,306,293,295,-1,306,295,307,-1,307,295,297,-1,307,297,308,-1,268,271,269,-1,269,271,298,-1,269,298,309,-1,309,298,299,-1,309,299,310,-1,310,299,300,-1,310,300,311,-1,311,300,301,-1,311,301,312,-1,312,301,302,-1,312,302,313,-1,313,302,303,-1,313,303,314,-1,314,303,304,-1,314,304,315,-1,315,304,305,-1,315,305,316,-1,316,305,306,-1,316,306,317,-1,317,306,307,-1,317,307,318,-1,318,307,308,-1,318,308,319,-1,266,269,267,-1,267,269,309,-1,267,309,320,-1,320,309,310,-1,320,310,321,-1,321,310,311,-1,321,311,322,-1,322,311,312,-1,322,312,323,-1,323,312,313,-1,323,313,324,-1,324,313,314,-1,324,314,325,-1,325,314,315,-1,325,315,326,-1,326,315,316,-1,326,316,327,-1,327,316,317,-1,327,317,328,-1,328,317,318,-1,328,318,329,-1,329,318,319,-1,329,319,330,-1,264,267,265,-1,265,267,320,-1,265,320,331,-1,331,320,321,-1,331,321,332,-1,332,321,322,-1,332,322,333,-1,333,322,323,-1,333,323,334,-1,334,323,324,-1,334,324,335,-1,335,324,325,-1,335,325,336,-1,336,325,326,-1,336,326,337,-1,337,326,327,-1,337,327,338,-1,338,327,328,-1,338,328,339,-1,339,328,329,-1,339,329,340,-1,340,329,330,-1,340,330,341,-1,263,265,342,-1,342,265,331,-1,342,331,343,-1,343,331,332,-1,343,332,344,-1,344,332,333,-1,344,333,345,-1,345,333,334,-1,345,334,346,-1,346,334,335,-1,346,335,347,-1,347,335,336,-1,347,336,348,-1,348,336,337,-1,348,337,349,-1,349,337,338,-1,349,338,350,-1,350,338,339,-1,350,339,351,-1,351,339,340,-1,351,340,352,-1,352,340,341,-1,352,341,353,-1,296,294,354,-1,355,356,357,-1,296,354,356,-1,356,354,358,-1,356,358,357,-1,292,290,294,-1,294,290,288,-1,294,288,286,-1,280,278,294,-1,294,278,276,-1,359,360,357,-1,357,360,361,-1,357,361,362,-1,286,284,294,-1,294,284,282,-1,294,282,280,-1,276,275,294,-1,294,275,274,-1,294,274,354,-1,362,363,357,-1,357,363,364,-1,357,364,355,-1,365,366,367,-1,366,368,369,-1,368,370,371,-1,370,372,373,-1,372,374,375,-1,374,376,377,-1,374,377,375,-1,375,377,378,-1,375,378,379,-1,379,378,380,-1,379,380,381,-1,381,380,382,-1,381,382,383,-1,383,382,384,-1,383,384,385,-1,385,384,386,-1,385,386,387,-1,387,386,388,-1,387,388,389,-1,389,388,390,-1,389,390,391,-1,391,390,392,-1,391,392,393,-1,393,392,394,-1,393,394,395,-1,395,394,396,-1,395,396,397,-1,397,396,398,-1,397,398,399,-1,372,375,373,-1,373,375,379,-1,373,379,400,-1,400,379,381,-1,400,381,401,-1,401,381,383,-1,401,383,402,-1,402,383,385,-1,402,385,403,-1,403,385,387,-1,403,387,404,-1,404,387,389,-1,404,389,405,-1,405,389,391,-1,405,391,406,-1,406,391,393,-1,406,393,407,-1,407,393,395,-1,407,395,408,-1,408,395,397,-1,408,397,409,-1,409,397,399,-1,409,399,410,-1,370,373,371,-1,371,373,400,-1,371,400,411,-1,411,400,401,-1,411,401,412,-1,412,401,402,-1,412,402,413,-1,413,402,403,-1,413,403,414,-1,414,403,404,-1,414,404,415,-1,415,404,405,-1,415,405,416,-1,416,405,406,-1,416,406,417,-1,417,406,407,-1,417,407,418,-1,418,407,408,-1,418,408,419,-1,419,408,409,-1,419,409,420,-1,420,409,410,-1,420,410,421,-1,368,371,369,-1,369,371,411,-1,369,411,422,-1,422,411,412,-1,422,412,423,-1,423,412,413,-1,423,413,424,-1,424,413,414,-1,424,414,425,-1,425,414,415,-1,425,415,426,-1,426,415,416,-1,426,416,427,-1,427,416,417,-1,427,417,428,-1,428,417,418,-1,428,418,429,-1,429,418,419,-1,429,419,430,-1,430,419,420,-1,430,420,431,-1,431,420,421,-1,431,421,432,-1,366,369,367,-1,367,369,422,-1,367,422,433,-1,433,422,423,-1,433,423,434,-1,434,423,424,-1,434,424,435,-1,435,424,425,-1,435,425,436,-1,436,425,426,-1,436,426,437,-1,437,426,427,-1,437,427,438,-1,438,427,428,-1,438,428,439,-1,439,428,429,-1,439,429,440,-1,440,429,430,-1,440,430,441,-1,441,430,431,-1,441,431,442,-1,442,431,432,-1,442,432,443,-1,365,367,444,-1,444,367,433,-1,444,433,445,-1,445,433,434,-1,445,434,446,-1,446,434,435,-1,446,435,447,-1,447,435,436,-1,447,436,448,-1,448,436,437,-1,448,437,449,-1,449,437,438,-1,449,438,450,-1,450,438,439,-1,450,439,451,-1,451,439,440,-1,451,440,452,-1,452,440,441,-1,452,441,453,-1,453,441,442,-1,453,442,454,-1,454,442,443,-1,454,443,455,-1,445,452,444,-1,444,452,453,-1,444,453,454,-1,456,457,458,-1,445,446,452,-1,452,446,447,-1,452,447,448,-1,448,449,452,-1,452,449,450,-1,452,450,451,-1,458,365,456,-1,456,365,444,-1,456,444,455,-1,455,444,454,-1,457,456,459,-1,459,456,460,-1,459,460,461,-1,461,462,459,-1,459,462,463,-1,459,463,464,-1,464,463,465,-1,464,465,466,-1,467,468,469,-1,470,471,472,-1,469,473,474,-1,470,472,474,-1,474,472,475,-1,474,475,469,-1,469,475,476,-1,469,476,467,-1,477,478,479,-1,480,481,479,-1,479,481,482,-1,479,482,477,-1,483,479,484,-1,484,479,478,-1,484,478,485,-1,485,478,486,-1,
        ]
    }
}
Shape{
    appearance Appearance {
        material  Material 	{
            diffuseColor 0.6666666666666666 0.6666666666666666 0.6666666666666666
            specularColor 0.4666666666666667 0.4666666666666667 0.4666666666666667
            ambientIntensity 0.6667
            transparency 0.0
            shininess 0.5
        }
    }
    geometry IndexedFaceSet {
        ccw TRUE
        solid FALSE
        coord DEF co Coordinate {
            point [
                1.1417 -2.0079 1.1612, 1.1417 -2.0079 0.1966, 1.3189 -2.0079 1.1612, 1.3189 -2.0079 0.1966, 1.6339 -2.0079 1.1612, 1.6339 -2.0079 0.1966, 1.811 -2.0079 1.1612, 1.811 -2.0079 0.1966, 1.811 2.0079 1.1612, 1.811 2.0079 0.1966, 1.6339 2.0079 1.1612, 1.6339 2.0079 0.1966, 1.3189 2.0079 1.1612, 1.3189 2.0079 0.1966, 1.1417 2.0079 1.1612, 1.1417 2.0079 0.1966, 1.811 1.8898 0.181, 1.811 1.8898 1.1218, 1.6339 1.8898 0.181, 1.6339 1.8898 1.1218, 1.1417 -1.8898 0.181, 1.1417 -1.8898 1.1218, 1.3189 -1.8898 0.181, 1.3189 -1.8898 1.1218, 1.3189 1.8898 0.181, 1.3189 1.8898 1.1218, 1.1417 1.8898 0.181, 1.1417 1.8898 1.1218, 1.6339 -1.8898 0.181, 1.6339 -1.8898 1.1218, 1.811 -1.8898 0.181, 1.811 -1.8898 1.1218, 0.8661 2.0039 1.2399, 0.8661 1.9291 1.2399, 0.8661 2.0039 1.1218, 0.8661 1.9291 1.1218, 1.1417 1.9291 1.2399, 1.1417 1.9291 1.1218, 1.137 1.8935 1.2399, 1.137 1.8935 1.1218, 1.1233 1.8602 1.2399, 1.1233 1.8602 1.1218, 1.117 1.8504 1.1218, 1.1014 1.8317 1.2399, 1.1014 1.8317 1.1218, 1.0728 1.8098 1.2399, 1.0728 1.8098 1.1218, 1.0396 1.796 1.2399, 1.0396 1.796 1.1218, 1.0039 1.7913 1.2399, 1.0039 1.7913 1.1218, 0.9683 1.796 1.2399, 0.9683 1.796 1.1218, 0.935 1.8098 1.2399, 0.935 1.8098 1.1218, 0.9065 1.8317 1.2399, 0.9065 1.8317 1.1218, 0.8846 1.8602 1.2399, 0.8846 1.8602 1.1218, 0.8708 1.8935 1.2399, 0.8708 1.8935 1.1218, 1.1417 2.0333 0.1015, 1.1417 1.9193 0.0709, 1.1417 2.0052 1.1815, 1.1417 1.9685 1.2293, 1.1417 1.9495 1.2372, 1.1417 1.9848 1.2168, 1.1417 1.9973 1.2005, 1.3189 1.8938 0.166, 1.3189 2.0052 1.1815, 1.3189 1.9973 1.2005, 1.3189 1.9848 1.2168, 1.3189 1.9685 1.2293, 1.3189 1.9495 1.2372, 1.3189 1.9291 1.2399, 1.3189 1.8898 1.2399, 1.6339 1.8898 1.2399, 1.6339 2.0052 1.1815, 1.6339 1.8938 0.166, 1.6339 1.9291 1.2399, 1.6339 1.9495 1.2372, 1.6339 1.9685 1.2293, 1.6339 1.9848 1.2168, 1.6339 1.9973 1.2005, 1.811 1.9193 0.0709, 1.811 2.0333 0.1015, 1.811 2.0052 1.1815, 1.811 1.9973 1.2005, 1.811 1.9848 1.2168, 1.811 1.9685 1.2293, 1.811 1.9495 1.2372, 1.811 1.9291 1.2399, 1.811 1.8898 1.2399, 1.8406 1.8898 1.1218, 2.0039 1.8898 1.2399, 2.0039 1.8898 1.1218, 2.0039 -1.8898 1.2399, 2.0039 -1.8898 1.1218, 2.0039 0.0 1.2399, 1.8406 -1.8898 1.1218, 1.811 -1.8898 1.2399, 1.811 -2.0333 0.1015, 1.811 -1.9193 0.0709, 1.811 -2.0052 1.1815, 1.811 -1.9291 1.2399, 1.811 -1.9495 1.2372, 1.811 -1.9685 1.2293, 1.811 -1.9848 1.2168, 1.811 -1.9973 1.2005, 1.6339 -1.9291 1.2399, 1.6339 -1.8898 1.2399, 1.6339 -1.9495 1.2372, 1.6339 -1.8938 0.166, 1.6339 -2.0052 1.1815, 1.6339 -1.9973 1.2005, 1.6339 -1.9848 1.2168, 1.6339 -1.9685 1.2293, 1.3189 -1.8898 1.2399, 1.3189 -2.0052 1.1815, 1.3189 -1.8938 0.166, 1.3189 -1.9291 1.2399, 1.3189 -1.9495 1.2372, 1.3189 -1.9685 1.2293, 1.3189 -1.9848 1.2168, 1.3189 -1.9973 1.2005, 1.1417 -1.9495 1.2372, 1.1417 -1.9291 1.2399, 1.1417 -1.9291 1.1218, 1.1417 -2.0052 1.1815, 1.1417 -1.9973 1.2005, 1.1417 -1.9193 0.0709, 1.1417 -2.0333 0.1015, 1.1417 -1.9848 1.2168, 1.1417 -1.9685 1.2293, 0.8661 -1.9291 1.2399, 0.8661 -1.9291 1.1218, 0.8708 -1.8935 1.2399, 0.8708 -1.8935 1.1218, 0.8846 -1.8602 1.2399, 0.8846 -1.8602 1.1218, 0.9065 -1.8317 1.2399, 0.9065 -1.8317 1.1218, 0.935 -1.8098 1.2399, 0.935 -1.8098 1.1218, 0.9683 -1.796 1.2399, 0.9683 -1.796 1.1218, 1.0039 -1.7913 1.2399, 1.0039 -1.7913 1.1218, 1.0396 -1.796 1.2399, 1.0396 -1.796 1.1218, 1.0728 -1.8098 1.2399, 1.0728 -1.8098 1.1218, 1.1014 -1.8317 1.2399, 1.1014 -1.8317 1.1218, 1.117 -1.8504 1.1218, 1.1233 -1.8602 1.2399, 1.1233 -1.8602 1.1218, 1.137 -1.8935 1.2399, 1.137 -1.8935 1.1218, 0.8661 -2.0039 1.2399, 0.8661 -2.0039 1.1218, 1.7323 1.9396 -0.0051, 1.2205 1.9396 -0.0051, 1.7323 2.0537 0.0255, 1.2205 2.0537 0.0255, 1.1444 2.0386 0.0818, 1.2001 2.053 0.028, 1.1811 2.051 0.0356, 1.809 2.0379 0.0846, 1.8032 2.0422 0.0685, 1.1648 2.0478 0.0477, 1.1523 2.0435 0.0635, 1.7664 2.0517 0.033, 1.7498 2.0532 0.0274, 1.7938 2.0461 0.0541, 1.7814 2.0493 0.042, 1.7938 1.932 0.0235, 1.8032 1.9281 0.0379, 1.809 1.9238 0.054, 1.7498 1.9391 -0.0032, 1.7664 1.9376 0.0024, 1.7814 1.9352 0.0115, 1.1648 1.9337 0.0172, 1.1811 1.9369 0.0051, 1.1444 1.9245 0.0513, 1.1523 1.9295 0.0329, 1.2001 1.9389 -0.0025, 1.1444 -1.9245 0.0513, 1.1523 -1.9295 0.0329, 1.7814 -1.9352 0.0115, 1.7664 -1.9376 0.0024, 1.809 -1.9238 0.054, 1.7498 -1.9391 -0.0032, 1.7323 -1.9396 -0.0051, 1.2205 -1.9396 -0.0051, 1.2001 -1.9389 -0.0025, 1.1811 -1.9369 0.0051, 1.1648 -1.9337 0.0172, 1.8032 -1.9281 0.0379, 1.7938 -1.932 0.0235, 1.7323 -2.0537 0.0255, 1.2205 -2.0537 0.0255, 1.8032 -2.0422 0.0685, 1.809 -2.0379 0.0846, 1.7498 -2.0532 0.0274, 1.7664 -2.0517 0.033, 1.7814 -2.0493 0.042, 1.7938 -2.0461 0.0541, 1.1444 -2.0386 0.0818, 1.1523 -2.0435 0.0635, 1.1648 -2.0478 0.0477, 1.1811 -2.051 0.0356, 1.2001 -2.053 0.028
            ]
        }
        coordIndex [
            0,1,2,-1,2,1,3,-1,4,5,6,-1,6,5,7,-1,8,9,10,-1,10,9,11,-1,12,13,14,-1,14,13,15,-1,16,17,18,-1,18,17,19,-1,20,21,22,-1,22,21,23,-1,24,25,26,-1,26,25,27,-1,28,29,30,-1,30,29,31,-1,32,33,34,-1,34,33,35,-1,36,37,38,-1,38,37,39,-1,38,39,40,-1,39,41,40,-1,40,41,42,-1,40,42,43,-1,43,42,44,-1,43,44,45,-1,45,44,46,-1,45,46,47,-1,47,46,48,-1,47,48,49,-1,49,48,50,-1,49,50,51,-1,51,50,52,-1,51,52,53,-1,53,52,54,-1,53,54,55,-1,55,54,56,-1,55,56,57,-1,57,56,58,-1,57,58,59,-1,59,58,60,-1,59,60,33,-1,33,60,35,-1,15,61,62,-1,27,37,26,-1,26,37,62,-1,15,62,14,-1,14,62,37,-1,14,37,63,-1,64,37,65,-1,65,37,36,-1,64,66,37,-1,37,66,67,-1,37,67,63,-1,68,13,24,-1,24,13,12,-1,24,12,25,-1,25,12,69,-1,69,70,25,-1,25,70,71,-1,25,71,72,-1,72,73,25,-1,25,73,74,-1,25,74,75,-1,75,76,25,-1,25,76,19,-1,77,10,19,-1,19,10,18,-1,18,10,11,-1,18,11,78,-1,76,79,19,-1,19,79,80,-1,19,80,81,-1,81,82,19,-1,19,82,83,-1,19,83,77,-1,84,85,16,-1,16,85,9,-1,16,9,17,-1,17,9,8,-1,17,8,86,-1,86,87,17,-1,17,87,88,-1,17,88,89,-1,89,90,17,-1,17,90,91,-1,17,91,92,-1,17,92,93,-1,93,92,94,-1,93,94,95,-1,96,97,98,-1,98,97,95,-1,98,95,94,-1,97,96,99,-1,99,96,100,-1,99,100,31,-1,101,102,7,-1,7,102,30,-1,7,30,6,-1,6,30,31,-1,6,31,103,-1,100,104,31,-1,31,104,105,-1,31,105,106,-1,106,107,31,-1,31,107,108,-1,31,108,103,-1,109,110,29,-1,109,29,111,-1,112,5,28,-1,28,5,4,-1,28,4,29,-1,29,4,113,-1,29,113,114,-1,114,115,29,-1,29,115,116,-1,29,116,111,-1,110,117,29,-1,29,117,23,-1,118,2,23,-1,23,2,22,-1,22,2,3,-1,22,3,119,-1,117,120,23,-1,23,120,121,-1,23,121,122,-1,122,123,23,-1,23,123,124,-1,23,124,118,-1,125,126,127,-1,128,129,127,-1,130,131,20,-1,20,131,1,-1,20,1,21,-1,21,1,127,-1,127,1,0,-1,127,0,128,-1,129,132,127,-1,127,132,133,-1,127,133,125,-1,134,135,136,-1,136,135,137,-1,136,137,138,-1,138,137,139,-1,138,139,140,-1,140,139,141,-1,140,141,142,-1,142,141,143,-1,142,143,144,-1,144,143,145,-1,144,145,146,-1,146,145,147,-1,146,147,148,-1,148,147,149,-1,148,149,150,-1,150,149,151,-1,150,151,152,-1,151,153,152,-1,152,153,154,-1,152,154,155,-1,155,154,156,-1,155,156,157,-1,157,156,158,-1,157,158,126,-1,126,158,127,-1,134,159,135,-1,135,159,160,-1,68,78,13,-1,13,78,11,-1,161,162,163,-1,163,162,164,-1,61,15,13,-1,61,13,165,-1,166,167,13,-1,9,85,11,-1,11,85,168,-1,11,168,169,-1,167,170,13,-1,13,170,171,-1,13,171,165,-1,172,173,11,-1,11,173,163,-1,11,163,13,-1,13,163,164,-1,13,164,166,-1,169,174,11,-1,11,174,175,-1,11,175,172,-1,176,177,78,-1,16,18,84,-1,84,18,78,-1,84,78,178,-1,178,78,177,-1,179,180,78,-1,78,180,181,-1,78,181,176,-1,24,26,68,-1,68,26,62,-1,68,182,183,-1,62,184,68,-1,68,184,185,-1,68,185,182,-1,183,186,68,-1,68,186,162,-1,68,162,78,-1,78,162,161,-1,78,161,179,-1,119,3,112,-1,112,3,5,-1,20,22,130,-1,130,22,119,-1,130,119,187,-1,187,119,188,-1,112,189,190,-1,28,30,112,-1,112,30,102,-1,112,102,191,-1,190,192,112,-1,112,192,193,-1,112,193,119,-1,119,193,194,-1,119,194,195,-1,195,196,119,-1,119,196,197,-1,119,197,188,-1,191,198,112,-1,112,198,199,-1,112,199,189,-1,200,201,193,-1,193,201,194,-1,202,203,5,-1,5,203,101,-1,5,101,7,-1,5,3,201,-1,3,1,131,-1,201,200,5,-1,5,200,204,-1,5,204,205,-1,205,206,5,-1,5,206,207,-1,5,207,202,-1,131,208,3,-1,3,208,209,-1,3,209,210,-1,210,211,3,-1,3,211,212,-1,3,212,201,-1,200,193,192,-1,200,192,204,-1,204,192,190,-1,204,190,205,-1,205,190,189,-1,205,189,206,-1,206,189,199,-1,206,199,207,-1,207,199,198,-1,207,198,202,-1,202,198,191,-1,202,191,203,-1,203,191,102,-1,203,102,101,-1,131,130,187,-1,131,187,208,-1,208,187,188,-1,208,188,209,-1,209,188,197,-1,209,197,210,-1,210,197,196,-1,210,196,211,-1,211,196,195,-1,211,195,212,-1,212,195,194,-1,212,194,201,-1,85,84,178,-1,85,178,168,-1,168,178,177,-1,168,177,169,-1,169,177,176,-1,169,176,174,-1,174,176,181,-1,174,181,175,-1,175,181,180,-1,175,180,172,-1,172,180,179,-1,172,179,173,-1,173,179,161,-1,173,161,163,-1,164,162,186,-1,164,186,166,-1,166,186,183,-1,166,183,167,-1,167,183,182,-1,167,182,170,-1,170,182,185,-1,170,185,171,-1,171,185,184,-1,171,184,165,-1,165,184,62,-1,165,62,61,-1,8,10,77,-1,8,77,86,-1,86,77,83,-1,86,83,87,-1,87,83,82,-1,87,82,88,-1,88,82,81,-1,88,81,89,-1,89,81,80,-1,89,80,90,-1,90,80,79,-1,90,79,91,-1,12,14,63,-1,12,63,69,-1,69,63,67,-1,69,67,70,-1,70,67,66,-1,70,66,71,-1,71,66,64,-1,71,64,72,-1,72,64,65,-1,72,65,73,-1,73,65,36,-1,73,36,74,-1,4,6,103,-1,4,103,113,-1,113,103,108,-1,113,108,114,-1,114,108,107,-1,114,107,115,-1,115,107,106,-1,115,106,116,-1,116,106,105,-1,116,105,111,-1,111,105,104,-1,111,104,109,-1,0,2,118,-1,0,118,128,-1,128,118,124,-1,128,124,129,-1,129,124,123,-1,129,123,132,-1,132,123,122,-1,132,122,133,-1,133,122,121,-1,133,121,125,-1,125,121,120,-1,125,120,126,-1,
        ]
    }
}
Shape{
    appearance Appearance {
        material  Material 	{
            diffuseColor 0.20784313725490197 0.20784313725490197 0.20784313725490197
            specularColor 0.01568627450980392 0.01568627450980392 0.01568627450980392
            ambientIntensity 0.298
            transparency 0.0
            shininess 0.5
        }
    }
    geometry IndexedFaceSet {
        ccw TRUE
        solid FALSE
        coord DEF co Coordinate {
            point [
                0.4872 -0.0 0.0194, 0.4872 -0.0 0.0588, 0.4926 -0.0408 0.0194, 0.4926 -0.0408 0.0588, 0.5083 -0.0787 0.0194, 0.5083 -0.0787 0.0588, 0.5333 -0.1114 0.0194, 0.5333 -0.1114 0.0588, 0.5659 -0.1364 0.0194, 0.5659 -0.1364 0.0588, 0.6039 -0.1521 0.0194, 0.6039 -0.1521 0.0588, 0.6447 -0.1575 0.0194, 0.6447 -0.1575 0.0588, 0.6854 -0.1521 0.0194, 0.6854 -0.1521 0.0588, 0.7234 -0.1364 0.0194, 0.7234 -0.1364 0.0588, 0.7355 -0.1271 0.0194, 0.756 -0.1114 0.0588, 0.8022 -0.0 0.0588, 0.8022 -0.0 0.0194, 0.7968 -0.0408 0.0588, 0.7968 -0.0408 0.0194, 0.7811 -0.0787 0.0588, 0.7811 -0.0787 0.0194, 0.756 -0.1114 0.0194, 1.0827 -0.0 0.0194, 1.0827 -0.0 0.0588, 1.0894 -0.0509 0.0194, 1.0894 -0.0509 0.0588, 1.1091 -0.0984 0.0194, 1.1091 -0.0984 0.0588, 1.1403 -0.1392 0.0194, 1.1403 -0.1392 0.0588, 1.1811 -0.1705 0.0194, 1.1811 -0.1705 0.0588, 1.1972 -0.1772 0.0194, 1.2286 -0.1901 0.0588, 1.2795 -0.1969 0.0588, 1.25 -0.193 0.0194, 1.2286 -0.1901 0.0194, 1.378 -0.1705 0.0588, 1.3618 -0.1772 0.0194, 1.3305 -0.1901 0.0588, 1.3305 -0.1901 0.0194, 1.2795 -0.1969 0.0194, 1.4764 -0.0 0.0588, 1.4764 -0.0 0.0194, 1.4697 -0.0509 0.0588, 1.4697 -0.0509 0.0194, 1.45 -0.0984 0.0588, 1.45 -0.0984 0.0194, 1.4187 -0.1392 0.0588, 1.4187 -0.1392 0.0194, 1.378 -0.1705 0.0194, 0.6039 0.1521 0.0588, 0.756 0.1114 0.0588, 0.7811 0.0787 0.0588, 0.4926 0.0408 0.0588, 0.5083 0.0787 0.0588, 0.5333 0.1114 0.0588, 0.6447 0.1575 0.0588, 0.6854 0.1521 0.0588, 0.7234 0.1364 0.0588, 0.5659 0.1364 0.0588, 0.7968 0.0408 0.0588, 1.2795 0.1969 0.0588, 1.3305 0.1901 0.0588, 1.378 0.1705 0.0588, 1.4187 0.1392 0.0588, 1.45 0.0984 0.0588, 1.4697 0.0509 0.0588, 1.2286 0.1901 0.0588, 1.0894 0.0509 0.0588, 1.1091 0.0984 0.0588, 1.1403 0.1392 0.0588, 1.1811 0.1705 0.0588, 1.3386 -1.9882 0.2163, 1.6142 -1.9882 0.2163, 1.3386 -1.9882 0.4131, 1.6142 -1.9882 0.4131, 0.354 -1.5748 0.0194, 0.354 -1.5748 0.0588, 0.3578 -1.6043 0.0194, 0.3593 -1.6156 0.0588, 0.3593 -1.6156 0.0194, 0.3751 -1.6535 0.0194, 0.3751 -1.6535 0.0588, 0.4001 -1.6862 0.0194, 0.4001 -1.6862 0.0588, 0.4327 -1.7112 0.0194, 0.4327 -1.7112 0.0588, 0.4707 -1.7269 0.0194, 0.4707 -1.7269 0.0588, 0.5114 -1.7323 0.0194, 0.5114 -1.7323 0.0588, 0.5522 -1.7269 0.0194, 0.5522 -1.7269 0.0588, 0.5902 -1.7112 0.0194, 0.5902 -1.7112 0.0588, 0.6228 -1.6862 0.0194, 0.6228 -1.6862 0.0588, 0.6478 -1.6535 0.0194, 0.6478 -1.6535 0.0588, 0.6635 -1.6156 0.0194, 0.6635 -1.6156 0.0588, 0.665 -1.6043 0.0194, 0.6689 -1.5748 0.0588, 0.6689 -1.5748 0.0194, 1.4173 -0.5114 0.0194, 1.4173 -0.5114 0.0588, 1.4227 -0.5522 0.0194, 1.4227 -0.5522 0.0588, 1.4384 -0.5902 0.0194, 1.4384 -0.5902 0.0588, 1.4634 -0.6228 0.0194, 1.4634 -0.6228 0.0588, 1.4961 -0.6478 0.0194, 1.4961 -0.6478 0.0588, 1.534 -0.6635 0.0194, 1.534 -0.6635 0.0588, 1.5748 -0.6689 0.0194, 1.5748 -0.6689 0.0588, 1.6156 -0.6635 0.0194, 1.6156 -0.6635 0.0588, 1.6535 -0.6478 0.0194, 1.6535 -0.6478 0.0588, 1.6862 -0.6228 0.0194, 1.6862 -0.6228 0.0588, 1.7112 -0.5902 0.0194, 1.7112 -0.5902 0.0588, 1.7269 -0.5522 0.0194, 1.7269 -0.5522 0.0588, 1.7323 -0.5114 0.0194, 1.7323 -0.5114 0.0588, 1.2598 -1.2598 0.0194, 1.2598 -1.2598 -0.02, 1.2598 -1.6043 0.0194, 1.2598 -1.8504 -0.02, 1.2598 -1.8504 0.0194, 0.2559 -1.6535 0.2163, 0.2559 -1.6535 0.0194, 0.2559 -2.0079 0.2163, 0.2559 -2.0079 0.0194, 1.9488 -1.4532 0.3344, 1.9488 -1.4567 0.3344, 1.9291 -1.4532 0.3344, 1.811 -1.4567 0.3344, 1.9291 -1.1225 0.3344, 1.811 -1.1024 0.3344, 2.0079 -1.1024 0.3344, 2.0079 -1.1147 0.3344, 1.9488 -1.1147 0.3344, 1.9488 -1.1225 0.3344, 2.0079 -1.1024 0.1769, 1.811 -1.1024 0.1769, 1.9488 -1.1147 0.1769, 2.0079 -1.1147 0.1769, 1.811 -1.1225 0.1769, 1.8783 -1.1225 0.1769, 1.811 -1.4532 0.1769, 1.811 -1.4567 0.1769, 1.8783 -1.4532 0.1769, 1.9488 -1.4567 0.1769, 1.6142 -1.8504 0.2163, 1.3386 -1.8504 0.2163, 0.5902 -1.4384 0.0588, 0.6228 -1.4634 0.0588, 0.4327 -1.4384 0.0588, 0.4707 -1.4227 0.0588, 0.6478 -1.4961 0.0588, 0.6635 -1.534 0.0588, 0.3593 -1.534 0.0588, 0.3751 -1.4961 0.0588, 0.4001 -1.4634 0.0588, 0.5114 -1.4173 0.0588, 0.5522 -1.4227 0.0588, 1.4227 -0.4707 0.0588, 1.4384 -0.4327 0.0588, 1.4634 -0.4001 0.0588, 1.7269 -0.4707 0.0588, 1.7112 -0.4327 0.0588, 1.4961 -0.3751 0.0588, 1.534 -0.3593 0.0588, 1.5748 -0.354 0.0588, 1.6156 -0.3593 0.0588, 1.6535 -0.3751 0.0588, 1.6862 -0.4001 0.0588, 1.811 -1.4532 0.2753, 1.811 -1.1225 0.2753, 0.2559 2.0079 0.0194, 0.2559 1.6535 0.0194, 0.2559 2.0079 0.2163, 0.2559 1.6535 0.2163, 1.4173 0.5114 0.0194, 1.4173 0.5114 0.0588, 1.4227 0.4707 0.0194, 1.4227 0.4707 0.0588, 1.4384 0.4327 0.0194, 1.4384 0.4327 0.0588, 1.4634 0.4001 0.0194, 1.4634 0.4001 0.0588, 1.4961 0.3751 0.0194, 1.4961 0.3751 0.0588, 1.534 0.3593 0.0194, 1.534 0.3593 0.0588, 1.5748 0.354 0.0194, 1.5748 0.354 0.0588, 1.6156 0.3593 0.0194, 1.6156 0.3593 0.0588, 1.6535 0.3751 0.0194, 1.6535 0.3751 0.0588, 1.6862 0.4001 0.0194, 1.6862 0.4001 0.0588, 1.7112 0.4327 0.0194, 1.7112 0.4327 0.0588, 1.7269 0.4707 0.0194, 1.7269 0.4707 0.0588, 1.7323 0.5114 0.0194, 1.7323 0.5114 0.0588, 0.354 1.5748 0.0194, 0.354 1.5748 0.0588, 0.3593 1.534 0.0194, 0.3593 1.534 0.0588, 0.3751 1.4961 0.0194, 0.3751 1.4961 0.0588, 0.4001 1.4634 0.0194, 0.4001 1.4634 0.0588, 0.4327 1.4384 0.0194, 0.4327 1.4384 0.0588, 0.4707 1.4227 0.0194, 0.4707 1.4227 0.0588, 0.5114 1.4173 0.0194, 0.5114 1.4173 0.0588, 0.5522 1.4227 0.0194, 0.5522 1.4227 0.0588, 0.5902 1.4384 0.0194, 0.5902 1.4384 0.0588, 0.6228 1.4634 0.0194, 0.6228 1.4634 0.0588, 0.6478 1.4961 0.0194, 0.6478 1.4961 0.0588, 0.6635 1.534 0.0194, 0.6635 1.534 0.0588, 0.6689 1.5748 0.0194, 0.6689 1.5748 0.0588, 1.2598 1.2598 0.0194, 1.2598 1.8504 0.0194, 1.2598 1.2598 -0.02, 1.2598 1.8504 -0.02, 1.6142 1.9882 0.2163, 1.3386 1.9882 0.2163, 1.6142 1.9882 0.4131, 1.3386 1.9882 0.4131, 1.7269 0.5522 0.0588, 1.4384 0.5902 0.0588, 1.4634 0.6228 0.0588, 1.6862 0.6228 0.0588, 1.7112 0.5902 0.0588, 1.4227 0.5522 0.0588, 1.5748 0.6689 0.0588, 1.6535 0.6478 0.0588, 1.6156 0.6635 0.0588, 1.4961 0.6478 0.0588, 1.534 0.6635 0.0588, 0.3593 1.6156 0.0588, 0.3751 1.6535 0.0588, 0.4001 1.6862 0.0588, 0.4327 1.7112 0.0588, 0.4707 1.7269 0.0588, 0.5114 1.7323 0.0588, 0.5522 1.7269 0.0588, 0.5902 1.7112 0.0588, 0.6228 1.6862 0.0588, 0.6635 1.6156 0.0588, 0.6478 1.6535 0.0588, 1.3386 1.8504 0.2163, 1.6142 1.8504 0.2163, 2.0079 1.4567 0.3344, 2.0079 1.4444 0.3344, 1.9488 1.4444 0.3344, 1.9488 1.4365 0.3344, 1.811 1.4365 0.3344, 1.811 1.4567 0.3344, 2.0079 1.4567 0.1769, 1.811 1.4567 0.1769, 1.3386 -1.8504 1.0347, 1.6142 -1.8504 1.0347, 1.1122 1.8504 1.1218, 1.1122 1.8504 0.0194, 1.1122 2.0079 0.0194, 1.1122 2.0079 0.7025, 1.1122 2.0079 0.7366, 1.1122 2.0079 0.8482, 1.1122 2.0079 0.9613, 1.1122 2.0079 1.0527, 1.1122 2.0079 1.1218, 1.6142 1.8504 1.0347, 1.3386 1.8504 1.0347, 1.8406 2.0079 1.1218, 1.8406 2.0079 -0.02, 1.8406 1.8898 1.1218, 1.8406 1.8504 -0.02, 1.8406 1.8504 1.1218, 2.0079 2.0079 -0.02, 2.0079 2.0079 1.1218, 2.0079 -2.0079 -0.02, 2.0079 -2.0079 1.1218, 1.8406 -2.0079 -0.02, 1.8406 -2.0079 1.1218, 1.8406 -1.8504 1.1218, 1.8406 -1.8504 -0.02, 1.8406 -1.8898 1.1218, 1.1122 -1.8504 0.0194, 1.1122 -1.8504 1.1218, 1.1122 -2.0079 0.0194, 1.1122 -2.0079 1.1218, 2.0079 -1.4611 -0.02, 2.0079 -0.1772 0.0194, 2.0079 0.031 0.0194, 2.0079 0.031 0.3344, 2.0079 1.0979 0.3344, 2.0079 1.4444 0.1769, 2.0079 1.4444 -0.02, 2.0079 -1.4611 0.3344, 2.0079 0.3066 0.0194, 2.0079 0.7355 0.0194, 2.0079 0.9424 0.0194, 2.0079 1.0979 0.0194, 2.0079 -1.1147 0.0194, 2.0079 -0.7355 0.0194, 2.0079 -0.4206 0.0194, 2.0079 0.3066 0.3344, 2.0079 0.3066 0.2163, 1.117 1.8504 1.1218, 1.25 1.8504 0.0194, 1.117 -1.8504 1.1218, 1.25 -1.8504 0.0194, 2.0039 -1.8898 1.1218, 2.0039 1.8898 1.1218, 1.9488 -1.2598 -0.02, 1.9488 -1.2598 0.0194, 1.9488 -1.4611 -0.02, 1.9488 1.2598 0.0194, 1.9488 1.2598 -0.02, 1.9488 1.4444 -0.02, 1.811 1.1024 0.1769, 1.811 1.1024 0.2163, 1.8194 1.1024 0.2163, 1.8194 1.1024 0.3344, 1.9488 1.1024 0.3344, 1.9488 1.1024 0.1769, 1.9488 1.1058 0.3344, 1.8194 1.1058 0.3344, 1.9488 1.4444 0.1769, 1.811 1.4365 0.2163, 1.3129 0.3803 1.038, 1.3358 0.2899 1.038, 1.3517 0.2863 1.038, 1.8458 -0.072 1.038, 1.5736 -0.0265 1.038, 1.8098 -0.2113 1.038, 1.5582 -0.0975 1.038, 1.7401 -0.3373 1.038, 1.526 -0.1627 1.038, 1.6411 -0.4418 1.038, 1.4787 -0.2179 1.038, 1.5191 -0.5182 1.038, 1.4194 -0.26 1.038, 1.3819 -0.5616 1.038, 1.3517 -0.2863 1.038, 1.3358 -0.2899 1.038, 1.2781 -0.4847 1.038, 1.2426 -0.5697 1.038, 1.2426 0.5697 1.038, 1.3819 0.5616 1.038, 1.5191 0.5182 1.038, 1.4194 0.26 1.038, 1.6411 0.4418 1.038, 1.4787 0.2179 1.038, 1.7401 0.3373 1.038, 1.526 0.1627 1.038, 1.8098 0.2113 1.038, 1.5582 0.0975 1.038, 1.8458 0.072 1.038, 1.5736 0.0265 1.038, 1.5748 -0.0 1.038, 0.7782 -0.374 1.169, 0.7782 -0.7776 1.169, 0.7782 -0.374 0.7478, 0.7782 -0.7776 0.7478, 0.7782 0.7776 1.169, 0.7782 0.374 1.169, 0.7782 0.7776 0.7478, 0.7782 0.374 0.7478, 0.6706 -0.374 1.169, 0.6706 -0.374 0.7478, 0.6207 -0.6201 1.169, 0.6207 0.6201 1.169, 0.6207 -0.6201 1.2202, 0.6207 0.6201 1.2202, 0.6706 0.374 1.169, 0.6706 0.374 0.7478, 0.6706 0.1937 0.7478, 0.6706 0.1937 1.038, 0.6706 -0.1937 1.038, 0.6706 -0.1937 0.7478, 0.2719 -0.7776 0.7478, 0.4404 -0.3633 0.7478, 0.5014 -0.2729 0.7478, 0.3633 -0.4404 0.7478, 0.2729 -0.5014 0.7478, 0.5847 -0.2006 0.7478, 0.621 -0.1918 0.7478, 0.6585 -0.1918 0.7478, 0.5231 -0.2423 0.7478, 0.5514 -0.2178 0.7478, 0.2451 -0.7589 0.7478, 0.2221 -0.7342 0.7478, 0.2049 -0.7053 0.7478, 0.2049 -0.5743 0.7478, 0.2221 -0.5453 0.7478, 0.2451 -0.5206 0.7478, 0.1943 -0.6733 0.7478, 0.1906 -0.6398 0.7478, 0.1943 -0.6062 0.7478, 0.5231 0.2423 0.7478, 0.5014 0.2729 0.7478, 0.4404 0.3633 0.7478, 0.2719 0.7776 0.7478, 0.6585 0.1918 0.7478, 0.621 0.1918 0.7478, 0.5847 0.2006 0.7478, 0.5514 0.2178 0.7478, 0.3633 0.4404 0.7478, 0.2729 0.5014 0.7478, 0.2451 0.7589 0.7478, 0.2451 0.5206 0.7478, 0.2221 0.5453 0.7478, 0.2049 0.5743 0.7478, 0.1943 0.6062 0.7478, 0.1906 0.6398 0.7478, 0.1943 0.6733 0.7478, 0.2049 0.7053 0.7478, 0.2221 0.7342 0.7478, -0.354 1.5748 0.0194, -0.354 1.5748 0.0588, -0.3593 1.6156 0.0194, -0.3593 1.6156 0.0588, -0.3751 1.6535 0.0194, -0.3751 1.6535 0.0588, -0.4001 1.6862 0.0194, -0.4001 1.6862 0.0588, -0.4206 1.7019 0.0194, -0.4327 1.7112 0.0588, -0.6689 1.5748 0.0588, -0.6689 1.5748 0.0194, -0.6635 1.6156 0.0588, -0.6635 1.6156 0.0194, -0.6478 1.6535 0.0588, -0.6478 1.6535 0.0194, -0.6228 1.6862 0.0588, -0.6228 1.6862 0.0194, -0.5902 1.7112 0.0588, -0.5902 1.7112 0.0194, -0.5522 1.7269 0.0588, -0.5522 1.7269 0.0194, -0.5114 1.7323 0.0588, -0.5114 1.7323 0.0194, -0.4707 1.7269 0.0588, -0.4707 1.7269 0.0194, -0.4327 1.7112 0.0194, -1.4173 0.5114 0.0194, -1.4173 0.5114 0.0588, -1.4227 0.5522 0.0194, -1.4227 0.5522 0.0588, -1.4384 0.5902 0.0194, -1.4384 0.5902 0.0588, -1.4634 0.6228 0.0194, -1.4634 0.6228 0.0588, -1.4961 0.6478 0.0194, -1.4961 0.6478 0.0588, -1.534 0.6635 0.0194, -1.534 0.6635 0.0588, -1.5748 0.6689 0.0194, -1.5748 0.6689 0.0588, -1.6043 0.665 0.0194, -1.6156 0.6635 0.0588, -1.7323 0.5114 0.0588, -1.7323 0.5114 0.0194, -1.7269 0.5522 0.0588, -1.7269 0.5522 0.0194, -1.7112 0.5902 0.0588, -1.7112 0.5902 0.0194, -1.6862 0.6228 0.0588, -1.6862 0.6228 0.0194, -1.6535 0.6478 0.0588, -1.6535 0.6478 0.0194, -1.6156 0.6635 0.0194, -1.4173 -0.5114 0.0194, -1.4173 -0.5114 0.0588, -1.4227 -0.4707 0.0194, -1.4227 -0.4707 0.0588, -1.4384 -0.4327 0.0194, -1.4384 -0.4327 0.0588, -1.4477 -0.4206 0.0194, -1.4634 -0.4001 0.0588, -1.6156 -0.3593 0.0588, -1.6043 -0.3578 0.0194, -1.5748 -0.354 0.0588, -1.5748 -0.354 0.0194, -1.534 -0.3593 0.0588, -1.534 -0.3593 0.0194, -1.4961 -0.3751 0.0588, -1.4961 -0.3751 0.0194, -1.4634 -0.4001 0.0194, -1.7112 -0.4327 0.0588, -1.7019 -0.4206 0.0194, -1.6862 -0.4001 0.0588, -1.6862 -0.4001 0.0194, -1.6535 -0.3751 0.0588, -1.6535 -0.3751 0.0194, -1.6156 -0.3593 0.0194, -1.7323 -0.5114 0.0588, -1.7323 -0.5114 0.0194, -1.7269 -0.4707 0.0588, -1.7269 -0.4707 0.0194, -1.7112 -0.4327 0.0194, -0.354 -1.5748 0.0194, -0.354 -1.5748 0.0588, -0.3593 -1.534 0.0194, -0.3593 -1.534 0.0588, -0.3751 -1.4961 0.0194, -0.3751 -1.4961 0.0588, -0.4001 -1.4634 0.0194, -0.4001 -1.4634 0.0588, -0.4206 -1.4477 0.0194, -0.4327 -1.4384 0.0588, -0.6689 -1.5748 0.0588, -0.6689 -1.5748 0.0194, -0.6635 -1.534 0.0588, -0.6635 -1.534 0.0194, -0.6478 -1.4961 0.0588, -0.6478 -1.4961 0.0194, -0.6228 -1.4634 0.0588, -0.6228 -1.4634 0.0194, -0.5902 -1.4384 0.0588, -0.5902 -1.4384 0.0194, -0.5522 -1.4227 0.0588, -0.5522 -1.4227 0.0194, -0.5114 -1.4173 0.0588, -0.5114 -1.4173 0.0194, -0.4707 -1.4227 0.0588, -0.4707 -1.4227 0.0194, -0.4327 -1.4384 0.0194, -1.0827 -0.0 0.0194, -1.0827 -0.0 0.0588, -1.0894 0.0509 0.0194, -1.0894 0.0509 0.0588, -1.1091 0.0984 0.0194, -1.1091 0.0984 0.0588, -1.1403 0.1392 0.0194, -1.1403 0.1392 0.0588, -1.1811 0.1705 0.0194, -1.1811 0.1705 0.0588, -1.1972 0.1772 0.0194, -1.2286 0.1901 0.0588, -1.2795 0.1969 0.0588, -1.25 0.193 0.0194, -1.2286 0.1901 0.0194, -1.378 0.1705 0.0588, -1.3618 0.1772 0.0194, -1.3305 0.1901 0.0588, -1.3305 0.1901 0.0194, -1.2795 0.1969 0.0194, -1.4764 -0.0 0.0588, -1.4764 -0.0 0.0194, -1.4697 0.0509 0.0588, -1.4697 0.0509 0.0194, -1.45 0.0984 0.0588, -1.45 0.0984 0.0194, -1.4187 0.1392 0.0588, -1.4187 0.1392 0.0194, -1.378 0.1705 0.0194, -0.4872 -0.0 0.0194, -0.4872 -0.0 0.0588, -0.4926 0.0408 0.0194, -0.4926 0.0408 0.0588, -0.5083 0.0787 0.0194, -0.5083 0.0787 0.0588, -0.5333 0.1114 0.0194, -0.5333 0.1114 0.0588, -0.5659 0.1364 0.0194, -0.5659 0.1364 0.0588, -0.6039 0.1521 0.0194, -0.6039 0.1521 0.0588, -0.6447 0.1575 0.0194, -0.6447 0.1575 0.0588, -0.6854 0.1521 0.0194, -0.6854 0.1521 0.0588, -0.7234 0.1364 0.0194, -0.7234 0.1364 0.0588, -0.7355 0.1271 0.0194, -0.756 0.1114 0.0588, -0.8022 -0.0 0.0588, -0.8022 -0.0 0.0194, -0.7968 0.0408 0.0588, -0.7968 0.0408 0.0194, -0.7811 0.0787 0.0588, -0.7811 0.0787 0.0194, -0.756 0.1114 0.0194, -1.752 1.5748 1.3383, -1.7774 1.5748 1.335, -1.7705 1.5224 1.335, -1.8012 1.5748 1.3251, -1.7935 1.5162 1.3251, -1.8216 1.5748 1.3095, -1.8132 1.5109 1.3095, -1.8372 1.5748 1.2891, -1.8283 1.5069 1.2891, -1.847 1.5748 1.2654, -1.8378 1.5043 1.2654, -1.8504 1.5748 1.2399, -1.841 1.5035 1.2399, -1.8135 1.437 1.2399, -1.8106 1.4387 1.2654, -1.7697 1.3799 1.2399, -1.7673 1.3823 1.2654, -1.7126 1.3361 1.2399, -1.7109 1.339 1.2654, -1.6461 1.3086 1.2399, -1.6453 1.3118 1.2654, -1.5748 1.2992 1.2399, -1.5748 1.3026 1.2654, -1.5035 1.3086 1.2399, -1.5043 1.3118 1.2654, -1.437 1.3361 1.2399, -1.4387 1.339 1.2654, -1.3799 1.3799 1.2399, -1.3823 1.3823 1.2654, -1.3361 1.437 1.2399, -1.339 1.4387 1.2654, -1.3086 1.5035 1.2399, -1.3118 1.5043 1.2654, -1.2992 1.5748 1.2399, -1.3026 1.5748 1.2654, -1.8021 1.4436 1.2891, -1.7604 1.3893 1.2891, -1.706 1.3476 1.2891, -1.6427 1.3213 1.2891, -1.5748 1.3124 1.2891, -1.5069 1.3213 1.2891, -1.4436 1.3476 1.2891, -1.3893 1.3893 1.2891, -1.3476 1.4436 1.2891, -1.3213 1.5069 1.2891, -1.3124 1.5748 1.2891, -1.7885 1.4514 1.3095, -1.7493 1.4003 1.3095, -1.6982 1.3611 1.3095, -1.6387 1.3364 1.3095, -1.5748 1.328 1.3095, -1.5109 1.3364 1.3095, -1.4514 1.3611 1.3095, -1.4003 1.4003 1.3095, -1.3611 1.4514 1.3095, -1.3364 1.5109 1.3095, -1.328 1.5748 1.3095, -1.7709 1.4616 1.3251, -1.7349 1.4147 1.3251, -1.688 1.3788 1.3251, -1.6334 1.3561 1.3251, -1.5748 1.3484 1.3251, -1.5162 1.3561 1.3251, -1.4616 1.3788 1.3251, -1.4147 1.4147 1.3251, -1.3788 1.4616 1.3251, -1.3561 1.5162 1.3251, -1.3484 1.5748 1.3251, -1.7503 1.4735 1.335, -1.7181 1.4315 1.335, -1.6761 1.3993 1.335, -1.6272 1.3791 1.335, -1.5748 1.3722 1.335, -1.5224 1.3791 1.335, -1.4735 1.3993 1.335, -1.4315 1.4315 1.335, -1.3993 1.4735 1.335, -1.3791 1.5224 1.335, -1.3722 1.5748 1.335, -1.7459 1.5289 1.3383, -1.7282 1.4862 1.3383, -1.7001 1.4495 1.3383, -1.6634 1.4214 1.3383, -1.6207 1.4037 1.3383, -1.5748 1.3976 1.3383, -1.5289 1.4037 1.3383, -1.4862 1.4214 1.3383, -1.4495 1.4495 1.3383, -1.4214 1.4862 1.3383, -1.4037 1.5289 1.3383, -1.3976 1.5748 1.3383, -1.2992 -1.5748 1.2399, -1.3026 -1.5748 1.2654, -1.3118 -1.6453 1.2654, -1.3124 -1.5748 1.2891, -1.3213 -1.6427 1.2891, -1.328 -1.5748 1.3095, -1.3364 -1.6387 1.3095, -1.3484 -1.5748 1.3251, -1.3561 -1.6334 1.3251, -1.3722 -1.5748 1.335, -1.3791 -1.6272 1.335, -1.3976 -1.5748 1.3383, -1.4037 -1.6207 1.3383, -1.4214 -1.6634 1.3383, -1.3993 -1.6761 1.335, -1.4495 -1.7001 1.3383, -1.4315 -1.7181 1.335, -1.4862 -1.7282 1.3383, -1.4735 -1.7503 1.335, -1.5289 -1.7459 1.3383, -1.5224 -1.7705 1.335, -1.5748 -1.752 1.3383, -1.5748 -1.7774 1.335, -1.6207 -1.7459 1.3383, -1.6272 -1.7705 1.335, -1.6634 -1.7282 1.3383, -1.6761 -1.7503 1.335, -1.7001 -1.7001 1.3383, -1.7181 -1.7181 1.335, -1.7282 -1.6634 1.3383, -1.7503 -1.6761 1.335, -1.7459 -1.6207 1.3383, -1.7705 -1.6272 1.335, -1.752 -1.5748 1.3383, -1.7774 -1.5748 1.335, -1.3788 -1.688 1.3251, -1.4147 -1.7349 1.3251, -1.4616 -1.7709 1.3251, -1.5162 -1.7935 1.3251, -1.5748 -1.8012 1.3251, -1.6334 -1.7935 1.3251, -1.688 -1.7709 1.3251, -1.7349 -1.7349 1.3251, -1.7709 -1.688 1.3251, -1.7935 -1.6334 1.3251, -1.8012 -1.5748 1.3251, -1.3611 -1.6982 1.3095, -1.4003 -1.7493 1.3095, -1.4514 -1.7885 1.3095, -1.5109 -1.8132 1.3095, -1.5748 -1.8216 1.3095, -1.6387 -1.8132 1.3095, -1.6982 -1.7885 1.3095, -1.7493 -1.7493 1.3095, -1.7885 -1.6982 1.3095, -1.8132 -1.6387 1.3095, -1.8216 -1.5748 1.3095, -1.3476 -1.706 1.2891, -1.3893 -1.7604 1.2891, -1.4436 -1.8021 1.2891, -1.5069 -1.8283 1.2891, -1.5748 -1.8372 1.2891, -1.6427 -1.8283 1.2891, -1.706 -1.8021 1.2891, -1.7604 -1.7604 1.2891, -1.8021 -1.706 1.2891, -1.8283 -1.6427 1.2891, -1.8372 -1.5748 1.2891, -1.339 -1.7109 1.2654, -1.3823 -1.7673 1.2654, -1.4387 -1.8106 1.2654, -1.5043 -1.8378 1.2654, -1.5748 -1.847 1.2654, -1.6453 -1.8378 1.2654, -1.7109 -1.8106 1.2654, -1.7673 -1.7673 1.2654, -1.8106 -1.7109 1.2654, -1.8378 -1.6453 1.2654, -1.847 -1.5748 1.2654, -1.3086 -1.6461 1.2399, -1.3361 -1.7126 1.2399, -1.3799 -1.7697 1.2399, -1.437 -1.8135 1.2399, -1.5035 -1.841 1.2399, -1.5748 -1.8504 1.2399, -1.6461 -1.841 1.2399, -1.7126 -1.8135 1.2399, -1.7697 -1.7697 1.2399, -1.8135 -1.7126 1.2399, -1.841 -1.6461 1.2399, -1.8504 -1.5748 1.2399, -1.3613 -0.862 0.5234, -1.3613 -0.862 1.1218, -1.3513 -0.8693 1.1218, -1.3513 -0.8693 0.5234, -1.343 -0.8784 1.1218, -1.343 -0.8784 0.5234, -1.3369 -0.8891 1.1218, -1.3369 -0.8891 0.5234, -1.3331 -0.9009 1.1218, -1.3331 -0.9009 0.5234, -1.3318 -0.9131 1.1218, -1.3318 -0.9131 0.5234, -1.3594 0.9631 0.5234, -1.3594 0.9631 1.1218, -1.3479 0.9537 1.1218, -1.3479 0.9537 0.5234, -1.3391 0.9417 1.1218, -1.3391 0.9417 0.5234, -1.3336 0.9279 1.1218, -1.3336 0.9279 0.5234, -1.3318 0.9131 1.1218, -1.3318 0.9131 0.5234
            ]
        }
        coordIndex [
            0,1,2,-1,2,1,3,-1,2,3,4,-1,4,3,5,-1,4,5,6,-1,6,5,7,-1,6,7,8,-1,8,7,9,-1,8,9,10,-1,10,9,11,-1,10,11,12,-1,12,11,13,-1,12,13,14,-1,14,13,15,-1,14,15,16,-1,16,15,17,-1,16,17,18,-1,18,17,19,-1,20,21,22,-1,22,21,23,-1,22,23,24,-1,24,23,25,-1,24,25,19,-1,19,25,26,-1,19,26,18,-1,27,28,29,-1,29,28,30,-1,29,30,31,-1,31,30,32,-1,31,32,33,-1,33,32,34,-1,33,34,35,-1,35,34,36,-1,35,36,37,-1,37,36,38,-1,39,40,38,-1,38,40,41,-1,38,41,37,-1,42,43,44,-1,44,43,45,-1,44,45,39,-1,39,45,46,-1,39,46,40,-1,47,48,49,-1,49,48,50,-1,49,50,51,-1,51,50,52,-1,51,52,53,-1,53,52,54,-1,53,54,42,-1,42,54,55,-1,42,55,43,-1,56,57,58,-1,59,60,20,-1,20,60,61,-1,56,62,57,-1,57,62,63,-1,57,63,64,-1,61,65,20,-1,20,65,56,-1,20,56,66,-1,66,56,58,-1,22,3,20,-1,20,3,1,-1,20,1,59,-1,22,24,3,-1,3,24,19,-1,3,19,17,-1,7,13,9,-1,9,13,11,-1,17,15,3,-1,3,15,13,-1,3,13,5,-1,5,13,7,-1,47,49,30,-1,67,68,30,-1,30,68,69,-1,30,69,70,-1,70,71,30,-1,30,71,72,-1,30,72,47,-1,67,30,73,-1,73,30,28,-1,73,28,74,-1,49,51,30,-1,30,51,53,-1,30,53,42,-1,74,75,73,-1,73,75,76,-1,73,76,77,-1,42,44,30,-1,30,44,39,-1,30,39,38,-1,38,36,30,-1,30,36,34,-1,30,34,32,-1,78,79,80,-1,80,79,81,-1,82,83,84,-1,84,83,85,-1,84,85,86,-1,86,85,87,-1,87,85,88,-1,87,88,89,-1,89,88,90,-1,89,90,91,-1,91,90,92,-1,91,92,93,-1,93,92,94,-1,93,94,95,-1,95,94,96,-1,95,96,97,-1,97,96,98,-1,97,98,99,-1,99,98,100,-1,99,100,101,-1,101,100,102,-1,101,102,103,-1,103,102,104,-1,103,104,105,-1,105,104,106,-1,105,106,107,-1,107,106,108,-1,107,108,109,-1,110,111,112,-1,112,111,113,-1,112,113,114,-1,114,113,115,-1,114,115,116,-1,116,115,117,-1,116,117,118,-1,118,117,119,-1,118,119,120,-1,120,119,121,-1,120,121,122,-1,122,121,123,-1,122,123,124,-1,124,123,125,-1,124,125,126,-1,126,125,127,-1,126,127,128,-1,128,127,129,-1,128,129,130,-1,130,129,131,-1,130,131,132,-1,132,131,133,-1,132,133,134,-1,134,133,135,-1,136,137,138,-1,138,137,139,-1,138,139,140,-1,141,142,143,-1,143,142,144,-1,145,146,147,-1,147,146,148,-1,147,148,149,-1,149,148,150,-1,151,152,153,-1,154,149,153,-1,153,149,150,-1,153,150,151,-1,155,151,156,-1,156,151,150,-1,157,158,155,-1,156,159,160,-1,161,162,163,-1,163,162,164,-1,163,164,160,-1,160,164,157,-1,160,157,156,-1,156,157,155,-1,79,78,165,-1,165,78,166,-1,90,88,106,-1,167,168,83,-1,102,100,92,-1,88,85,106,-1,106,85,83,-1,106,83,108,-1,83,169,170,-1,168,171,83,-1,83,171,172,-1,83,172,108,-1,90,106,92,-1,92,106,104,-1,92,104,102,-1,173,174,83,-1,83,174,175,-1,83,175,169,-1,170,176,83,-1,83,176,177,-1,83,177,167,-1,100,98,92,-1,92,98,96,-1,92,96,94,-1,131,129,111,-1,178,179,135,-1,135,179,180,-1,135,180,181,-1,181,180,182,-1,119,117,115,-1,178,135,111,-1,111,135,133,-1,111,133,131,-1,129,127,111,-1,111,127,125,-1,111,125,123,-1,123,121,111,-1,111,121,119,-1,111,119,113,-1,113,119,115,-1,180,183,182,-1,182,183,184,-1,182,184,185,-1,185,186,182,-1,182,186,187,-1,182,187,188,-1,162,161,189,-1,159,156,190,-1,190,156,150,-1,190,150,189,-1,189,150,148,-1,189,148,162,-1,191,192,193,-1,193,192,194,-1,195,196,197,-1,197,196,198,-1,197,198,199,-1,199,198,200,-1,199,200,201,-1,201,200,202,-1,201,202,203,-1,203,202,204,-1,203,204,205,-1,205,204,206,-1,205,206,207,-1,207,206,208,-1,207,208,209,-1,209,208,210,-1,209,210,211,-1,211,210,212,-1,211,212,213,-1,213,212,214,-1,213,214,215,-1,215,214,216,-1,215,216,217,-1,217,216,218,-1,217,218,219,-1,219,218,220,-1,221,222,223,-1,223,222,224,-1,223,224,225,-1,225,224,226,-1,225,226,227,-1,227,226,228,-1,227,228,229,-1,229,228,230,-1,229,230,231,-1,231,230,232,-1,231,232,233,-1,233,232,234,-1,233,234,235,-1,235,234,236,-1,235,236,237,-1,237,236,238,-1,237,238,239,-1,239,238,240,-1,239,240,241,-1,241,240,242,-1,241,242,243,-1,243,242,244,-1,243,244,245,-1,245,244,246,-1,247,248,249,-1,249,248,250,-1,251,252,253,-1,253,252,254,-1,255,220,196,-1,256,257,258,-1,255,196,259,-1,259,196,258,-1,258,196,260,-1,258,260,256,-1,258,261,262,-1,262,261,263,-1,220,218,196,-1,196,218,216,-1,196,216,214,-1,214,212,196,-1,196,212,210,-1,196,210,208,-1,257,264,258,-1,258,264,265,-1,258,265,261,-1,208,206,196,-1,196,206,204,-1,196,204,198,-1,198,204,202,-1,198,202,200,-1,244,222,246,-1,246,222,266,-1,234,222,236,-1,236,222,238,-1,244,242,222,-1,222,242,240,-1,222,240,238,-1,224,222,226,-1,226,222,228,-1,266,267,246,-1,246,267,268,-1,246,268,269,-1,234,232,222,-1,222,232,230,-1,222,230,228,-1,269,270,246,-1,246,270,271,-1,246,271,272,-1,272,273,246,-1,246,273,274,-1,246,274,275,-1,275,274,276,-1,252,251,277,-1,277,251,278,-1,279,280,281,-1,282,283,281,-1,281,283,284,-1,281,284,279,-1,285,279,286,-1,286,279,284,-1,80,81,287,-1,287,81,288,-1,289,290,291,-1,291,292,289,-1,289,292,293,-1,289,293,294,-1,294,295,289,-1,289,295,296,-1,289,296,297,-1,253,254,298,-1,298,254,299,-1,252,277,254,-1,254,277,299,-1,298,278,253,-1,253,278,251,-1,300,301,302,-1,302,301,303,-1,302,303,304,-1,301,300,305,-1,305,300,306,-1,307,308,309,-1,309,308,310,-1,311,312,313,-1,313,312,309,-1,313,309,310,-1,79,165,81,-1,81,165,288,-1,287,166,80,-1,80,166,78,-1,314,315,316,-1,316,315,317,-1,308,307,318,-1,319,320,321,-1,306,308,322,-1,323,324,285,-1,285,324,305,-1,285,305,279,-1,279,305,306,-1,279,306,280,-1,280,306,322,-1,318,325,308,-1,308,325,152,-1,308,152,151,-1,321,151,155,-1,326,327,322,-1,322,327,328,-1,322,328,329,-1,158,330,155,-1,155,330,331,-1,155,331,321,-1,321,331,332,-1,321,332,319,-1,151,321,308,-1,308,321,333,-1,308,333,322,-1,322,333,334,-1,322,334,326,-1,278,298,304,-1,304,298,335,-1,303,250,248,-1,290,289,335,-1,304,303,278,-1,278,303,248,-1,278,248,277,-1,277,248,336,-1,336,290,277,-1,277,290,335,-1,277,335,299,-1,299,335,298,-1,165,312,288,-1,288,312,311,-1,288,311,287,-1,337,315,314,-1,311,337,287,-1,287,337,314,-1,287,314,166,-1,166,314,338,-1,166,338,165,-1,165,338,140,-1,165,140,312,-1,312,140,139,-1,339,313,310,-1,306,300,302,-1,302,340,306,-1,306,340,339,-1,306,339,308,-1,308,339,310,-1,137,136,341,-1,341,136,342,-1,162,148,164,-1,164,148,146,-1,137,341,139,-1,139,341,343,-1,139,343,312,-1,312,343,318,-1,312,318,309,-1,309,318,307,-1,344,247,345,-1,345,247,249,-1,301,305,303,-1,303,305,324,-1,303,324,250,-1,250,324,346,-1,250,346,249,-1,249,346,345,-1,347,348,349,-1,350,351,349,-1,349,351,352,-1,349,352,347,-1,351,350,353,-1,353,350,354,-1,323,285,355,-1,355,285,286,-1,355,286,352,-1,352,286,347,-1,348,347,356,-1,356,347,286,-1,356,286,283,-1,283,286,284,-1,357,358,359,-1,360,361,362,-1,362,361,363,-1,362,363,364,-1,364,363,365,-1,364,365,366,-1,366,365,367,-1,366,367,368,-1,368,367,369,-1,368,369,370,-1,370,369,371,-1,371,372,370,-1,370,372,373,-1,370,373,374,-1,375,357,376,-1,376,357,359,-1,376,359,377,-1,377,359,378,-1,377,378,379,-1,379,378,380,-1,379,380,381,-1,381,380,382,-1,381,382,383,-1,383,382,384,-1,383,384,385,-1,385,384,386,-1,385,386,360,-1,360,386,387,-1,360,387,361,-1,388,389,390,-1,390,389,391,-1,392,393,394,-1,394,393,395,-1,396,388,397,-1,397,388,390,-1,398,399,400,-1,400,399,401,-1,393,402,395,-1,395,402,403,-1,404,403,405,-1,405,403,402,-1,405,402,406,-1,406,402,396,-1,406,396,407,-1,407,396,397,-1,390,391,397,-1,397,391,408,-1,397,409,410,-1,409,397,411,-1,411,397,408,-1,411,408,412,-1,413,414,397,-1,397,414,415,-1,397,415,407,-1,410,416,397,-1,397,416,417,-1,397,417,413,-1,408,418,412,-1,412,418,419,-1,412,419,420,-1,421,422,423,-1,420,424,412,-1,412,424,425,-1,412,425,423,-1,423,425,426,-1,423,426,421,-1,427,428,403,-1,428,429,403,-1,403,429,430,-1,403,430,395,-1,395,430,394,-1,404,431,403,-1,403,431,432,-1,432,433,403,-1,403,433,434,-1,403,434,427,-1,429,435,430,-1,430,435,436,-1,430,436,437,-1,437,436,438,-1,437,438,439,-1,439,440,437,-1,437,440,441,-1,437,441,442,-1,443,444,442,-1,442,444,445,-1,442,445,437,-1,446,447,448,-1,448,447,449,-1,448,449,450,-1,450,449,451,-1,450,451,452,-1,452,451,453,-1,452,453,454,-1,454,453,455,-1,456,457,458,-1,458,457,459,-1,458,459,460,-1,460,459,461,-1,460,461,462,-1,462,461,463,-1,462,463,464,-1,464,463,465,-1,464,465,466,-1,466,465,467,-1,466,467,468,-1,468,467,469,-1,468,469,470,-1,470,469,471,-1,470,471,455,-1,455,471,472,-1,455,472,454,-1,473,474,475,-1,475,474,476,-1,475,476,477,-1,477,476,478,-1,477,478,479,-1,479,478,480,-1,479,480,481,-1,481,480,482,-1,481,482,483,-1,483,482,484,-1,483,484,485,-1,485,484,486,-1,485,486,487,-1,487,486,488,-1,489,490,491,-1,491,490,492,-1,491,492,493,-1,493,492,494,-1,493,494,495,-1,495,494,496,-1,495,496,497,-1,497,496,498,-1,497,498,488,-1,488,498,499,-1,488,499,487,-1,500,501,502,-1,502,501,503,-1,502,503,504,-1,504,503,505,-1,504,505,506,-1,506,505,507,-1,508,509,510,-1,510,509,511,-1,510,511,512,-1,512,511,513,-1,512,513,514,-1,514,513,515,-1,514,515,507,-1,507,515,516,-1,507,516,506,-1,517,518,519,-1,519,518,520,-1,519,520,521,-1,521,520,522,-1,521,522,508,-1,508,522,523,-1,508,523,509,-1,524,525,526,-1,526,525,527,-1,526,527,517,-1,517,527,528,-1,517,528,518,-1,529,530,531,-1,531,530,532,-1,531,532,533,-1,533,532,534,-1,533,534,535,-1,535,534,536,-1,535,536,537,-1,537,536,538,-1,539,540,541,-1,541,540,542,-1,541,542,543,-1,543,542,544,-1,543,544,545,-1,545,544,546,-1,545,546,547,-1,547,546,548,-1,547,548,549,-1,549,548,550,-1,549,550,551,-1,551,550,552,-1,551,552,553,-1,553,552,554,-1,553,554,538,-1,538,554,555,-1,538,555,537,-1,556,557,558,-1,558,557,559,-1,558,559,560,-1,560,559,561,-1,560,561,562,-1,562,561,563,-1,562,563,564,-1,564,563,565,-1,564,565,566,-1,566,565,567,-1,568,569,567,-1,567,569,570,-1,567,570,566,-1,571,572,573,-1,573,572,574,-1,573,574,568,-1,568,574,575,-1,568,575,569,-1,576,577,578,-1,578,577,579,-1,578,579,580,-1,580,579,581,-1,580,581,582,-1,582,581,583,-1,582,583,571,-1,571,583,584,-1,571,584,572,-1,585,586,587,-1,587,586,588,-1,587,588,589,-1,589,588,590,-1,589,590,591,-1,591,590,592,-1,591,592,593,-1,593,592,594,-1,593,594,595,-1,595,594,596,-1,595,596,597,-1,597,596,598,-1,597,598,599,-1,599,598,600,-1,599,600,601,-1,601,600,602,-1,601,602,603,-1,603,602,604,-1,605,606,607,-1,607,606,608,-1,607,608,609,-1,609,608,610,-1,609,610,604,-1,604,610,611,-1,604,611,603,-1,612,613,614,-1,613,615,616,-1,615,617,618,-1,617,619,620,-1,619,621,622,-1,621,623,624,-1,621,624,622,-1,622,624,625,-1,622,625,626,-1,626,625,627,-1,626,627,628,-1,628,627,629,-1,628,629,630,-1,630,629,631,-1,630,631,632,-1,632,631,633,-1,632,633,634,-1,634,633,635,-1,634,635,636,-1,636,635,637,-1,636,637,638,-1,638,637,639,-1,638,639,640,-1,640,639,641,-1,640,641,642,-1,642,641,643,-1,642,643,644,-1,644,643,645,-1,644,645,646,-1,619,622,620,-1,620,622,626,-1,620,626,647,-1,647,626,628,-1,647,628,648,-1,648,628,630,-1,648,630,649,-1,649,630,632,-1,649,632,650,-1,650,632,634,-1,650,634,651,-1,651,634,636,-1,651,636,652,-1,652,636,638,-1,652,638,653,-1,653,638,640,-1,653,640,654,-1,654,640,642,-1,654,642,655,-1,655,642,644,-1,655,644,656,-1,656,644,646,-1,656,646,657,-1,617,620,618,-1,618,620,647,-1,618,647,658,-1,658,647,648,-1,658,648,659,-1,659,648,649,-1,659,649,660,-1,660,649,650,-1,660,650,661,-1,661,650,651,-1,661,651,662,-1,662,651,652,-1,662,652,663,-1,663,652,653,-1,663,653,664,-1,664,653,654,-1,664,654,665,-1,665,654,655,-1,665,655,666,-1,666,655,656,-1,666,656,667,-1,667,656,657,-1,667,657,668,-1,615,618,616,-1,616,618,658,-1,616,658,669,-1,669,658,659,-1,669,659,670,-1,670,659,660,-1,670,660,671,-1,671,660,661,-1,671,661,672,-1,672,661,662,-1,672,662,673,-1,673,662,663,-1,673,663,674,-1,674,663,664,-1,674,664,675,-1,675,664,665,-1,675,665,676,-1,676,665,666,-1,676,666,677,-1,677,666,667,-1,677,667,678,-1,678,667,668,-1,678,668,679,-1,613,616,614,-1,614,616,669,-1,614,669,680,-1,680,669,670,-1,680,670,681,-1,681,670,671,-1,681,671,682,-1,682,671,672,-1,682,672,683,-1,683,672,673,-1,683,673,684,-1,684,673,674,-1,684,674,685,-1,685,674,675,-1,685,675,686,-1,686,675,676,-1,686,676,687,-1,687,676,677,-1,687,677,688,-1,688,677,678,-1,688,678,689,-1,689,678,679,-1,689,679,690,-1,612,614,691,-1,691,614,680,-1,691,680,692,-1,692,680,681,-1,692,681,693,-1,693,681,682,-1,693,682,694,-1,694,682,683,-1,694,683,695,-1,695,683,684,-1,695,684,696,-1,696,684,685,-1,696,685,697,-1,697,685,686,-1,697,686,698,-1,698,686,687,-1,698,687,699,-1,699,687,688,-1,699,688,700,-1,700,688,689,-1,700,689,701,-1,701,689,690,-1,701,690,702,-1,703,704,705,-1,704,706,707,-1,706,708,709,-1,708,710,711,-1,710,712,713,-1,712,714,715,-1,712,715,713,-1,713,715,716,-1,713,716,717,-1,717,716,718,-1,717,718,719,-1,719,718,720,-1,719,720,721,-1,721,720,722,-1,721,722,723,-1,723,722,724,-1,723,724,725,-1,725,724,726,-1,725,726,727,-1,727,726,728,-1,727,728,729,-1,729,728,730,-1,729,730,731,-1,731,730,732,-1,731,732,733,-1,733,732,734,-1,733,734,735,-1,735,734,736,-1,735,736,737,-1,710,713,711,-1,711,713,717,-1,711,717,738,-1,738,717,719,-1,738,719,739,-1,739,719,721,-1,739,721,740,-1,740,721,723,-1,740,723,741,-1,741,723,725,-1,741,725,742,-1,742,725,727,-1,742,727,743,-1,743,727,729,-1,743,729,744,-1,744,729,731,-1,744,731,745,-1,745,731,733,-1,745,733,746,-1,746,733,735,-1,746,735,747,-1,747,735,737,-1,747,737,748,-1,708,711,709,-1,709,711,738,-1,709,738,749,-1,749,738,739,-1,749,739,750,-1,750,739,740,-1,750,740,751,-1,751,740,741,-1,751,741,752,-1,752,741,742,-1,752,742,753,-1,753,742,743,-1,753,743,754,-1,754,743,744,-1,754,744,755,-1,755,744,745,-1,755,745,756,-1,756,745,746,-1,756,746,757,-1,757,746,747,-1,757,747,758,-1,758,747,748,-1,758,748,759,-1,706,709,707,-1,707,709,749,-1,707,749,760,-1,760,749,750,-1,760,750,761,-1,761,750,751,-1,761,751,762,-1,762,751,752,-1,762,752,763,-1,763,752,753,-1,763,753,764,-1,764,753,754,-1,764,754,765,-1,765,754,755,-1,765,755,766,-1,766,755,756,-1,766,756,767,-1,767,756,757,-1,767,757,768,-1,768,757,758,-1,768,758,769,-1,769,758,759,-1,769,759,770,-1,704,707,705,-1,705,707,760,-1,705,760,771,-1,771,760,761,-1,771,761,772,-1,772,761,762,-1,772,762,773,-1,773,762,763,-1,773,763,774,-1,774,763,764,-1,774,764,775,-1,775,764,765,-1,775,765,776,-1,776,765,766,-1,776,766,777,-1,777,766,767,-1,777,767,778,-1,778,767,768,-1,778,768,779,-1,779,768,769,-1,779,769,780,-1,780,769,770,-1,780,770,781,-1,703,705,782,-1,782,705,771,-1,782,771,783,-1,783,771,772,-1,783,772,784,-1,784,772,773,-1,784,773,785,-1,785,773,774,-1,785,774,786,-1,786,774,775,-1,786,775,787,-1,787,775,776,-1,787,776,788,-1,788,776,777,-1,788,777,789,-1,789,777,778,-1,789,778,790,-1,790,778,779,-1,790,779,791,-1,791,779,780,-1,791,780,792,-1,792,780,781,-1,792,781,793,-1,794,795,796,-1,794,796,797,-1,797,796,798,-1,797,798,799,-1,799,798,800,-1,799,800,801,-1,801,800,802,-1,801,802,803,-1,803,802,804,-1,803,804,805,-1,806,807,808,-1,806,808,809,-1,809,808,810,-1,809,810,811,-1,811,810,812,-1,811,812,813,-1,813,812,814,-1,813,814,815,-1,
        ]
    }
}
Shape{
    appearance Appearance {
        material  Material 	{
            diffuseColor 0.6666666666666666 0.6666666666666666 0.6666666666666666
            specularColor 0.4666666666666667 0.4666666666666667 0.4666666666666667
            ambientIntensity 0.6667
            transparency 0.0
            shininess 0.5
        }
    }
    geometry IndexedFaceSet {
        ccw TRUE
        solid FALSE
        coord DEF co Coordinate {
            point [
                -2.2075 -1.1147 -1.1195, -2.2075 -1.4611 -1.1195, -2.2128 -1.4611 -1.1016, -2.2128 -1.1147 -1.1016, -2.2146 -1.4611 -1.0829, -2.2146 -1.1147 -1.0829, -2.2075 1.4444 -1.1195, -2.2075 1.0979 -1.1195, -2.2128 1.0979 -1.1016, -2.2128 1.4444 -1.1016, -2.2146 1.0979 -1.0829, -2.2146 1.4444 -1.0829
            ]
        }
        coordIndex [
            0,1,2,-1,0,2,3,-1,3,2,4,-1,3,4,5,-1,6,7,8,-1,6,8,9,-1,9,8,10,-1,9,10,11,-1,
        ]
    }
}
Shape{
    appearance Appearance {
        material  Material 	{
            diffuseColor 0.20784313725490197 0.20784313725490197 0.20784313725490197
            specularColor 0.01568627450980392 0.01568627450980392 0.01568627450980392
            ambientIntensity 0.298
            transparency 0.0
            shininess 0.5
        }
    }
    geometry IndexedFaceSet {
        ccw TRUE
        solid FALSE
        coord DEF co Coordinate {
            point [
                -0.5578 1.158 0.7871, -0.5709 1.2795 0.7871, -0.5578 1.158 0.3344, -0.5709 1.2795 0.3344, -0.5191 1.0421 0.9249, -0.554 1.1417 0.9249, -0.554 1.1417 0.7871, -0.5191 1.0421 0.3344, -0.4567 0.937 0.3344, -0.4567 0.937 0.9249, -0.3733 0.8477 0.3344, -0.3733 0.8477 0.9249, -0.2729 0.7781 1.038, -0.3204 0.8071 1.038, -0.3204 0.8071 0.9249, -0.2729 0.7781 0.3344, -0.5709 1.2795 0.9804, -0.5697 1.2426 1.038, -0.5709 1.2795 1.038, -0.2729 0.5014 0.3344, -0.2729 0.5014 0.7478, -0.2451 0.5206 0.3344, -0.2451 0.5206 0.7478, -0.2221 0.5453 0.3344, -0.2221 0.5453 0.7478, -0.2049 0.5743 0.3344, -0.2049 0.5743 0.7478, -0.1943 0.6062 0.3344, -0.1943 0.6062 0.7478, -0.1906 0.6398 0.3344, -0.1906 0.6398 0.7478, -0.2729 -0.7781 1.038, -0.2719 -0.7776 1.038, -0.2719 -0.7776 0.7478, -0.1906 -0.6398 0.7478, -0.1906 -0.6398 0.3344, -0.1943 -0.6733 0.7478, -0.1943 -0.6733 0.3344, -0.2049 -0.7053 0.7478, -0.2049 -0.7053 0.3344, -0.2221 -0.7342 0.7478, -0.2221 -0.7342 0.3344, -0.2451 -0.7589 0.7478, -0.2451 -0.7589 0.3344, -0.2729 -0.7781 0.3344, -0.5709 -1.2795 0.3344, -0.5709 -1.2795 0.7871, -0.5578 -1.158 0.7871, -0.3204 -0.8071 1.038, -0.3204 -0.8071 0.9249, -0.3733 -0.8477 0.9249, -0.3733 -0.8477 0.3344, -0.4567 -0.937 0.3344, -0.4567 -0.937 0.9249, -0.5191 -1.0421 0.3344, -0.5191 -1.0421 0.9249, -0.554 -1.1417 0.9249, -0.554 -1.1417 0.7871, -0.5578 -1.158 0.3344, -1.4194 0.26 1.038, -1.3842 0.2761 0.9629, -1.3517 0.2863 1.038, -1.3514 0.2854 1.0138, -1.3358 0.2899 1.038, -1.4782 0.2174 0.8234, -1.4623 0.232 0.8465, -1.4787 0.2179 1.038, -1.4252 0.2568 0.901, -1.4193 0.2596 0.91, -1.4942 0.2028 0.8004, -1.526 0.1627 1.038, -1.5035 0.1924 0.7871, -0.9843 -0.0 0.2753, -0.9843 -0.0 0.7871, -0.9854 0.0265 0.2753, -0.9854 0.0265 0.7871, -1.0008 0.0975 0.2753, -1.0008 0.0975 0.7871, -1.0331 0.1627 0.2753, -1.0331 0.1627 0.7871, -1.0803 0.2179 0.2753, -1.0803 0.2179 0.7871, -1.1396 0.26 0.2753, -1.1396 0.26 0.7871, -1.2074 0.2863 0.2753, -1.2074 0.2863 0.7871, -1.2795 0.2953 0.2753, -1.2795 0.2953 0.7871, -1.3517 0.2863 0.2753, -1.3517 0.2863 0.7871, -1.4194 0.26 0.2753, -1.4194 0.26 0.7871, -1.4787 0.2179 0.2753, -1.4787 0.2179 0.7871, -1.526 0.1627 0.2753, -1.5582 0.0975 0.2753, -1.5582 0.0975 1.038, -1.5736 0.0265 0.2753, -1.5736 0.0265 1.038, -1.5748 -0.0 0.2753, -1.5748 -0.0 1.038, -1.4173 -0.0 0.3147, -1.4173 -0.0 0.2753, -1.4126 -0.0357 0.2753, -1.4126 -0.0357 0.3147, -1.3989 -0.0689 0.2753, -1.3989 -0.0689 0.3147, -1.377 -0.0974 0.2753, -1.377 -0.0974 0.3147, -1.3484 -0.1193 0.2753, -1.3484 -0.1193 0.3147, -1.3152 -0.1331 0.2753, -1.3152 -0.1331 0.3147, -1.2795 -0.1378 0.2753, -1.2795 -0.1378 0.3147, -1.2439 -0.1331 0.2753, -1.2439 -0.1331 0.3147, -1.2106 -0.1193 0.2753, -1.2106 -0.1193 0.3147, -1.1821 -0.0974 0.2753, -1.1821 -0.0974 0.3147, -1.1602 -0.0689 0.2753, -1.1602 -0.0689 0.3147, -1.1464 -0.0357 0.2753, -1.1464 -0.0357 0.3147, -1.1417 -0.0 0.2753, -1.1417 -0.0 0.3147, -1.5079 -0.0 0.6415, -1.5079 -0.0 0.7871, -1.5001 0.0591 0.7871, -1.5001 0.0591 0.6415, -1.4773 0.1142 0.7871, -1.4773 0.1142 0.6415, -1.441 0.1615 0.7871, -1.441 0.1615 0.6415, -1.3937 0.1978 0.7871, -1.3937 0.1978 0.6415, -1.3386 0.2206 0.7871, -1.3386 0.2206 0.6415, -1.2795 0.2283 0.7871, -1.2795 0.2283 0.6415, -1.2204 0.2206 0.7871, -1.2204 0.2206 0.6415, -1.1654 0.1978 0.7871, -1.1654 0.1978 0.6415, -1.1181 0.1615 0.7871, -1.1181 0.1615 0.6415, -1.0818 0.1142 0.7871, -1.0818 0.1142 0.6415, -1.059 0.0591 0.7871, -1.059 0.0591 0.6415, -1.0512 -0.0 0.7871, -1.0512 -0.0 0.6415, -1.4926 0.0591 0.5844, -1.4705 0.1142 0.5903, -1.4355 0.1615 0.5997, -1.3898 0.1978 0.6119, -1.2224 0.2206 0.6262, -1.2283 0.2206 0.6119, -1.25 0.2206 0.5903, -1.2642 0.2206 0.5844, -1.2377 0.2206 0.5997, -1.2948 0.2206 0.5844, -1.3091 0.2206 0.5903, -1.2795 0.2206 0.5824, -1.3307 0.2206 0.6119, -1.3366 0.2206 0.6262, -1.3213 0.2206 0.5997, -1.3784 0.1978 0.5844, -1.3603 0.1978 0.5607, -1.3366 0.1978 0.5426, -1.3091 0.1978 0.5312, -1.2795 0.1978 0.5273, -1.25 0.1978 0.5312, -1.2224 0.1978 0.5426, -1.1988 0.1978 0.5607, -1.1807 0.1978 0.5844, -1.1692 0.1978 0.6119, -1.4194 0.1615 0.5607, -1.3937 0.1615 0.5273, -1.3603 0.1615 0.5016, -1.3213 0.1615 0.4855, -1.2795 0.1615 0.48, -1.2377 0.1615 0.4855, -1.1988 0.1615 0.5016, -1.1654 0.1615 0.5273, -1.1397 0.1615 0.5607, -1.1236 0.1615 0.5997, -1.4508 0.1142 0.5426, -1.4194 0.1142 0.5016, -1.3784 0.1142 0.4702, -1.3307 0.1142 0.4505, -1.2795 0.1142 0.4437, -1.2283 0.1142 0.4505, -1.1807 0.1142 0.4702, -1.1397 0.1142 0.5016, -1.1083 0.1142 0.5426, -1.0885 0.1142 0.5903, -1.4705 0.0591 0.5312, -1.4355 0.0591 0.4855, -1.3898 0.0591 0.4505, -1.3366 0.0591 0.4284, -1.2795 0.0591 0.4209, -1.2224 0.0591 0.4284, -1.1692 0.0591 0.4505, -1.1236 0.0591 0.4855, -1.0885 0.0591 0.5312, -1.0665 0.0591 0.5844, -1.5001 -0.0 0.5824, -1.4773 -0.0 0.5273, -1.441 -0.0 0.48, -1.3937 -0.0 0.4437, -1.3386 -0.0 0.4209, -1.2795 -0.0 0.4131, -1.2204 -0.0 0.4209, -1.1654 -0.0 0.4437, -1.1181 -0.0 0.48, -1.0818 -0.0 0.5273, -1.059 -0.0 0.5824, -0.6207 0.4272 3.8383, -0.6207 0.6201 3.8383, -0.6207 0.4272 2.3816, -0.6207 0.6201 2.3029, -0.6207 -0.4272 2.3816, -0.6207 -0.6201 2.3029, -0.6207 -0.4272 3.8383, -0.6207 -0.6201 3.8383, -0.5459 -0.4272 2.3816, -0.5459 -0.4272 3.8974, -0.5617 -0.4272 3.8974, -0.5459 0.4272 2.3816, -0.5459 0.4272 3.8974, -0.5617 0.4272 3.8974, -0.5459 0.2854 2.421, -0.5459 0.2854 2.8344, -0.5459 -0.2854 2.421, -0.5459 -0.2854 2.8344, -0.416 0.2854 2.421, -0.416 0.2854 2.8344, -0.416 -0.2854 2.421, -0.416 -0.2854 2.8344, -0.5617 -0.561 3.8974, -0.5617 0.561 3.8974, -1.2224 -0.2206 0.6262, -1.2204 -0.2206 0.6415, -1.2795 -0.2283 0.6415, -1.2283 -0.2206 0.6119, -1.2377 -0.2206 0.5997, -1.25 -0.2206 0.5903, -1.2642 -0.2206 0.5844, -1.2795 -0.2206 0.5824, -1.2948 -0.2206 0.5844, -1.3091 -0.2206 0.5903, -1.3213 -0.2206 0.5997, -1.3307 -0.2206 0.6119, -1.3366 -0.2206 0.6262, -1.3386 -0.2206 0.6415, -1.3937 -0.1978 0.6415, -1.3898 -0.1978 0.6119, -1.441 -0.1615 0.6415, -1.4355 -0.1615 0.5997, -1.4773 -0.1142 0.6415, -1.4705 -0.1142 0.5903, -1.5001 -0.0591 0.6415, -1.4926 -0.0591 0.5844, -1.4705 -0.0591 0.5312, -1.4355 -0.0591 0.4855, -1.3898 -0.0591 0.4505, -1.3366 -0.0591 0.4284, -1.2795 -0.0591 0.4209, -1.2224 -0.0591 0.4284, -1.1692 -0.0591 0.4505, -1.1236 -0.0591 0.4855, -1.0885 -0.0591 0.5312, -1.0665 -0.0591 0.5844, -1.059 -0.0591 0.6415, -1.4508 -0.1142 0.5426, -1.4194 -0.1142 0.5016, -1.3784 -0.1142 0.4702, -1.3307 -0.1142 0.4505, -1.2795 -0.1142 0.4437, -1.2283 -0.1142 0.4505, -1.1807 -0.1142 0.4702, -1.1397 -0.1142 0.5016, -1.1083 -0.1142 0.5426, -1.0885 -0.1142 0.5903, -1.0818 -0.1142 0.6415, -1.4194 -0.1615 0.5607, -1.3937 -0.1615 0.5273, -1.3603 -0.1615 0.5016, -1.3213 -0.1615 0.4855, -1.2795 -0.1615 0.48, -1.2377 -0.1615 0.4855, -1.1988 -0.1615 0.5016, -1.1654 -0.1615 0.5273, -1.1397 -0.1615 0.5607, -1.1236 -0.1615 0.5997, -1.1181 -0.1615 0.6415, -1.3784 -0.1978 0.5844, -1.3603 -0.1978 0.5607, -1.3366 -0.1978 0.5426, -1.3091 -0.1978 0.5312, -1.2795 -0.1978 0.5273, -1.25 -0.1978 0.5312, -1.2224 -0.1978 0.5426, -1.1988 -0.1978 0.5607, -1.1807 -0.1978 0.5844, -1.1692 -0.1978 0.6119, -1.1654 -0.1978 0.6415, -0.3169 -1.1378 1.3511, -0.3169 -1.1378 2.3029, -0.463 -1.0866 1.3511, -0.5062 -1.0671 2.3029, -0.5048 -1.0646 1.3511, -0.6313 -0.9983 1.3511, -0.6806 -0.9653 2.3029, -0.6786 -0.9626 1.3511, -0.7832 -0.8841 1.3511, -0.8352 -0.8352 2.3029, -0.8326 -0.8327 1.3511, -0.9149 -0.747 1.3511, -0.9653 -0.6806 2.3029, -0.9622 -0.6785 1.3511, -1.0229 -0.5906 1.3511, -1.0671 -0.5062 2.3029, -1.0637 -0.5045 1.3511, -1.1043 -0.4188 1.3511, -1.1378 -0.3169 2.3029, -1.1378 -0.3169 1.3511, -1.1378 0.3169 1.3511, -1.1378 0.3169 2.3029, -1.1345 0.3286 1.3511, -1.0671 0.5062 2.3029, -0.9646 0.6801 1.3511, -0.972 0.6709 1.3511, -0.9653 0.6806 2.3029, -1.0671 0.5063 1.3511, -1.0671 0.5062 1.3511, -0.8518 0.8182 1.3511, -0.8352 0.8352 2.3029, -0.8341 0.8339 1.3511, -0.7095 0.9442 1.3511, -0.6806 0.9653 2.3029, -0.6794 0.9633 1.3511, -0.5489 1.0458 1.3511, -0.5062 1.0671 2.3029, -0.505 1.0645 1.3511, -0.374 1.1203 1.3511, -0.3169 1.1378 2.3029, -0.3169 1.1378 1.3511, -1.1378 -0.0671 1.4208, -1.1377 -0.1474 1.4082, -1.1378 -0.0459 1.4217, -1.1379 0.0119 1.4239, -1.1377 -0.2311 1.3851, -1.1377 -0.2323 1.3846, -1.1378 0.1693 1.403, -1.1378 0.2488 1.3788, -1.1378 0.1382 1.4089, -1.1378 0.0908 1.418, -1.1417 0.5811 0.9249, -1.1417 0.554 0.9249, -1.1417 0.5811 0.7871, -1.1417 0.554 0.7871, -0.5811 1.1417 0.7871, -0.5811 1.1417 0.9249, -1.1417 -0.5877 0.9249, -1.1417 -0.5877 0.7871, -1.1417 -0.554 0.9249, -1.1417 -0.554 0.7871, -0.5877 -1.1417 0.7871, -0.5877 -1.1417 0.9249, -1.1047 -1.3691 0.8659, -0.8981 -1.1625 0.8659, -0.9741 -1.0996 0.8659, -1.369 -1.1048 0.8659, -1.1379 -0.9291 0.8659, -1.1624 -0.8982 0.8659, -0.9314 -1.1958 0.7871, -1.1047 -1.3691 0.7871, -1.369 -1.1048 0.7871, -1.1957 -0.9315 0.7871, -0.8981 1.1625 0.8659, -1.1088 1.3733 0.8659, -1.0595 1.0176 0.8659, -1.3733 1.1088 0.8659, -1.1625 0.8981 0.8659, -1.3733 1.1088 0.7871, -1.1088 1.3733 0.7871, -0.9314 1.1958 0.7871, -1.1958 0.9314 0.7871, -1.059 -0.0591 0.7871, -1.0818 -0.1142 0.7871, -1.1181 -0.1615 0.7871, -1.1654 -0.1978 0.7871, -1.2204 -0.2206 0.7871, -1.2795 -0.2283 0.7871, -1.3386 -0.2206 0.7871, -1.3937 -0.1978 0.7871, -1.441 -0.1615 0.7871, -1.4773 -0.1142 0.7871, -1.5001 -0.0591 0.7871, -0.8071 -0.8071 0.9249, -0.8071 -0.3204 0.9249, -0.8578 -0.3848 0.9249, -0.9675 -0.478 0.9249, -1.097 -0.5409 0.9249, -0.8071 0.3204 0.9249, -0.8071 0.8071 0.9249, -0.8071 0.3204 1.038, -0.8071 0.8071 1.2202, -0.8071 -0.3204 1.038, -0.8071 -0.8071 1.2202, -1.5047 0.1827 0.7871, -0.9854 -0.0265 0.7871, -1.0008 -0.0975 0.7871, -1.0331 -0.1627 0.7871, -1.0803 -0.2179 0.7871, -1.1396 -0.26 0.7871, -1.2074 -0.2863 0.7871, -1.2795 -0.2953 0.7871, -1.3517 -0.2863 0.7871, -1.4194 -0.26 0.7871, -1.4787 -0.2179 0.7871, -1.5035 -0.1924 0.7871, -1.5145 -0.061 0.7871, -0.8101 -1.2811 0.7871, -0.5941 -1.3945 0.7871, -1.2381 -0.5694 0.7871, -1.3819 -0.5616 0.7871, -0.5694 -1.3206 0.7871, -0.5557 -1.4102 0.7871, -1.3127 -0.7579 0.7871, -1.4102 -0.5557 0.7871, -1.2381 0.5694 0.7871, -1.3819 0.5616 0.7871, -1.4102 0.5557 0.7871, -1.3694 0.6498 0.7871, -0.9106 1.2118 0.7871, -0.7044 1.3421 0.7871, -1.2474 0.861 0.7871, -0.5557 1.4102 0.7871, -0.5694 1.3206 0.7871, -0.8578 0.3848 0.9249, -1.097 0.5409 0.9249, -0.9675 0.478 0.9249, -0.9854 -0.0265 0.2753, -1.4126 0.0357 0.2753, -1.5736 -0.0265 0.2753, -1.5582 -0.0975 0.2753, -1.526 -0.1627 0.2753, -1.4787 -0.2179 0.2753, -1.4194 -0.26 0.2753, -1.3517 -0.2863 0.2753, -1.2795 -0.2953 0.2753, -1.2074 -0.2863 0.2753, -1.1396 -0.26 0.2753, -1.0803 -0.2179 0.2753, -1.0331 -0.1627 0.2753, -1.0008 -0.0975 0.2753, -1.1464 0.0357 0.2753, -1.1602 0.0689 0.2753, -1.1821 0.0974 0.2753, -1.2106 0.1193 0.2753, -1.2439 0.1331 0.2753, -1.2795 0.1378 0.2753, -1.3152 0.1331 0.2753, -1.3484 0.1193 0.2753, -1.377 0.0974 0.2753, -1.3989 0.0689 0.2753, -1.1464 0.0357 0.3147, -1.1602 0.0689 0.3147, -1.1821 0.0974 0.3147, -1.2106 0.1193 0.3147, -1.2439 0.1331 0.3147, -1.2795 0.1378 0.3147, -1.3152 0.1331 0.3147, -1.3484 0.1193 0.3147, -1.377 0.0974 0.3147, -1.3989 0.0689 0.3147, -1.4126 0.0357 0.3147, -0.2756 -1.2288 0.2753, -0.2759 -1.2879 0.2753, -0.2727 -1.2288 0.2764, -0.2692 -1.2288 0.2759, -0.2732 -1.2288 0.2753, -0.2692 -1.3469 0.2759, -0.2727 -1.3469 0.2764, -0.2756 -1.3469 0.2753, -0.2722 -1.3469 0.2753, -0.7781 0.2729 1.038, -0.7781 -0.2729 1.038, -0.7281 0.2178 1.038, -0.7564 0.2423 1.038, -0.6706 -0.1937 1.038, -0.6706 0.1937 1.038, -0.6949 -0.2006 1.038, -0.6949 0.2006 1.038, -0.7281 -0.2178 1.038, -0.7564 -0.2423 1.038, -1.3517 -0.2863 1.0132, -1.3517 -0.2863 1.038, -1.3358 -0.2899 1.038, -1.526 -0.1627 1.038, -1.4783 -0.2176 0.8232, -1.4787 -0.2179 1.038, -1.4715 -0.2244 0.8331, -1.4194 -0.26 1.038, -1.3538 -0.2858 1.0097, -1.3713 -0.2798 0.983, -1.3968 -0.271 0.9437, -1.4191 -0.2594 0.9103, -1.435 -0.251 0.8865, -1.5736 -0.0265 1.038, -1.5582 -0.0975 1.038, -0.5709 -1.2795 0.9804, -0.5709 -1.2795 1.038, -0.5697 -1.2426 1.038, -0.1943 -0.6062 0.3344, -0.1943 -0.6062 0.7478, -0.2049 -0.5743 0.3344, -0.2049 -0.5743 0.7478, -0.2221 -0.5453 0.3344, -0.2221 -0.5453 0.7478, -0.2451 -0.5206 0.3344, -0.2451 -0.5206 0.7478, -0.2729 -0.5014 0.3344, -0.2729 -0.5014 0.7478, -0.3633 -0.4404 0.7478, -0.3633 -0.4404 0.3344, -0.4404 -0.3633 0.7478, -0.4404 -0.3633 0.3344, -0.5014 -0.2729 0.7478, -0.5014 -0.2729 0.3344, -0.6706 -0.1937 0.7478, -0.5231 -0.2423 0.3344, -0.5231 -0.2423 0.7478, -0.5514 -0.2178 0.3344, -0.5514 -0.2178 0.7478, -0.5847 -0.2006 0.3344, -0.5847 -0.2006 0.7478, -0.621 -0.1918 0.3344, -0.621 -0.1918 0.7478, -0.6585 -0.1918 0.3344, -0.6585 -0.1918 0.7478, -0.6949 -0.2006 0.3344, -0.7281 -0.2178 0.3344, -0.7564 -0.2423 0.3344, -0.7781 -0.2729 0.3344, -1.494 -0.529 0.3423, -1.494 -0.529 0.3344, -1.3819 -0.5616 0.3344, -1.5191 -0.5182 0.3423, -1.3817 -0.5606 0.8285, -1.3819 -0.5616 1.038, -1.5191 -0.5182 1.038, -1.2381 -0.5694 0.3344, -1.097 -0.5409 0.3344, -0.9675 -0.478 0.3344, -0.8578 -0.3848 0.3344, -1.6411 -0.4418 0.3344, -1.6304 -0.4503 0.3344, -1.6304 -0.4503 0.3423, -1.5191 0.5182 0.3423, -1.6304 0.4503 0.3423, -1.6411 0.4418 1.038, -1.3819 0.5616 1.038, -1.3818 0.5615 0.8279, -1.5191 0.5182 1.038, -1.3819 0.5616 0.3344, -1.494 0.529 0.3344, -1.494 0.529 0.3423, -0.7781 0.2729 0.3344, -1.097 0.5409 0.3344, -0.8578 0.3848 0.3344, -0.9675 0.478 0.3344, -1.2381 0.5694 0.3344, -1.2426 0.5697 1.038, -1.3119 0.5699 0.9311, -1.3781 0.5623 0.8332, -1.3416 -0.5675 0.8867, -1.2689 -0.5708 0.9968, -1.2426 -0.5697 1.038, -1.6411 -0.4418 1.038, -1.7401 -0.3373 1.038, -1.7401 -0.3373 0.3344, -1.8098 -0.2113 1.038, -1.8098 -0.2113 0.3344, -1.8458 -0.072 1.038, -1.8458 -0.072 0.3344, -1.8458 0.072 1.038, -1.8458 0.072 0.3344, -1.8098 0.2113 1.038, -1.8098 0.2113 0.3344, -1.7401 0.3373 1.038, -1.7401 0.3373 0.3344, -1.6411 0.4418 0.3344, -1.6304 0.4503 0.3344, -0.6706 0.1937 0.7478, -0.7564 0.2423 0.3344, -0.7281 0.2178 0.3344, -0.6949 0.2006 0.3344, -0.5014 0.2729 0.7478, -0.5014 0.2729 0.3344, -0.5231 0.2423 0.7478, -0.5231 0.2423 0.3344, -0.5514 0.2178 0.7478, -0.5514 0.2178 0.3344, -0.5847 0.2006 0.7478, -0.5847 0.2006 0.3344, -0.621 0.1918 0.7478, -0.621 0.1918 0.3344, -0.6585 0.1918 0.7478, -0.6585 0.1918 0.3344, -0.4404 0.3633 0.7478, -0.4404 0.3633 0.3344, -0.3633 0.4404 0.7478, -0.3633 0.4404 0.3344, -0.1943 0.6733 0.3344, -0.1943 0.6733 0.7478, -0.2049 0.7053 0.3344, -0.2049 0.7053 0.7478, -0.2221 0.7342 0.3344, -0.2221 0.7342 0.7478, -0.2451 0.7589 0.3344, -0.2451 0.7589 0.7478, -0.2719 0.7776 0.7478, -0.2719 0.7776 1.038
            ]
        }
        coordIndex [
            0,1,2,-1,2,1,3,-1,4,5,6,-1,0,2,6,-1,6,2,7,-1,6,7,4,-1,4,7,8,-1,4,8,9,-1,9,8,10,-1,9,10,11,-1,12,13,14,-1,11,10,14,-1,14,10,15,-1,14,15,12,-1,16,17,18,-1,19,20,21,-1,21,20,22,-1,21,22,23,-1,23,22,24,-1,23,24,25,-1,25,24,26,-1,25,26,27,-1,27,26,28,-1,27,28,29,-1,29,28,30,-1,31,32,33,-1,34,35,36,-1,36,35,37,-1,36,37,38,-1,38,37,39,-1,38,39,40,-1,40,39,41,-1,40,41,42,-1,42,41,43,-1,42,43,33,-1,33,43,44,-1,33,44,31,-1,45,46,47,-1,48,31,49,-1,49,31,44,-1,49,44,50,-1,44,51,50,-1,50,51,52,-1,50,52,53,-1,53,52,54,-1,53,54,55,-1,56,55,57,-1,57,55,54,-1,57,54,47,-1,47,54,58,-1,47,58,45,-1,59,60,61,-1,61,60,62,-1,61,62,63,-1,64,65,66,-1,66,65,67,-1,66,67,59,-1,59,67,68,-1,59,68,60,-1,64,66,69,-1,69,66,70,-1,69,70,71,-1,72,73,74,-1,74,73,75,-1,74,75,76,-1,76,75,77,-1,76,77,78,-1,78,77,79,-1,78,79,80,-1,80,79,81,-1,80,81,82,-1,82,81,83,-1,82,83,84,-1,84,83,85,-1,84,85,86,-1,86,85,87,-1,86,87,88,-1,88,87,89,-1,88,89,90,-1,90,89,91,-1,90,91,92,-1,92,91,93,-1,92,93,94,-1,93,71,94,-1,94,71,70,-1,94,70,95,-1,95,70,96,-1,95,96,97,-1,97,96,98,-1,97,98,99,-1,99,98,100,-1,101,102,103,-1,101,103,104,-1,104,103,105,-1,104,105,106,-1,106,105,107,-1,106,107,108,-1,108,107,109,-1,108,109,110,-1,110,109,111,-1,110,111,112,-1,112,111,113,-1,112,113,114,-1,114,113,115,-1,114,115,116,-1,116,115,117,-1,116,117,118,-1,118,117,119,-1,118,119,120,-1,120,119,121,-1,120,121,122,-1,122,121,123,-1,122,123,124,-1,124,123,125,-1,124,125,126,-1,127,128,129,-1,127,129,130,-1,130,129,131,-1,130,131,132,-1,132,131,133,-1,132,133,134,-1,134,133,135,-1,134,135,136,-1,136,135,137,-1,136,137,138,-1,138,137,139,-1,138,139,140,-1,140,139,141,-1,140,141,142,-1,142,141,143,-1,142,143,144,-1,144,143,145,-1,144,145,146,-1,146,145,147,-1,146,147,148,-1,148,147,149,-1,148,149,150,-1,150,149,151,-1,150,151,152,-1,127,130,153,-1,130,132,154,-1,132,134,155,-1,134,136,156,-1,140,157,158,-1,142,157,140,-1,140,159,160,-1,161,159,140,-1,158,161,140,-1,140,162,163,-1,164,162,140,-1,160,164,140,-1,140,165,166,-1,167,165,140,-1,163,167,140,-1,136,138,166,-1,166,138,140,-1,136,166,156,-1,156,166,165,-1,156,165,168,-1,168,165,167,-1,168,167,169,-1,169,167,163,-1,169,163,170,-1,170,163,162,-1,170,162,171,-1,171,162,164,-1,171,164,172,-1,172,164,160,-1,172,160,173,-1,173,160,159,-1,173,159,174,-1,174,159,161,-1,174,161,175,-1,175,161,158,-1,175,158,176,-1,176,158,157,-1,176,157,177,-1,177,157,142,-1,177,142,144,-1,134,156,155,-1,155,156,168,-1,155,168,178,-1,178,168,169,-1,178,169,179,-1,179,169,170,-1,179,170,180,-1,180,170,171,-1,180,171,181,-1,181,171,172,-1,181,172,182,-1,182,172,173,-1,182,173,183,-1,183,173,174,-1,183,174,184,-1,184,174,175,-1,184,175,185,-1,185,175,176,-1,185,176,186,-1,186,176,177,-1,186,177,187,-1,187,177,144,-1,187,144,146,-1,132,155,154,-1,154,155,178,-1,154,178,188,-1,188,178,179,-1,188,179,189,-1,189,179,180,-1,189,180,190,-1,190,180,181,-1,190,181,191,-1,191,181,182,-1,191,182,192,-1,192,182,183,-1,192,183,193,-1,193,183,184,-1,193,184,194,-1,194,184,185,-1,194,185,195,-1,195,185,186,-1,195,186,196,-1,196,186,187,-1,196,187,197,-1,197,187,146,-1,197,146,148,-1,130,154,153,-1,153,154,188,-1,153,188,198,-1,198,188,189,-1,198,189,199,-1,199,189,190,-1,199,190,200,-1,200,190,191,-1,200,191,201,-1,201,191,192,-1,201,192,202,-1,202,192,193,-1,202,193,203,-1,203,193,194,-1,203,194,204,-1,204,194,195,-1,204,195,205,-1,205,195,196,-1,205,196,206,-1,206,196,197,-1,206,197,207,-1,207,197,148,-1,207,148,150,-1,127,153,208,-1,208,153,198,-1,208,198,209,-1,209,198,199,-1,209,199,210,-1,210,199,200,-1,210,200,211,-1,211,200,201,-1,211,201,212,-1,212,201,202,-1,212,202,213,-1,213,202,203,-1,213,203,214,-1,214,203,204,-1,214,204,215,-1,215,204,205,-1,215,205,216,-1,216,205,206,-1,216,206,217,-1,217,206,207,-1,217,207,218,-1,218,207,150,-1,218,150,152,-1,219,220,221,-1,221,220,222,-1,221,222,223,-1,223,222,224,-1,223,224,225,-1,225,224,226,-1,227,223,228,-1,228,223,225,-1,228,225,229,-1,230,221,227,-1,227,221,223,-1,221,230,219,-1,219,230,231,-1,219,231,232,-1,230,233,234,-1,233,230,235,-1,235,230,227,-1,235,227,236,-1,236,227,228,-1,236,228,234,-1,234,228,231,-1,234,231,230,-1,237,238,233,-1,233,238,234,-1,239,240,237,-1,237,240,238,-1,239,235,240,-1,240,235,236,-1,239,237,235,-1,235,237,233,-1,238,240,234,-1,234,240,236,-1,241,229,226,-1,226,229,225,-1,242,220,232,-1,232,220,219,-1,243,244,245,-1,243,245,246,-1,247,246,245,-1,248,247,245,-1,249,248,245,-1,250,249,245,-1,251,250,245,-1,252,251,245,-1,253,252,245,-1,254,253,245,-1,255,254,245,-1,256,255,245,-1,256,257,258,-1,257,259,260,-1,259,261,262,-1,261,263,264,-1,263,127,208,-1,263,208,264,-1,264,208,209,-1,264,209,265,-1,265,209,210,-1,265,210,266,-1,266,210,211,-1,266,211,267,-1,267,211,212,-1,267,212,268,-1,268,212,213,-1,268,213,269,-1,269,213,214,-1,269,214,270,-1,270,214,215,-1,270,215,271,-1,271,215,216,-1,271,216,272,-1,272,216,217,-1,272,217,273,-1,273,217,218,-1,273,218,274,-1,274,218,152,-1,274,152,275,-1,261,264,262,-1,262,264,265,-1,262,265,276,-1,276,265,266,-1,276,266,277,-1,277,266,267,-1,277,267,278,-1,278,267,268,-1,278,268,279,-1,279,268,269,-1,279,269,280,-1,280,269,270,-1,280,270,281,-1,281,270,271,-1,281,271,282,-1,282,271,272,-1,282,272,283,-1,283,272,273,-1,283,273,284,-1,284,273,274,-1,284,274,285,-1,285,274,275,-1,285,275,286,-1,259,262,260,-1,260,262,276,-1,260,276,287,-1,287,276,277,-1,287,277,288,-1,288,277,278,-1,288,278,289,-1,289,278,279,-1,289,279,290,-1,290,279,280,-1,290,280,291,-1,291,280,281,-1,291,281,292,-1,292,281,282,-1,292,282,293,-1,293,282,283,-1,293,283,294,-1,294,283,284,-1,294,284,295,-1,295,284,285,-1,295,285,296,-1,296,285,286,-1,296,286,297,-1,257,260,258,-1,258,260,287,-1,258,287,298,-1,298,287,288,-1,298,288,299,-1,299,288,289,-1,299,289,300,-1,300,289,290,-1,300,290,301,-1,301,290,291,-1,301,291,302,-1,302,291,292,-1,302,292,303,-1,303,292,293,-1,303,293,304,-1,304,293,294,-1,304,294,305,-1,305,294,295,-1,305,295,306,-1,306,295,296,-1,306,296,307,-1,307,296,297,-1,307,297,308,-1,256,258,255,-1,255,258,298,-1,255,298,254,-1,254,298,299,-1,254,299,253,-1,253,299,300,-1,253,300,252,-1,252,300,301,-1,252,301,251,-1,251,301,302,-1,251,302,250,-1,250,302,303,-1,250,303,249,-1,249,303,304,-1,249,304,248,-1,248,304,305,-1,248,305,247,-1,247,305,306,-1,247,306,246,-1,246,306,307,-1,246,307,243,-1,243,307,308,-1,243,308,244,-1,309,310,311,-1,311,310,312,-1,311,312,313,-1,313,312,314,-1,314,312,315,-1,314,315,316,-1,316,315,317,-1,317,315,318,-1,317,318,319,-1,319,318,320,-1,320,318,321,-1,320,321,322,-1,322,321,323,-1,323,321,324,-1,323,324,325,-1,325,324,326,-1,326,324,327,-1,326,327,328,-1,329,330,331,-1,331,330,332,-1,333,334,335,-1,335,334,336,-1,335,336,332,-1,332,336,337,-1,332,337,331,-1,333,335,338,-1,338,335,339,-1,338,339,340,-1,340,339,341,-1,341,339,342,-1,341,342,343,-1,343,342,344,-1,344,342,345,-1,344,345,346,-1,346,345,347,-1,347,345,348,-1,347,348,349,-1,327,350,351,-1,350,327,352,-1,352,327,330,-1,352,330,353,-1,351,354,327,-1,327,354,355,-1,327,355,328,-1,356,330,357,-1,357,330,329,-1,356,358,330,-1,330,358,359,-1,330,359,353,-1,360,361,362,-1,362,361,363,-1,364,6,365,-1,365,6,5,-1,365,360,364,-1,364,360,362,-1,366,367,368,-1,368,367,369,-1,370,367,371,-1,371,367,366,-1,370,371,57,-1,57,371,56,-1,372,373,374,-1,372,374,375,-1,375,374,376,-1,375,376,377,-1,373,372,378,-1,378,372,379,-1,372,375,379,-1,379,375,380,-1,375,377,380,-1,380,377,381,-1,382,383,384,-1,384,383,385,-1,384,385,386,-1,385,383,387,-1,387,383,388,-1,383,382,388,-1,388,382,389,-1,386,385,390,-1,390,385,387,-1,152,151,391,-1,152,391,275,-1,275,391,392,-1,275,392,286,-1,286,392,393,-1,286,393,297,-1,297,393,394,-1,297,394,308,-1,308,394,395,-1,308,395,244,-1,244,395,396,-1,244,396,245,-1,245,396,397,-1,245,397,256,-1,256,397,398,-1,256,398,257,-1,257,398,399,-1,257,399,259,-1,259,399,400,-1,259,400,261,-1,261,400,401,-1,261,401,263,-1,263,401,128,-1,263,128,127,-1,371,366,402,-1,403,402,404,-1,404,402,405,-1,366,368,402,-1,402,368,406,-1,402,406,405,-1,402,49,50,-1,56,371,55,-1,55,371,402,-1,55,402,53,-1,53,402,50,-1,407,408,409,-1,409,408,410,-1,409,410,411,-1,411,410,412,-1,411,412,403,-1,403,412,402,-1,413,71,93,-1,75,151,149,-1,75,73,151,-1,151,73,414,-1,151,414,391,-1,391,414,415,-1,391,415,392,-1,392,415,416,-1,392,416,393,-1,393,416,417,-1,393,417,394,-1,394,417,418,-1,394,418,395,-1,395,418,419,-1,395,419,396,-1,396,419,420,-1,396,420,397,-1,397,420,421,-1,397,421,398,-1,398,421,422,-1,398,422,399,-1,399,422,423,-1,399,423,400,-1,400,423,424,-1,400,424,401,-1,401,424,425,-1,401,425,128,-1,128,425,413,-1,128,413,129,-1,129,413,131,-1,131,413,133,-1,133,413,93,-1,133,93,135,-1,135,93,91,-1,135,91,137,-1,137,91,89,-1,137,89,139,-1,139,89,87,-1,139,87,141,-1,141,87,85,-1,141,85,143,-1,143,85,83,-1,143,83,145,-1,145,83,81,-1,145,81,147,-1,147,81,79,-1,147,79,149,-1,149,79,77,-1,149,77,75,-1,378,367,426,-1,426,367,370,-1,426,370,427,-1,369,367,428,-1,428,367,429,-1,57,47,370,-1,370,47,46,-1,370,46,427,-1,427,46,430,-1,427,430,431,-1,379,380,378,-1,378,380,381,-1,378,381,367,-1,367,381,432,-1,367,432,429,-1,429,432,433,-1,362,363,434,-1,435,436,437,-1,438,439,364,-1,438,364,389,-1,435,437,434,-1,434,437,440,-1,434,440,390,-1,441,442,439,-1,439,442,1,-1,439,1,364,-1,364,1,0,-1,364,0,6,-1,387,388,390,-1,390,388,389,-1,390,389,434,-1,434,389,364,-1,434,364,362,-1,360,365,408,-1,14,408,11,-1,11,408,9,-1,365,5,408,-1,408,5,4,-1,408,4,9,-1,408,407,443,-1,361,360,444,-1,444,360,408,-1,444,408,445,-1,445,408,443,-1,446,125,123,-1,97,102,447,-1,97,99,102,-1,102,99,448,-1,102,448,103,-1,103,448,449,-1,103,449,105,-1,105,449,450,-1,105,450,107,-1,107,450,451,-1,107,451,109,-1,109,451,452,-1,109,452,111,-1,111,452,453,-1,111,453,113,-1,113,453,454,-1,113,454,115,-1,115,454,455,-1,115,455,117,-1,117,455,456,-1,117,456,119,-1,119,456,457,-1,119,457,121,-1,121,457,458,-1,121,458,123,-1,123,458,459,-1,123,459,446,-1,446,72,125,-1,125,72,74,-1,125,74,460,-1,460,74,76,-1,460,76,461,-1,461,76,78,-1,461,78,462,-1,462,78,80,-1,462,80,463,-1,463,80,82,-1,463,82,464,-1,464,82,84,-1,464,84,465,-1,465,84,86,-1,465,86,466,-1,466,86,88,-1,466,88,467,-1,467,88,90,-1,467,90,468,-1,468,90,92,-1,468,92,469,-1,469,92,94,-1,469,94,447,-1,447,94,95,-1,447,95,97,-1,126,125,460,-1,126,460,470,-1,470,460,461,-1,470,461,471,-1,471,461,462,-1,471,462,472,-1,472,462,463,-1,472,463,473,-1,473,463,464,-1,473,464,474,-1,474,464,465,-1,474,465,475,-1,475,465,466,-1,475,466,476,-1,476,466,467,-1,476,467,477,-1,477,467,468,-1,477,468,478,-1,478,468,469,-1,478,469,479,-1,479,469,447,-1,479,447,480,-1,480,447,102,-1,480,102,101,-1,479,480,471,-1,471,480,470,-1,101,104,124,-1,124,104,106,-1,101,124,480,-1,480,124,126,-1,480,126,470,-1,106,108,124,-1,124,108,110,-1,124,110,122,-1,122,110,120,-1,114,116,118,-1,471,472,479,-1,479,472,473,-1,479,473,474,-1,474,475,479,-1,479,475,476,-1,479,476,478,-1,478,476,477,-1,120,110,118,-1,118,110,112,-1,118,112,114,-1,481,482,483,-1,483,482,484,-1,481,483,485,-1,485,483,484,-1,486,482,487,-1,487,482,488,-1,486,487,489,-1,489,487,488,-1,490,409,411,-1,491,492,411,-1,411,492,493,-1,411,493,490,-1,494,495,496,-1,496,495,497,-1,496,497,498,-1,498,497,492,-1,498,492,499,-1,499,492,491,-1,500,501,502,-1,424,503,504,-1,504,503,505,-1,504,505,506,-1,501,500,507,-1,507,500,508,-1,507,508,509,-1,509,510,507,-1,507,510,511,-1,507,511,505,-1,505,511,512,-1,505,512,506,-1,99,100,448,-1,448,100,513,-1,448,513,449,-1,449,513,514,-1,449,514,450,-1,73,72,414,-1,414,72,446,-1,414,446,415,-1,415,446,459,-1,415,459,416,-1,416,459,458,-1,416,458,417,-1,417,458,457,-1,417,457,418,-1,418,457,456,-1,418,456,419,-1,419,456,455,-1,419,455,420,-1,420,455,454,-1,420,454,421,-1,421,454,453,-1,421,453,422,-1,422,453,452,-1,422,452,423,-1,423,452,451,-1,423,451,424,-1,424,451,450,-1,424,450,503,-1,503,450,514,-1,515,516,517,-1,35,34,518,-1,518,34,519,-1,518,519,520,-1,520,519,521,-1,520,521,522,-1,522,521,523,-1,522,523,524,-1,524,523,525,-1,524,525,526,-1,526,525,527,-1,526,527,528,-1,526,528,529,-1,529,528,530,-1,529,530,531,-1,531,530,532,-1,531,532,533,-1,534,494,496,-1,533,532,535,-1,535,532,536,-1,535,536,537,-1,537,536,538,-1,537,538,539,-1,539,538,540,-1,539,540,541,-1,541,540,542,-1,541,542,543,-1,543,542,544,-1,543,544,545,-1,544,534,545,-1,545,534,496,-1,545,496,546,-1,546,496,498,-1,546,498,547,-1,547,498,499,-1,547,499,548,-1,548,499,491,-1,549,550,551,-1,552,549,429,-1,553,554,433,-1,433,554,555,-1,549,551,429,-1,429,551,556,-1,429,556,428,-1,406,368,369,-1,428,556,369,-1,369,556,557,-1,369,557,406,-1,406,557,558,-1,406,558,405,-1,405,558,559,-1,405,559,404,-1,491,411,403,-1,404,559,403,-1,403,559,548,-1,403,548,491,-1,560,561,562,-1,563,564,565,-1,566,567,568,-1,568,567,436,-1,569,570,571,-1,409,490,407,-1,407,490,572,-1,407,572,443,-1,434,363,573,-1,572,574,443,-1,443,574,575,-1,443,575,445,-1,445,575,573,-1,445,573,444,-1,444,573,363,-1,444,363,361,-1,573,576,434,-1,434,576,569,-1,434,569,435,-1,435,569,571,-1,435,571,436,-1,436,571,563,-1,436,563,568,-1,568,563,565,-1,577,578,566,-1,566,578,579,-1,566,579,567,-1,553,580,554,-1,554,580,581,-1,554,581,582,-1,429,433,552,-1,552,433,555,-1,552,555,562,-1,562,555,583,-1,562,583,560,-1,560,583,584,-1,560,584,585,-1,585,584,586,-1,585,586,587,-1,587,586,588,-1,587,588,589,-1,589,588,590,-1,589,590,591,-1,591,590,592,-1,591,592,593,-1,593,592,594,-1,593,594,595,-1,595,594,565,-1,595,565,596,-1,596,565,564,-1,596,564,597,-1,497,495,598,-1,572,490,599,-1,599,490,493,-1,599,493,600,-1,600,493,492,-1,600,492,601,-1,602,603,604,-1,604,603,605,-1,604,605,606,-1,606,605,607,-1,606,607,608,-1,608,607,609,-1,608,609,610,-1,610,609,611,-1,610,611,612,-1,612,611,613,-1,612,613,598,-1,598,613,601,-1,598,601,497,-1,497,601,492,-1,603,602,614,-1,603,614,615,-1,615,614,616,-1,615,616,617,-1,617,616,20,-1,617,20,19,-1,29,30,618,-1,618,30,619,-1,618,619,620,-1,620,619,621,-1,620,621,622,-1,622,621,623,-1,622,623,624,-1,624,623,625,-1,624,625,15,-1,15,625,626,-1,15,626,12,-1,12,626,627,-1,
        ]
    }
}
Shape{
    appearance Appearance {
        material  Material 	{
            diffuseColor 0.6666666666666666 0.6666666666666666 0.6666666666666666
            specularColor 0.4666666666666667 0.4666666666666667 0.4666666666666667
            ambientIntensity 0.6667
            transparency 0.0
            shininess 0.5
        }
    }
    geometry IndexedFaceSet {
        ccw TRUE
        solid FALSE
        coord DEF co Coordinate {
            point [
                -2.0669 0.3066 0.2753, -2.0669 0.031 0.2753, -2.0649 0.031 0.2906, -2.0649 0.3066 0.2906, -2.059 0.031 0.3049, -2.059 0.3066 0.3049, -2.0496 0.031 0.3171, -2.0496 0.3066 0.3171, -2.0374 0.031 0.3265, -2.0374 0.3066 0.3265, -2.0232 0.031 0.3324, -2.0232 0.3066 0.3324, -2.0079 0.031 0.3344, -2.0079 0.3066 0.3344, -1.9488 0.2046 -1.456, -2.0669 0.2046 -1.456, -1.9488 0.256 -1.368, -2.0669 0.3066 -1.2814, -1.9488 0.3066 -1.2814, -2.0669 0.1353 -1.456, -1.9488 0.1353 -1.456, -2.0669 0.031 -1.2804, -1.9488 0.0831 -1.368, -1.9488 0.031 -1.2804, -1.9488 0.1992 -1.4637, -2.0669 0.1992 -1.4637, -1.9488 0.1921 -1.4698, -2.0669 0.1921 -1.4698, -1.9488 0.1838 -1.4742, -2.0669 0.1838 -1.4742, -1.9488 0.1746 -1.4764, -2.0669 0.1746 -1.4764, -1.9488 0.1653 -1.4764, -2.0669 0.1653 -1.4764, -1.9488 0.1561 -1.4742, -2.0669 0.1561 -1.4742, -1.9488 0.1478 -1.4698, -2.0669 0.1478 -1.4698, -1.9488 0.1407 -1.4637, -2.0669 0.1407 -1.4637, -1.9488 0.3066 0.0194, -1.9488 0.031 0.0194, -1.9488 0.1772 0.0194, -1.9488 0.2754 0.0194, -2.0079 0.031 0.0194, -2.0079 0.3066 0.0194, -2.0079 0.3066 0.2163
            ]
        }
        coordIndex [
            0,1,2,-1,0,2,3,-1,3,2,4,-1,3,4,5,-1,5,4,6,-1,5,6,7,-1,7,6,8,-1,7,8,9,-1,9,8,10,-1,9,10,11,-1,11,10,12,-1,11,12,13,-1,14,15,16,-1,16,15,17,-1,16,17,18,-1,19,20,21,-1,21,20,22,-1,21,22,23,-1,15,14,24,-1,15,24,25,-1,25,24,26,-1,25,26,27,-1,27,26,28,-1,27,28,29,-1,29,28,30,-1,29,30,31,-1,31,30,32,-1,31,32,33,-1,33,32,34,-1,33,34,35,-1,35,34,36,-1,35,36,37,-1,37,36,38,-1,37,38,39,-1,39,38,20,-1,39,20,19,-1,23,22,16,-1,16,18,40,-1,41,23,42,-1,42,23,16,-1,42,16,43,-1,43,16,40,-1,2,1,44,-1,44,1,21,-1,44,21,41,-1,41,21,23,-1,12,10,44,-1,44,10,8,-1,8,6,44,-1,44,6,4,-1,44,4,2,-1,45,40,18,-1,11,13,46,-1,18,17,45,-1,45,17,0,-1,45,0,46,-1,46,0,3,-1,46,3,5,-1,5,7,46,-1,46,7,9,-1,46,9,11,-1,14,16,20,-1,20,16,22,-1,28,26,20,-1,20,26,24,-1,20,24,14,-1,34,20,36,-1,36,20,38,-1,34,32,20,-1,20,32,30,-1,20,30,28,-1,37,39,19,-1,1,0,21,-1,21,0,17,-1,21,17,19,-1,19,17,15,-1,19,15,25,-1,25,27,19,-1,19,27,29,-1,19,29,31,-1,31,33,19,-1,19,33,35,-1,19,35,37,-1,
        ]
    }
}
Shape{
    appearance Appearance {
        material  Material 	{
            diffuseColor 0.20784313725490197 0.20784313725490197 0.20784313725490197
            specularColor 0.01568627450980392 0.01568627450980392 0.01568627450980392
            ambientIntensity 0.298
            transparency 0.0
            shininess 0.5
        }
    }
    geometry IndexedFaceSet {
        ccw TRUE
        solid FALSE
        coord DEF co Coordinate {
            point [
                -0.1973 -2.0472 0.3344, -0.1973 -2.0079 0.3344, -0.1973 -2.0472 0.2163, -0.1973 -2.0079 0.2163, -0.1973 2.0472 0.3344, -0.1973 2.0472 0.2163, -0.1973 2.0079 0.3344, -0.1973 2.0079 0.2163
            ]
        }
        coordIndex [
            0,1,2,-1,2,1,3,-1,4,5,6,-1,6,5,7,-1,
        ]
    }
}
Shape{
    appearance Appearance {
        material  Material 	{
            diffuseColor 0.6666666666666666 0.6666666666666666 0.6666666666666666
            specularColor 0.4666666666666667 0.4666666666666667 0.4666666666666667
            ambientIntensity 0.6667
            transparency 0.0
            shininess 0.5
        }
    }
    geometry IndexedFaceSet {
        ccw TRUE
        solid FALSE
        coord DEF co Coordinate {
            point [
                -2.2128 1.0979 -1.0643, -2.2146 1.0979 -1.0829, -2.094 1.0979 -1.0811, -2.1564 1.0979 -1.2207, -2.0234 1.0979 -1.2207, -2.2075 1.0979 -1.1195, -2.2128 1.0979 -1.1016, -2.0079 1.0979 0.0194, -2.0079 1.0979 0.3344, -2.0232 1.0979 0.3324, -1.9488 1.0979 0.0194, -1.9488 1.0979 -0.7131, -2.0669 1.0979 -0.6892, -2.2075 1.0979 -1.0464, -2.0374 1.0979 0.3265, -2.0496 1.0979 0.3171, -2.059 1.0979 0.3049, -2.0649 1.0979 0.2906, -2.0669 1.0979 0.2753
            ]
        }
        coordIndex [
            0,1,2,-1,3,4,5,-1,5,4,2,-1,5,2,6,-1,6,2,1,-1,7,8,9,-1,10,7,11,-1,11,7,12,-1,11,12,2,-1,2,12,13,-1,2,13,0,-1,9,14,7,-1,7,14,15,-1,7,15,16,-1,16,17,7,-1,7,17,18,-1,7,18,12,-1,
        ]
    }
}
Shape{
    appearance Appearance {
        material  Material 	{
            diffuseColor 0.20784313725490197 0.20784313725490197 0.20784313725490197
            specularColor 0.01568627450980392 0.01568627450980392 0.01568627450980392
            ambientIntensity 0.298
            transparency 0.0
            shininess 0.5
        }
    }
    geometry IndexedFaceSet {
        ccw TRUE
        solid FALSE
        coord DEF co Coordinate {
            point [
                -1.8194 1.1058 0.2163, -1.8194 1.1058 0.3344, -1.9488 1.1058 0.2163, -1.9488 1.1058 0.3344, -1.9488 1.4365 0.2163, -1.9488 1.4365 0.3344, -1.811 1.4365 0.2163, -1.811 1.4365 0.3344
            ]
        }
        coordIndex [
            0,1,2,-1,2,1,3,-1,4,5,6,-1,6,5,7,-1,
        ]
    }
}
Shape{
    appearance Appearance {
        material  Material 	{
            diffuseColor 0.6666666666666666 0.6666666666666666 0.6666666666666666
            specularColor 0.4666666666666667 0.4666666666666667 0.4666666666666667
            ambientIntensity 0.6667
            transparency 0.0
            shininess 0.5
        }
    }
    geometry IndexedFaceSet {
        ccw TRUE
        solid FALSE
        coord DEF co Coordinate {
            point [
                -2.0669 1.4444 0.2753, -2.0669 1.0979 0.2753, -2.0649 1.0979 0.2906, -2.0649 1.4444 0.2906, -2.059 1.0979 0.3049, -2.059 1.4444 0.3049, -2.0496 1.0979 0.3171, -2.0496 1.4444 0.3171, -2.0374 1.0979 0.3265, -2.0374 1.4444 0.3265, -2.0232 1.0979 0.3324, -2.0232 1.4444 0.3324, -2.0079 1.0979 0.3344, -2.0079 1.4444 0.3344
            ]
        }
        coordIndex [
            0,1,2,-1,0,2,3,-1,3,2,4,-1,3,4,5,-1,5,4,6,-1,5,6,7,-1,7,6,8,-1,7,8,9,-1,9,8,10,-1,9,10,11,-1,11,10,12,-1,11,12,13,-1,
        ]
    }
}
Shape{
    appearance Appearance {
        material  Material 	{
            diffuseColor 0.20784313725490197 0.20784313725490197 0.20784313725490197
            specularColor 0.01568627450980392 0.01568627450980392 0.01568627450980392
            ambientIntensity 0.298
            transparency 0.0
            shininess 0.5
        }
    }
    geometry IndexedFaceSet {
        ccw TRUE
        solid FALSE
        coord DEF co Coordinate {
            point [
                -1.9488 1.4444 0.3344, -1.9488 1.4365 0.3344, -1.9488 1.4365 0.2163, -1.9488 1.1058 0.3344, -1.9488 1.1024 0.3344, -1.9488 1.1058 0.2163, -1.9488 1.1024 0.1769, -1.9488 1.4444 0.1769
            ]
        }
        coordIndex [
            0,1,2,-1,3,4,5,-1,5,4,6,-1,5,6,2,-1,2,6,7,-1,2,7,0,-1,
        ]
    }
}
Shape{
    appearance Appearance {
        material  Material 	{
            diffuseColor 0.6666666666666666 0.6666666666666666 0.6666666666666666
            specularColor 0.4666666666666667 0.4666666666666667 0.4666666666666667
            ambientIntensity 0.6667
            transparency 0.0
            shininess 0.5
        }
    }
    geometry IndexedFaceSet {
        ccw TRUE
        solid FALSE
        coord DEF co Coordinate {
            point [
                -2.0079 1.4444 -0.02, -2.0669 1.4444 -0.6892, -2.0669 1.4444 0.2753, -1.9488 1.4444 0.3344, -1.9488 1.4444 0.1769, -2.0079 1.4444 0.3344, -2.0079 1.4444 0.1769, -2.0232 1.4444 0.3324, -2.094 1.4444 -1.0811, -2.0234 1.4444 -1.2207, -2.1564 1.4444 -1.2207, -2.0649 1.4444 0.2906, -2.059 1.4444 0.3049, -2.0496 1.4444 0.3171, -2.0374 1.4444 0.3265, -2.2075 1.4444 -1.1195, -2.2128 1.4444 -1.1016, -2.2146 1.4444 -1.0829, -1.9488 1.4444 -0.02, -1.9488 1.4444 -0.7131, -2.2075 1.4444 -1.0464, -2.2128 1.4444 -1.0643, -1.9488 1.25 0.0194, -1.9488 1.0979 0.0194, -1.9488 1.0979 -0.7131, -1.9488 1.2598 0.0194, -1.9488 1.2598 -0.02
            ]
        }
        coordIndex [
            0,1,2,-1,3,4,5,-1,5,4,6,-1,5,6,7,-1,8,9,10,-1,0,2,6,-1,6,2,11,-1,6,11,12,-1,12,13,6,-1,6,13,14,-1,6,14,7,-1,10,15,8,-1,8,15,16,-1,8,16,17,-1,0,18,1,-1,1,18,19,-1,1,19,20,-1,20,19,8,-1,20,8,21,-1,21,8,17,-1,22,23,24,-1,25,22,26,-1,26,22,24,-1,26,24,18,-1,18,24,19,-1,
        ]
    }
}
Shape{
    appearance Appearance {
        material  Material 	{
            diffuseColor 0.20784313725490197 0.20784313725490197 0.20784313725490197
            specularColor 0.01568627450980392 0.01568627450980392 0.01568627450980392
            ambientIntensity 0.298
            transparency 0.0
            shininess 0.5
        }
    }
    geometry IndexedFaceSet {
        ccw TRUE
        solid FALSE
        coord DEF co Coordinate {
            point [
                -1.8194 1.1058 0.3344, -1.8194 1.1058 0.2163, -1.8194 1.1024 0.3344, -1.8194 1.1024 0.2163, -1.811 1.1024 0.2163, -1.9488 1.1058 0.2163, -1.9488 1.4365 0.2163, -1.811 1.4365 0.2163
            ]
        }
        coordIndex [
            0,1,2,-1,2,1,3,-1,4,3,1,-1,5,6,1,-1,1,6,7,-1,1,7,4,-1,
        ]
    }
}
Shape{
    appearance Appearance {
        material  Material 	{
            diffuseColor 0.6666666666666666 0.6666666666666666 0.6666666666666666
            specularColor 0.4666666666666667 0.4666666666666667 0.4666666666666667
            ambientIntensity 0.6667
            transparency 0.0
            shininess 0.5
        }
    }
    geometry IndexedFaceSet {
        ccw TRUE
        solid FALSE
        coord DEF co Coordinate {
            point [
                -2.094 1.4444 -1.0811, -1.9488 1.4444 -0.7131, -2.094 1.0979 -1.0811, -1.9488 1.0979 -0.7131, -2.0669 1.0979 -0.6892, -2.0669 1.0979 0.2753, -2.0669 1.4444 -0.6892, -2.0669 1.4444 0.2753, -2.2075 1.4444 -1.0464, -2.2075 1.0979 -1.0464, -2.2146 1.4444 -1.0829, -2.2146 1.0979 -1.0829, -2.2128 1.0979 -1.0643, -2.2128 1.4444 -1.0643, -2.2075 1.0979 -1.1195, -2.2075 1.4444 -1.1195, -2.1564 1.4444 -1.2207, -2.1564 1.0979 -1.2207, -2.0669 1.3409 -1.3979, -2.0669 1.2032 -1.3979, -2.0234 1.4444 -1.2207, -1.9488 1.3584 -1.368, -2.0669 1.307 -1.456, -1.9488 1.307 -1.456, -1.9488 1.1854 -1.368, -2.0234 1.0979 -1.2207, -2.0669 1.2377 -1.456, -1.9488 1.2377 -1.456, -2.0669 1.2502 -1.4698, -2.0669 1.2431 -1.4637, -2.0669 1.2585 -1.4742, -2.0669 1.3015 -1.4637, -2.0669 1.2945 -1.4698, -2.0669 1.2861 -1.4742, -2.0669 1.277 -1.4764, -2.0669 1.2676 -1.4764, -1.9488 1.3015 -1.4637, -1.9488 1.2945 -1.4698, -1.9488 1.2861 -1.4742, -1.9488 1.277 -1.4764, -1.9488 1.2676 -1.4764, -1.9488 1.2585 -1.4742, -1.9488 1.2502 -1.4698, -1.9488 1.2431 -1.4637
            ]
        }
        coordIndex [
            0,1,2,-1,2,1,3,-1,4,5,6,-1,6,5,7,-1,6,8,4,-1,4,8,9,-1,10,11,12,-1,10,12,13,-1,13,12,9,-1,13,9,8,-1,14,15,16,-1,14,16,17,-1,17,16,18,-1,17,18,19,-1,16,20,18,-1,18,20,21,-1,18,21,22,-1,22,21,23,-1,24,21,25,-1,25,21,20,-1,25,20,2,-1,2,20,0,-1,26,27,19,-1,19,27,24,-1,19,24,17,-1,17,24,25,-1,28,29,26,-1,19,18,26,-1,26,18,22,-1,28,26,30,-1,22,31,26,-1,26,31,32,-1,26,32,33,-1,33,34,26,-1,26,34,35,-1,26,35,30,-1,22,23,36,-1,22,36,31,-1,31,36,37,-1,31,37,32,-1,32,37,38,-1,32,38,33,-1,33,38,39,-1,33,39,34,-1,34,39,40,-1,34,40,35,-1,35,40,41,-1,35,41,30,-1,30,41,42,-1,30,42,28,-1,28,42,43,-1,28,43,29,-1,29,43,27,-1,29,27,26,-1,23,21,27,-1,27,21,24,-1,43,42,27,-1,27,42,41,-1,41,40,27,-1,27,40,39,-1,27,39,38,-1,38,37,27,-1,27,37,36,-1,27,36,23,-1,
        ]
    }
}
Shape{
    appearance Appearance {
        material  Material 	{
            diffuseColor 0.20784313725490197 0.20784313725490197 0.20784313725490197
            specularColor 0.01568627450980392 0.01568627450980392 0.01568627450980392
            ambientIntensity 0.298
            transparency 0.0
            shininess 0.5
        }
    }
    geometry IndexedFaceSet {
        ccw TRUE
        solid FALSE
        coord DEF co Coordinate {
            point [
                -0.619 -1.546 0.3344, -0.619 -1.546 0.3423, -0.529 -1.494 0.3344, -0.529 -1.494 0.3423, -0.5403 -1.6824 0.3423, -0.5403 -1.6824 0.3344, -0.4503 -1.6304 0.3423, -0.4503 -1.6304 0.3344, -0.4801 -1.5883 0.3423, -1.6824 0.5403 0.3423, -1.546 0.619 0.3423, -1.6824 0.5403 0.3344, -1.546 0.619 0.3344, -1.494 0.529 0.3344, -1.494 0.529 0.3423, -1.6304 0.4503 0.3423, -1.6304 0.4503 0.3344, -1.5191 0.5182 0.3423, -1.546 -0.619 0.3423, -1.6824 -0.5403 0.3423, -1.546 -0.619 0.3344, -1.6824 -0.5403 0.3344, -1.494 -0.529 0.3344, -1.494 -0.529 0.3423, -1.6304 -0.4503 0.3423, -1.6304 -0.4503 0.3344, -1.5191 -0.5182 0.3423, -0.6357 1.546 0.3344, -0.5321 1.4862 0.3344, -0.6357 1.546 0.3423, -0.5321 1.4862 0.3423, -0.557 1.6824 0.3423, -0.557 1.6824 0.3344, -0.4554 1.6237 0.3423, -0.4554 1.6237 0.3344, -0.4801 1.5883 0.3423
            ]
        }
        coordIndex [
            0,1,2,-1,2,1,3,-1,4,5,6,-1,6,5,7,-1,4,1,5,-1,5,1,0,-1,3,1,8,-1,8,1,4,-1,8,4,6,-1,9,10,11,-1,11,10,12,-1,12,10,13,-1,13,10,14,-1,9,11,15,-1,15,11,16,-1,9,15,10,-1,10,15,17,-1,10,17,14,-1,18,19,20,-1,20,19,21,-1,20,22,18,-1,18,22,23,-1,19,24,21,-1,21,24,25,-1,24,19,26,-1,26,19,18,-1,26,18,23,-1,27,28,29,-1,29,28,30,-1,29,31,27,-1,27,31,32,-1,31,33,32,-1,32,33,34,-1,29,30,31,-1,31,30,35,-1,31,35,33,-1,
        ]
    }
}
Shape{
    appearance Appearance {
        material  Material 	{
            diffuseColor 0.6666666666666666 0.6666666666666666 0.6666666666666666
            specularColor 0.4666666666666667 0.4666666666666667 0.4666666666666667
            ambientIntensity 0.6667
            transparency 0.0
            shininess 0.5
        }
    }
    geometry IndexedFaceSet {
        ccw TRUE
        solid FALSE
        coord DEF co Coordinate {
            point [
                -2.0669 -1.1147 0.2753, -2.0669 -1.4611 0.2753, -2.0649 -1.4611 0.2906, -2.0649 -1.1147 0.2906, -2.059 -1.4611 0.3049, -2.059 -1.1147 0.3049, -2.0496 -1.4611 0.3171, -2.0496 -1.1147 0.3171, -2.0374 -1.4611 0.3265, -2.0374 -1.1147 0.3265, -2.0232 -1.4611 0.3324, -2.0232 -1.1147 0.3324, -2.0079 -1.4611 0.3344, -2.0079 -1.1147 0.3344
            ]
        }
        coordIndex [
            0,1,2,-1,0,2,3,-1,3,2,4,-1,3,4,5,-1,5,4,6,-1,5,6,7,-1,7,6,8,-1,7,8,9,-1,9,8,10,-1,9,10,11,-1,11,10,12,-1,11,12,13,-1,
        ]
    }
}
Shape{
    appearance Appearance {
        material  Material 	{
            diffuseColor 0.20784313725490197 0.20784313725490197 0.20784313725490197
            specularColor 0.01568627450980392 0.01568627450980392 0.01568627450980392
            ambientIntensity 0.298
            transparency 0.0
            shininess 0.5
        }
    }
    geometry IndexedFaceSet {
        ccw TRUE
        solid FALSE
        coord DEF co Coordinate {
            point [
                -1.811 -1.1225 0.2753, -1.9291 -1.1225 0.3344, -1.811 -1.4532 0.2753, -1.9291 -1.4532 0.3344
            ]
        }
        coordIndex [
            0,1,2,-1,2,1,3,-1,
        ]
    }
}
Shape{
    appearance Appearance {
        material  Material 	{
            diffuseColor 0.6666666666666666 0.6666666666666666 0.6666666666666666
            specularColor 0.4666666666666667 0.4666666666666667 0.4666666666666667
            ambientIntensity 0.6667
            transparency 0.0
            shininess 0.5
        }
    }
    geometry IndexedFaceSet {
        ccw TRUE
        solid FALSE
        coord DEF co Coordinate {
            point [
                -2.2128 -1.4611 -1.0643, -2.2146 -1.4611 -1.0829, -2.094 -1.4611 -1.0811, -2.1564 -1.4611 -1.2207, -2.0234 -1.4611 -1.2207, -2.2075 -1.4611 -1.1195, -2.2128 -1.4611 -1.1016, -2.0079 -1.4611 -0.02, -2.0496 -1.4611 0.3171, -2.059 -1.4611 0.3049, -1.9488 -1.4611 -0.02, -1.9488 -1.4611 -0.7131, -2.0669 -1.4611 -0.6892, -2.2075 -1.4611 -1.0464, -2.0079 -1.4611 0.3344, -2.0232 -1.4611 0.3324, -2.0374 -1.4611 0.3265, -2.0649 -1.4611 0.2906, -2.0669 -1.4611 0.2753, -2.0079 -1.1147 0.0194, -2.0669 -1.1147 -0.6892, -2.0669 -1.1147 0.2753, -2.059 -1.1147 0.3049, -2.0496 -1.1147 0.3171, -2.0079 -1.1147 0.1769, -2.0374 -1.1147 0.3265, -2.094 -1.1147 -1.0811, -2.0234 -1.1147 -1.2207, -2.1564 -1.1147 -1.2207, -2.0649 -1.1147 0.2906, -1.9488 -1.1147 0.3344, -1.9488 -1.1147 0.1769, -2.0079 -1.1147 0.3344, -2.0232 -1.1147 0.3324, -2.2075 -1.1147 -1.1195, -2.2128 -1.1147 -1.1016, -2.2146 -1.1147 -1.0829, -1.9488 -1.1147 0.0194, -1.9488 -1.1147 -0.7131, -2.2075 -1.1147 -1.0464, -2.2128 -1.1147 -1.0643, -1.9488 -1.2598 -0.02, -1.9488 -1.2598 0.0194, -1.9488 -1.25 0.0194
            ]
        }
        coordIndex [
            0,1,2,-1,3,4,5,-1,5,4,2,-1,5,2,6,-1,6,2,1,-1,7,8,9,-1,10,7,11,-1,11,7,12,-1,11,12,2,-1,2,12,13,-1,2,13,0,-1,14,15,7,-1,7,15,16,-1,7,16,8,-1,9,17,7,-1,7,17,18,-1,7,18,12,-1,19,20,21,-1,22,23,24,-1,24,23,25,-1,26,27,28,-1,19,21,24,-1,24,21,29,-1,24,29,22,-1,30,31,32,-1,32,31,24,-1,32,24,33,-1,33,24,25,-1,28,34,26,-1,26,34,35,-1,26,35,36,-1,19,37,20,-1,20,37,38,-1,20,38,39,-1,39,38,26,-1,39,26,40,-1,40,26,36,-1,10,11,41,-1,41,11,38,-1,42,41,43,-1,43,41,38,-1,43,38,37,-1,
        ]
    }
}
Shape{
    appearance Appearance {
        material  Material 	{
            diffuseColor 0.20784313725490197 0.20784313725490197 0.20784313725490197
            specularColor 0.01568627450980392 0.01568627450980392 0.01568627450980392
            ambientIntensity 0.298
            transparency 0.0
            shininess 0.5
        }
    }
    geometry IndexedFaceSet {
        ccw TRUE
        solid FALSE
        coord DEF co Coordinate {
            point [
                -1.9488 -1.1225 0.2122, -1.8783 -1.1225 0.1769, -1.9488 -1.4532 0.2122, -1.8783 -1.4532 0.1769, -1.9488 -1.4532 0.3344, -1.9291 -1.4532 0.3344, -1.811 -1.4532 0.2753, -1.811 -1.4532 0.1769, -1.811 -1.1225 0.2753, -1.811 -1.1225 0.1769, -1.9291 -1.1225 0.3344, -1.9488 -1.1225 0.3344, -1.9488 -1.1147 0.3344, -1.9488 -1.4567 0.3344, -1.9488 -1.4567 0.1769, -1.9488 -1.1147 0.1769
            ]
        }
        coordIndex [
            0,1,2,-1,2,1,3,-1,4,2,5,-1,5,2,3,-1,5,3,6,-1,6,3,7,-1,8,9,1,-1,8,1,10,-1,10,1,0,-1,10,0,11,-1,12,11,0,-1,4,13,2,-1,2,13,14,-1,2,14,0,-1,0,14,15,-1,0,15,12,-1,
        ]
    }
}
Shape{
    appearance Appearance {
        material  Material 	{
            diffuseColor 0.6666666666666666 0.6666666666666666 0.6666666666666666
            specularColor 0.4666666666666667 0.4666666666666667 0.4666666666666667
            ambientIntensity 0.6667
            transparency 0.0
            shininess 0.5
        }
    }
    geometry IndexedFaceSet {
        ccw TRUE
        solid FALSE
        coord DEF co Coordinate {
            point [
                -2.094 -1.1147 -1.0811, -1.9488 -1.1147 -0.7131, -2.094 -1.4611 -1.0811, -1.9488 -1.4611 -0.7131, -2.0669 -1.4611 -0.6892, -2.0669 -1.4611 0.2753, -2.0669 -1.1147 -0.6892, -2.0669 -1.1147 0.2753, -2.2075 -1.1147 -1.0464, -2.2075 -1.4611 -1.0464, -2.2146 -1.1147 -1.0829, -2.2146 -1.4611 -1.0829, -2.2128 -1.4611 -1.0643, -2.2128 -1.1147 -1.0643, -2.2075 -1.4611 -1.1195, -2.2075 -1.1147 -1.1195, -2.1564 -1.1147 -1.2207, -2.1564 -1.4611 -1.2207, -2.0669 -1.2182 -1.3979, -2.0669 -1.3559 -1.3979, -2.0234 -1.1147 -1.2207, -1.9488 -1.2007 -1.368, -2.0669 -1.2521 -1.456, -1.9488 -1.2521 -1.456, -1.9488 -1.3736 -1.368, -2.0234 -1.4611 -1.2207, -2.0669 -1.3214 -1.456, -1.9488 -1.3214 -1.456, -2.0669 -1.2575 -1.4637, -2.0669 -1.2646 -1.4698, -2.0669 -1.2914 -1.4764, -2.0669 -1.3005 -1.4742, -2.0669 -1.3089 -1.4698, -2.0669 -1.316 -1.4637, -2.0669 -1.2729 -1.4742, -2.0669 -1.282 -1.4764, -1.9488 -1.2575 -1.4637, -1.9488 -1.2646 -1.4698, -1.9488 -1.2729 -1.4742, -1.9488 -1.282 -1.4764, -1.9488 -1.2914 -1.4764, -1.9488 -1.3005 -1.4742, -1.9488 -1.3089 -1.4698, -1.9488 -1.316 -1.4637
            ]
        }
        coordIndex [
            0,1,2,-1,2,1,3,-1,4,5,6,-1,6,5,7,-1,6,8,4,-1,4,8,9,-1,10,11,12,-1,10,12,13,-1,13,12,9,-1,13,9,8,-1,14,15,16,-1,14,16,17,-1,17,16,18,-1,17,18,19,-1,16,20,18,-1,18,20,21,-1,18,21,22,-1,22,21,23,-1,24,21,25,-1,25,21,20,-1,25,20,2,-1,2,20,0,-1,26,27,19,-1,19,27,24,-1,19,24,17,-1,17,24,25,-1,26,19,18,-1,18,22,26,-1,26,22,28,-1,26,28,29,-1,30,31,26,-1,26,31,32,-1,26,32,33,-1,29,34,26,-1,26,34,35,-1,26,35,30,-1,22,23,36,-1,22,36,28,-1,28,36,37,-1,28,37,29,-1,29,37,38,-1,29,38,34,-1,34,38,39,-1,34,39,35,-1,35,39,40,-1,35,40,30,-1,30,40,41,-1,30,41,31,-1,31,41,42,-1,31,42,32,-1,32,42,43,-1,32,43,33,-1,33,43,27,-1,33,27,26,-1,36,23,27,-1,27,23,21,-1,27,21,24,-1,27,43,42,-1,42,41,27,-1,27,41,40,-1,27,40,39,-1,39,38,27,-1,27,38,37,-1,27,37,36,-1,
        ]
    }
}
Shape{
    appearance Appearance {
        material  Material 	{
            diffuseColor 0.20784313725490197 0.20784313725490197 0.20784313725490197
            specularColor 0.01568627450980392 0.01568627450980392 0.01568627450980392
            ambientIntensity 0.298
            transparency 0.0
            shininess 0.5
        }
    }
    geometry IndexedFaceSet {
        ccw TRUE
        solid FALSE
        coord DEF co Coordinate {
            point [
                -0.4018 1.7388 0.3344, -0.4018 1.7388 1.1218, -0.5835 1.8437 0.3344, -0.5835 1.8437 1.1218, -0.7803 1.5028 0.3344, -0.7803 1.5028 0.5234, -0.862 1.3613 0.5234, -0.862 1.3613 1.1218, -0.8712 1.3493 1.1218, -0.8712 1.3493 0.5234, -0.8831 1.34 1.1218, -0.8831 1.34 0.5234, -0.897 1.334 1.1218, -0.897 1.334 0.5234, -0.912 1.3318 1.1218, -0.912 1.3318 0.5234, -0.9271 1.3334 1.1218, -0.9271 1.3334 0.5234, -0.9412 1.3389 1.1218, -0.9412 1.3389 0.5234, -0.9535 1.3477 1.1218, -0.9535 1.3477 0.5234, -0.9631 1.3594 1.1218, -0.9631 1.3594 0.5234, -1.102 1.5799 1.1218, -1.102 1.5799 0.5234, -1.1116 1.5915 0.5234, -1.1116 1.5915 1.1218, -1.1238 1.6004 0.5234, -1.1238 1.6004 1.1218, -1.1379 1.6058 0.5234, -1.1379 1.6058 1.1218, -1.1529 1.6075 0.5234, -1.1529 1.6075 1.1218, -1.1679 1.6053 0.5234, -1.1679 1.6053 1.1218, -1.1818 1.5994 0.5234, -1.1818 1.5994 1.1218, -1.1937 1.5902 0.5234, -1.1937 1.5902 1.1218, -1.5902 1.1937 1.1218, -1.5902 1.1937 0.5234, -1.5994 1.1818 0.5234, -1.5994 1.1818 1.1218, -1.6053 1.1679 0.5234, -1.6053 1.1679 1.1218, -1.6075 1.1529 0.5234, -1.6075 1.1529 1.1218, -1.6058 1.1379 0.5234, -1.6058 1.1379 1.1218, -1.6004 1.1238 0.5234, -1.6004 1.1238 1.1218, -1.5915 1.1116 0.5234, -1.5915 1.1116 1.1218, -1.5799 1.102 0.5234, -1.5799 1.102 1.1218, -1.3594 0.9631 1.1218, -1.3594 0.9631 0.5234, -1.3318 0.9131 0.5234, -1.3318 0.9131 1.1218, -1.3331 0.9009 1.1218, -1.3331 0.9009 0.5234, -1.3369 0.8891 1.1218, -1.3369 0.8891 0.5234, -1.343 0.8784 1.1218, -1.343 0.8784 0.5234, -1.3513 0.8693 1.1218, -1.3513 0.8693 0.5234, -1.3613 0.862 1.1218, -1.3613 0.862 0.5234, -1.5028 0.7803 0.5234, -1.8437 0.5835 1.1218, -1.5028 0.7803 0.3344, -1.8437 0.5835 0.3344, -1.7388 0.4018 1.1218, -1.7388 0.4018 0.3344, -1.821 0.2813 0.3344, -1.821 0.2813 1.1218, -1.8723 0.1448 0.3344, -1.8723 0.1448 1.1218, -1.8898 -0.0 0.3344, -1.8898 -0.0 1.1218, -1.8723 -0.1448 0.3344, -1.8723 -0.1448 1.1218, -1.821 -0.2813 0.3344, -1.821 -0.2813 1.1218, -1.7388 -0.4018 0.3344, -1.7388 -0.4018 1.1218, -1.8437 -0.5835 1.1218, -1.8437 -0.5835 0.3344, -1.5028 -0.7803 0.3344, -1.5028 -0.7803 0.5234, -1.3613 -0.862 0.5234, -1.3613 -0.862 1.1218, -1.3318 -0.9131 0.5234, -1.3318 -0.9131 1.1218, -1.3336 -0.9279 1.1218, -1.3336 -0.9279 0.5234, -1.3391 -0.9417 1.1218, -1.3391 -0.9417 0.5234, -1.3479 -0.9537 1.1218, -1.3479 -0.9537 0.5234, -1.3594 -0.9631 1.1218, -1.3594 -0.9631 0.5234, -1.5799 -1.102 1.1218, -1.5799 -1.102 0.5234, -1.5915 -1.1116 0.5234, -1.5915 -1.1116 1.1218, -1.6004 -1.1238 0.5234, -1.6004 -1.1238 1.1218, -1.6058 -1.1379 0.5234, -1.6058 -1.1379 1.1218, -1.6075 -1.1529 0.5234, -1.6075 -1.1529 1.1218, -1.6053 -1.1679 0.5234, -1.6053 -1.1679 1.1218, -1.5994 -1.1818 0.5234, -1.5994 -1.1818 1.1218, -1.5902 -1.1937 0.5234, -1.5902 -1.1937 1.1218, -1.1937 -1.5902 1.1218, -1.1937 -1.5902 0.5234, -1.1818 -1.5994 0.5234, -1.1818 -1.5994 1.1218, -1.1679 -1.6053 0.5234, -1.1679 -1.6053 1.1218, -1.1529 -1.6075 0.5234, -1.1529 -1.6075 1.1218, -1.1379 -1.6058 0.5234, -1.1379 -1.6058 1.1218, -1.1238 -1.6004 0.5234, -1.1238 -1.6004 1.1218, -1.1116 -1.5915 0.5234, -1.1116 -1.5915 1.1218, -1.102 -1.5799 0.5234, -1.102 -1.5799 1.1218, -0.9631 -1.3594 1.1218, -0.9631 -1.3594 0.5234, -0.9535 -1.3477 1.1218, -0.9535 -1.3477 0.5234, -0.9412 -1.3389 1.1218, -0.9412 -1.3389 0.5234, -0.9271 -1.3334 1.1218, -0.9271 -1.3334 0.5234, -0.912 -1.3318 1.1218, -0.912 -1.3318 0.5234, -0.897 -1.334 1.1218, -0.897 -1.334 0.5234, -0.8831 -1.34 1.1218, -0.8831 -1.34 0.5234, -0.8712 -1.3493 1.1218, -0.8712 -1.3493 0.5234, -0.862 -1.3613 1.1218, -0.862 -1.3613 0.5234, -0.7803 -1.5028 0.5234, -0.5835 -1.8437 1.1218, -0.7803 -1.5028 0.3344, -0.5835 -1.8437 0.3344, -0.4018 -1.7388 1.1218, -0.4018 -1.7388 0.3344, -0.5987 -1.3979 0.5234, -0.5987 -1.3979 0.3344, -1.2594 -0.6099 0.5234, -1.3979 -0.5987 0.5234, -0.5387 -0.9928 0.5234, -0.5822 -0.7936 0.5234, -0.4599 -0.8785 0.5234, -0.4549 -0.8728 0.5234, -0.6099 -1.2594 0.5234, -0.5896 -1.1221 0.5234, -1.3513 -0.8693 0.5234, -0.7936 -0.5822 0.5234, -0.696 -0.696 0.5234, -1.1221 -0.5896 0.5234, -0.9928 -0.5387 0.5234, -0.8785 -0.4599 0.5234, -0.8728 -0.4549 0.5234, -1.343 -0.8784 0.5234, -1.3369 -0.8891 0.5234, -1.3331 -0.9009 0.5234, -1.3979 -0.5987 0.3344, -1.3979 0.5987 0.5234, -1.3979 0.5987 0.3344, -0.9928 0.5387 0.5234, -0.8785 0.4599 0.5234, -0.5387 0.9928 0.5234, -1.3391 0.9417 0.5234, -1.3336 0.9279 0.5234, -0.5822 0.7936 0.5234, -0.4549 0.8728 0.5234, -0.4599 0.8785 0.5234, -0.6099 1.2594 0.5234, -0.5987 1.3979 0.5234, -0.696 0.696 0.5234, -0.7936 0.5822 0.5234, -0.8728 0.4549 0.5234, -1.3479 0.9537 0.5234, -0.5896 1.1221 0.5234, -1.1221 0.5896 0.5234, -1.2594 0.6099 0.5234, -0.5987 1.3979 0.3344, -1.2594 0.6099 0.3344, -1.1221 0.5896 0.3344, -0.9928 0.5387 0.3344, -0.8785 0.4599 0.3344, -0.7848 0.3573 0.3344, -0.8728 0.4549 0.6415, -0.7169 0.2362 0.3344, -0.7169 0.2362 0.6415, -0.7848 0.3573 0.6415, -0.5627 0.2362 0.6415, -0.5627 0.2362 0.3344, -0.2362 0.5627 0.3344, -0.2362 0.5627 0.6415, -0.3402 0.5066 0.3344, -0.3402 0.5066 0.6415, -0.4315 0.4315 0.3344, -0.4315 0.4315 0.6415, -0.5066 0.3402 0.3344, -0.5066 0.3402 0.6415, -0.2362 0.7169 0.6415, -0.2362 0.7169 0.3344, -0.4549 0.8728 0.6415, -0.3573 0.7848 0.6415, -0.6099 1.2594 0.3344, -0.5896 1.1221 0.3344, -0.5387 0.9928 0.3344, -0.4599 0.8785 0.3344, -0.3573 0.7848 0.3344, -0.6099 -1.2594 0.3344, -0.5896 -1.1221 0.3344, -0.5387 -0.9928 0.3344, -0.4599 -0.8785 0.3344, -0.3573 -0.7848 0.3344, -0.4549 -0.8728 0.6415, -0.2362 -0.7169 0.3344, -0.2362 -0.7169 0.6415, -0.3573 -0.7848 0.6415, -0.2362 -0.5627 0.6415, -0.2362 -0.5627 0.3344, -0.5627 -0.2362 0.3344, -0.5627 -0.2362 0.6415, -0.5066 -0.3402 0.3344, -0.5066 -0.3402 0.6415, -0.4315 -0.4315 0.3344, -0.4315 -0.4315 0.6415, -0.3402 -0.5066 0.3344, -0.3402 -0.5066 0.6415, -0.7169 -0.2362 0.6415, -0.7169 -0.2362 0.3344, -0.8728 -0.4549 0.6415, -0.7848 -0.3573 0.6415, -1.2594 -0.6099 0.3344, -1.1221 -0.5896 0.3344, -0.9928 -0.5387 0.3344, -0.8785 -0.4599 0.3344, -0.7848 -0.3573 0.3344, -0.7936 -0.5822 0.6415, -0.696 -0.696 0.6415, -0.5822 -0.7936 0.6415, -0.5822 0.7936 0.6415, -0.696 0.696 0.6415, -0.7936 0.5822 0.6415, -1.8504 -1.5748 1.2399, -1.847 -1.5748 1.2654, -1.8378 -1.5043 1.2654, -1.8372 -1.5748 1.2891, -1.8283 -1.5069 1.2891, -1.8216 -1.5748 1.3095, -1.8132 -1.5109 1.3095, -1.8012 -1.5748 1.3251, -1.7935 -1.5162 1.3251, -1.7774 -1.5748 1.335, -1.7705 -1.5224 1.335, -1.752 -1.5748 1.3383, -1.7459 -1.5289 1.3383, -1.7282 -1.4862 1.3383, -1.7503 -1.4735 1.335, -1.7001 -1.4495 1.3383, -1.7181 -1.4315 1.335, -1.6634 -1.4214 1.3383, -1.6761 -1.3993 1.335, -1.6207 -1.4037 1.3383, -1.6272 -1.3791 1.335, -1.5748 -1.3976 1.3383, -1.5748 -1.3722 1.335, -1.5289 -1.4037 1.3383, -1.5224 -1.3791 1.335, -1.4862 -1.4214 1.3383, -1.4735 -1.3993 1.335, -1.4495 -1.4495 1.3383, -1.4315 -1.4315 1.335, -1.4214 -1.4862 1.3383, -1.3993 -1.4735 1.335, -1.4037 -1.5289 1.3383, -1.3791 -1.5224 1.335, -1.3976 -1.5748 1.3383, -1.3722 -1.5748 1.335, -1.7709 -1.4616 1.3251, -1.7349 -1.4147 1.3251, -1.688 -1.3788 1.3251, -1.6334 -1.3561 1.3251, -1.5748 -1.3484 1.3251, -1.5162 -1.3561 1.3251, -1.4616 -1.3788 1.3251, -1.4147 -1.4147 1.3251, -1.3788 -1.4616 1.3251, -1.3561 -1.5162 1.3251, -1.3484 -1.5748 1.3251, -1.7885 -1.4514 1.3095, -1.7493 -1.4003 1.3095, -1.6982 -1.3611 1.3095, -1.6387 -1.3364 1.3095, -1.5748 -1.328 1.3095, -1.5109 -1.3364 1.3095, -1.4514 -1.3611 1.3095, -1.4003 -1.4003 1.3095, -1.3611 -1.4514 1.3095, -1.3364 -1.5109 1.3095, -1.328 -1.5748 1.3095, -1.8021 -1.4436 1.2891, -1.7604 -1.3893 1.2891, -1.706 -1.3476 1.2891, -1.6427 -1.3213 1.2891, -1.5748 -1.3124 1.2891, -1.5069 -1.3213 1.2891, -1.4436 -1.3476 1.2891, -1.3893 -1.3893 1.2891, -1.3476 -1.4436 1.2891, -1.3213 -1.5069 1.2891, -1.3124 -1.5748 1.2891, -1.8106 -1.4387 1.2654, -1.7673 -1.3823 1.2654, -1.7109 -1.339 1.2654, -1.6453 -1.3118 1.2654, -1.5748 -1.3026 1.2654, -1.5043 -1.3118 1.2654, -1.4387 -1.339 1.2654, -1.3823 -1.3823 1.2654, -1.339 -1.4387 1.2654, -1.3118 -1.5043 1.2654, -1.3026 -1.5748 1.2654, -1.841 -1.5035 1.2399, -1.8135 -1.437 1.2399, -1.7697 -1.3799 1.2399, -1.7126 -1.3361 1.2399, -1.6461 -1.3086 1.2399, -1.5748 -1.2992 1.2399, -1.5035 -1.3086 1.2399, -1.437 -1.3361 1.2399, -1.3799 -1.3799 1.2399, -1.3361 -1.437 1.2399, -1.3086 -1.5035 1.2399, -1.2992 -1.5748 1.2399, -1.7459 -1.6207 1.3383, -1.7282 -1.6634 1.3383, -1.7001 -1.7001 1.3383, -1.5289 -1.7459 1.3383, -1.4495 -1.7001 1.3383, -1.4214 -1.6634 1.3383, -1.4037 -1.6207 1.3383, -1.5748 -1.752 1.3383, -1.6634 -1.7282 1.3383, -1.6207 -1.7459 1.3383, -1.4862 -1.7282 1.3383, -1.3976 1.5748 1.3383, -1.3722 1.5748 1.335, -1.3791 1.6272 1.335, -1.3484 1.5748 1.3251, -1.3561 1.6334 1.3251, -1.328 1.5748 1.3095, -1.3364 1.6387 1.3095, -1.3124 1.5748 1.2891, -1.3213 1.6427 1.2891, -1.3026 1.5748 1.2654, -1.3118 1.6453 1.2654, -1.2992 1.5748 1.2399, -1.3086 1.6461 1.2399, -1.3361 1.7126 1.2399, -1.339 1.7109 1.2654, -1.3799 1.7697 1.2399, -1.3823 1.7673 1.2654, -1.437 1.8135 1.2399, -1.4387 1.8106 1.2654, -1.5035 1.841 1.2399, -1.5043 1.8378 1.2654, -1.5748 1.8504 1.2399, -1.5748 1.847 1.2654, -1.6461 1.841 1.2399, -1.6453 1.8378 1.2654, -1.7126 1.8135 1.2399, -1.7109 1.8106 1.2654, -1.7697 1.7697 1.2399, -1.7673 1.7673 1.2654, -1.8135 1.7126 1.2399, -1.8106 1.7109 1.2654, -1.841 1.6461 1.2399, -1.8378 1.6453 1.2654, -1.8504 1.5748 1.2399, -1.847 1.5748 1.2654, -1.3476 1.706 1.2891, -1.3893 1.7604 1.2891, -1.4436 1.8021 1.2891, -1.5069 1.8283 1.2891, -1.5748 1.8372 1.2891, -1.6427 1.8283 1.2891, -1.706 1.8021 1.2891, -1.7604 1.7604 1.2891, -1.8021 1.706 1.2891, -1.8283 1.6427 1.2891, -1.8372 1.5748 1.2891, -1.3611 1.6982 1.3095, -1.4003 1.7493 1.3095, -1.4514 1.7885 1.3095, -1.5109 1.8132 1.3095, -1.5748 1.8216 1.3095, -1.6387 1.8132 1.3095, -1.6982 1.7885 1.3095, -1.7493 1.7493 1.3095, -1.7885 1.6982 1.3095, -1.8132 1.6387 1.3095, -1.8216 1.5748 1.3095, -1.3788 1.688 1.3251, -1.4147 1.7349 1.3251, -1.4616 1.7709 1.3251, -1.5162 1.7935 1.3251, -1.5748 1.8012 1.3251, -1.6334 1.7935 1.3251, -1.688 1.7709 1.3251, -1.7349 1.7349 1.3251, -1.7709 1.688 1.3251, -1.7935 1.6334 1.3251, -1.8012 1.5748 1.3251, -1.3993 1.6761 1.335, -1.4315 1.7181 1.335, -1.4735 1.7503 1.335, -1.5224 1.7705 1.335, -1.5748 1.7774 1.335, -1.6272 1.7705 1.335, -1.6761 1.7503 1.335, -1.7181 1.7181 1.335, -1.7503 1.6761 1.335, -1.7705 1.6272 1.335, -1.7774 1.5748 1.335, -1.4037 1.6207 1.3383, -1.4214 1.6634 1.3383, -1.4495 1.7001 1.3383, -1.4862 1.7282 1.3383, -1.5289 1.7459 1.3383, -1.5748 1.752 1.3383, -1.6207 1.7459 1.3383, -1.6634 1.7282 1.3383, -1.7001 1.7001 1.3383, -1.7282 1.6634 1.3383, -1.7459 1.6207 1.3383, -1.752 1.5748 1.3383, -1.4495 1.4495 1.3383, -1.4214 1.4862 1.3383, -1.6634 1.4214 1.3383, -1.7001 1.4495 1.3383, -1.4037 1.5289 1.3383, -1.7459 1.5289 1.3383, -1.5748 1.3976 1.3383, -1.5289 1.4037 1.3383, -1.4862 1.4214 1.3383, -1.7282 1.4862 1.3383, -1.6207 1.4037 1.3383, -1.3189 1.8898 1.1218, -1.1417 1.8898 1.1218, -1.8406 1.8504 1.1218, -1.8406 1.8898 1.1218, -1.811 1.8898 1.1218, -1.6339 1.8898 1.1218, -1.117 1.8504 1.1218, -1.1233 1.8602 1.1218, -1.137 1.8935 1.1218, -1.1417 1.9291 1.1218, -1.811 -1.8898 1.1218, -1.8406 -1.8898 1.1218, -1.8406 -1.8504 1.1218, -1.117 -1.8504 1.1218, -1.1233 -1.8602 1.1218, -1.6339 -1.8898 1.1218, -1.3189 -1.8898 1.1218, -1.1417 -1.8898 1.1218, -1.137 -1.8935 1.1218, -1.1417 -1.9291 1.1218
            ]
        }
        coordIndex [
            0,1,2,-1,2,1,3,-1,4,2,5,-1,5,2,3,-1,5,3,6,-1,6,3,7,-1,6,7,8,-1,6,8,9,-1,9,8,10,-1,9,10,11,-1,11,10,12,-1,11,12,13,-1,13,12,14,-1,13,14,15,-1,15,14,16,-1,15,16,17,-1,17,16,18,-1,17,18,19,-1,19,18,20,-1,19,20,21,-1,21,20,22,-1,21,22,23,-1,24,25,22,-1,22,25,23,-1,25,24,26,-1,26,24,27,-1,26,27,28,-1,28,27,29,-1,28,29,30,-1,30,29,31,-1,30,31,32,-1,32,31,33,-1,32,33,34,-1,34,33,35,-1,34,35,36,-1,36,35,37,-1,36,37,38,-1,38,37,39,-1,39,40,38,-1,38,40,41,-1,41,40,42,-1,42,40,43,-1,42,43,44,-1,44,43,45,-1,44,45,46,-1,46,45,47,-1,46,47,48,-1,48,47,49,-1,48,49,50,-1,50,49,51,-1,50,51,52,-1,52,51,53,-1,52,53,54,-1,54,53,55,-1,56,57,55,-1,55,57,54,-1,58,59,60,-1,58,60,61,-1,61,60,62,-1,61,62,63,-1,63,62,64,-1,63,64,65,-1,65,64,66,-1,65,66,67,-1,67,66,68,-1,67,68,69,-1,69,68,70,-1,70,68,71,-1,70,71,72,-1,72,71,73,-1,74,75,71,-1,71,75,73,-1,75,74,76,-1,76,74,77,-1,76,77,78,-1,78,77,79,-1,78,79,80,-1,80,79,81,-1,80,81,82,-1,82,81,83,-1,82,83,84,-1,84,83,85,-1,84,85,86,-1,86,85,87,-1,88,89,87,-1,87,89,86,-1,90,89,91,-1,91,89,88,-1,91,88,92,-1,92,88,93,-1,94,95,96,-1,94,96,97,-1,97,96,98,-1,97,98,99,-1,99,98,100,-1,99,100,101,-1,101,100,102,-1,101,102,103,-1,104,105,102,-1,102,105,103,-1,105,104,106,-1,106,104,107,-1,106,107,108,-1,108,107,109,-1,108,109,110,-1,110,109,111,-1,110,111,112,-1,112,111,113,-1,112,113,114,-1,114,113,115,-1,114,115,116,-1,116,115,117,-1,116,117,118,-1,118,117,119,-1,119,120,118,-1,118,120,121,-1,121,120,122,-1,122,120,123,-1,122,123,124,-1,124,123,125,-1,124,125,126,-1,126,125,127,-1,126,127,128,-1,128,127,129,-1,128,129,130,-1,130,129,131,-1,130,131,132,-1,132,131,133,-1,132,133,134,-1,134,133,135,-1,136,137,135,-1,135,137,134,-1,137,136,138,-1,137,138,139,-1,139,138,140,-1,139,140,141,-1,141,140,142,-1,141,142,143,-1,143,142,144,-1,143,144,145,-1,145,144,146,-1,145,146,147,-1,147,146,148,-1,147,148,149,-1,149,148,150,-1,149,150,151,-1,151,150,152,-1,151,152,153,-1,153,152,154,-1,154,152,155,-1,154,155,156,-1,156,155,157,-1,158,159,155,-1,155,159,157,-1,154,156,160,-1,160,156,161,-1,162,163,141,-1,94,97,141,-1,151,164,165,-1,165,164,166,-1,165,166,167,-1,154,160,153,-1,153,160,168,-1,153,168,151,-1,151,168,169,-1,151,169,164,-1,118,121,105,-1,141,97,139,-1,97,99,139,-1,139,99,101,-1,139,101,137,-1,137,101,103,-1,137,103,134,-1,170,163,92,-1,92,163,91,-1,171,145,172,-1,172,145,147,-1,172,147,165,-1,165,147,149,-1,165,149,151,-1,162,141,173,-1,173,141,143,-1,173,143,174,-1,174,143,145,-1,174,145,175,-1,175,145,171,-1,175,171,176,-1,103,105,134,-1,134,105,121,-1,134,121,132,-1,132,121,122,-1,170,177,163,-1,163,177,178,-1,163,178,141,-1,141,178,179,-1,141,179,94,-1,106,114,105,-1,105,114,116,-1,105,116,118,-1,106,108,114,-1,114,108,110,-1,114,110,112,-1,122,124,132,-1,132,124,126,-1,132,126,130,-1,130,126,128,-1,163,180,91,-1,91,180,90,-1,70,72,181,-1,181,72,182,-1,183,184,15,-1,185,9,11,-1,21,186,19,-1,19,186,187,-1,188,189,190,-1,50,52,54,-1,65,67,181,-1,181,67,69,-1,181,69,70,-1,191,192,5,-1,190,185,188,-1,188,185,11,-1,188,11,193,-1,193,11,13,-1,193,13,194,-1,194,13,15,-1,194,15,195,-1,195,15,184,-1,25,54,23,-1,23,54,57,-1,23,57,21,-1,21,57,196,-1,21,196,186,-1,185,197,9,-1,9,197,191,-1,9,191,6,-1,6,191,5,-1,187,58,19,-1,19,58,61,-1,19,61,63,-1,34,36,25,-1,25,36,38,-1,25,38,54,-1,183,15,198,-1,198,15,17,-1,198,17,199,-1,199,17,19,-1,199,19,181,-1,181,19,63,-1,181,63,65,-1,38,41,54,-1,54,41,42,-1,54,42,44,-1,44,46,54,-1,54,46,48,-1,54,48,50,-1,25,26,28,-1,28,30,25,-1,25,30,32,-1,25,32,34,-1,192,200,5,-1,5,200,4,-1,181,182,199,-1,199,182,201,-1,199,201,198,-1,198,201,202,-1,198,202,183,-1,183,202,203,-1,183,203,184,-1,184,203,204,-1,184,204,195,-1,195,204,205,-1,195,205,206,-1,207,208,205,-1,205,208,209,-1,205,209,206,-1,208,207,210,-1,210,207,211,-1,212,213,214,-1,214,213,215,-1,214,215,216,-1,216,215,217,-1,216,217,218,-1,218,217,219,-1,218,219,211,-1,211,219,210,-1,213,212,220,-1,220,212,221,-1,189,222,223,-1,200,192,224,-1,224,192,191,-1,224,191,225,-1,225,191,197,-1,225,197,226,-1,226,197,185,-1,226,185,227,-1,227,185,190,-1,227,190,228,-1,190,189,228,-1,228,189,223,-1,228,223,221,-1,221,223,220,-1,160,161,168,-1,168,161,229,-1,168,229,169,-1,169,229,230,-1,169,230,164,-1,164,230,231,-1,164,231,166,-1,166,231,232,-1,166,232,167,-1,167,232,233,-1,167,233,234,-1,235,236,233,-1,233,236,237,-1,233,237,234,-1,236,235,238,-1,238,235,239,-1,240,241,242,-1,242,241,243,-1,242,243,244,-1,244,243,245,-1,244,245,246,-1,246,245,247,-1,246,247,239,-1,239,247,238,-1,241,240,248,-1,248,240,249,-1,176,250,251,-1,180,163,252,-1,252,163,162,-1,252,162,253,-1,253,162,173,-1,253,173,254,-1,254,173,174,-1,254,174,255,-1,255,174,175,-1,255,175,256,-1,175,176,256,-1,256,176,251,-1,256,251,249,-1,249,251,248,-1,250,176,171,-1,250,171,257,-1,257,171,172,-1,257,172,258,-1,258,172,165,-1,258,165,259,-1,259,165,167,-1,259,167,234,-1,222,189,188,-1,222,188,260,-1,260,188,193,-1,260,193,261,-1,261,193,194,-1,261,194,262,-1,262,194,195,-1,262,195,206,-1,210,219,208,-1,208,219,223,-1,208,223,209,-1,213,220,215,-1,215,220,223,-1,215,223,217,-1,217,223,219,-1,222,260,223,-1,223,260,261,-1,223,261,209,-1,209,261,262,-1,209,262,206,-1,238,247,236,-1,236,247,251,-1,236,251,237,-1,241,248,243,-1,243,248,251,-1,243,251,245,-1,245,251,247,-1,250,257,251,-1,251,257,258,-1,251,258,237,-1,237,258,259,-1,237,259,234,-1,263,264,265,-1,264,266,267,-1,266,268,269,-1,268,270,271,-1,270,272,273,-1,272,274,275,-1,272,275,273,-1,273,275,276,-1,273,276,277,-1,277,276,278,-1,277,278,279,-1,279,278,280,-1,279,280,281,-1,281,280,282,-1,281,282,283,-1,283,282,284,-1,283,284,285,-1,285,284,286,-1,285,286,287,-1,287,286,288,-1,287,288,289,-1,289,288,290,-1,289,290,291,-1,291,290,292,-1,291,292,293,-1,293,292,294,-1,293,294,295,-1,295,294,296,-1,295,296,297,-1,270,273,271,-1,271,273,277,-1,271,277,298,-1,298,277,279,-1,298,279,299,-1,299,279,281,-1,299,281,300,-1,300,281,283,-1,300,283,301,-1,301,283,285,-1,301,285,302,-1,302,285,287,-1,302,287,303,-1,303,287,289,-1,303,289,304,-1,304,289,291,-1,304,291,305,-1,305,291,293,-1,305,293,306,-1,306,293,295,-1,306,295,307,-1,307,295,297,-1,307,297,308,-1,268,271,269,-1,269,271,298,-1,269,298,309,-1,309,298,299,-1,309,299,310,-1,310,299,300,-1,310,300,311,-1,311,300,301,-1,311,301,312,-1,312,301,302,-1,312,302,313,-1,313,302,303,-1,313,303,314,-1,314,303,304,-1,314,304,315,-1,315,304,305,-1,315,305,316,-1,316,305,306,-1,316,306,317,-1,317,306,307,-1,317,307,318,-1,318,307,308,-1,318,308,319,-1,266,269,267,-1,267,269,309,-1,267,309,320,-1,320,309,310,-1,320,310,321,-1,321,310,311,-1,321,311,322,-1,322,311,312,-1,322,312,323,-1,323,312,313,-1,323,313,324,-1,324,313,314,-1,324,314,325,-1,325,314,315,-1,325,315,326,-1,326,315,316,-1,326,316,327,-1,327,316,317,-1,327,317,328,-1,328,317,318,-1,328,318,329,-1,329,318,319,-1,329,319,330,-1,264,267,265,-1,265,267,320,-1,265,320,331,-1,331,320,321,-1,331,321,332,-1,332,321,322,-1,332,322,333,-1,333,322,323,-1,333,323,334,-1,334,323,324,-1,334,324,335,-1,335,324,325,-1,335,325,336,-1,336,325,326,-1,336,326,337,-1,337,326,327,-1,337,327,338,-1,338,327,328,-1,338,328,339,-1,339,328,329,-1,339,329,340,-1,340,329,330,-1,340,330,341,-1,263,265,342,-1,342,265,331,-1,342,331,343,-1,343,331,332,-1,343,332,344,-1,344,332,333,-1,344,333,345,-1,345,333,334,-1,345,334,346,-1,346,334,335,-1,346,335,347,-1,347,335,336,-1,347,336,348,-1,348,336,337,-1,348,337,349,-1,349,337,338,-1,349,338,350,-1,350,338,339,-1,350,339,351,-1,351,339,340,-1,351,340,352,-1,352,340,341,-1,352,341,353,-1,274,354,294,-1,355,356,357,-1,358,359,354,-1,274,294,275,-1,275,294,292,-1,275,292,290,-1,359,360,354,-1,354,360,296,-1,354,296,294,-1,290,288,275,-1,275,288,286,-1,275,286,276,-1,276,286,278,-1,357,356,361,-1,361,356,362,-1,361,362,363,-1,355,357,354,-1,354,357,364,-1,354,364,358,-1,278,286,280,-1,280,286,284,-1,280,284,282,-1,365,366,367,-1,366,368,369,-1,368,370,371,-1,370,372,373,-1,372,374,375,-1,374,376,377,-1,374,377,375,-1,375,377,378,-1,375,378,379,-1,379,378,380,-1,379,380,381,-1,381,380,382,-1,381,382,383,-1,383,382,384,-1,383,384,385,-1,385,384,386,-1,385,386,387,-1,387,386,388,-1,387,388,389,-1,389,388,390,-1,389,390,391,-1,391,390,392,-1,391,392,393,-1,393,392,394,-1,393,394,395,-1,395,394,396,-1,395,396,397,-1,397,396,398,-1,397,398,399,-1,372,375,373,-1,373,375,379,-1,373,379,400,-1,400,379,381,-1,400,381,401,-1,401,381,383,-1,401,383,402,-1,402,383,385,-1,402,385,403,-1,403,385,387,-1,403,387,404,-1,404,387,389,-1,404,389,405,-1,405,389,391,-1,405,391,406,-1,406,391,393,-1,406,393,407,-1,407,393,395,-1,407,395,408,-1,408,395,397,-1,408,397,409,-1,409,397,399,-1,409,399,410,-1,370,373,371,-1,371,373,400,-1,371,400,411,-1,411,400,401,-1,411,401,412,-1,412,401,402,-1,412,402,413,-1,413,402,403,-1,413,403,414,-1,414,403,404,-1,414,404,415,-1,415,404,405,-1,415,405,416,-1,416,405,406,-1,416,406,417,-1,417,406,407,-1,417,407,418,-1,418,407,408,-1,418,408,419,-1,419,408,409,-1,419,409,420,-1,420,409,410,-1,420,410,421,-1,368,371,369,-1,369,371,411,-1,369,411,422,-1,422,411,412,-1,422,412,423,-1,423,412,413,-1,423,413,424,-1,424,413,414,-1,424,414,425,-1,425,414,415,-1,425,415,426,-1,426,415,416,-1,426,416,427,-1,427,416,417,-1,427,417,428,-1,428,417,418,-1,428,418,429,-1,429,418,419,-1,429,419,430,-1,430,419,420,-1,430,420,431,-1,431,420,421,-1,431,421,432,-1,366,369,367,-1,367,369,422,-1,367,422,433,-1,433,422,423,-1,433,423,434,-1,434,423,424,-1,434,424,435,-1,435,424,425,-1,435,425,436,-1,436,425,426,-1,436,426,437,-1,437,426,427,-1,437,427,438,-1,438,427,428,-1,438,428,439,-1,439,428,429,-1,439,429,440,-1,440,429,430,-1,440,430,441,-1,441,430,431,-1,441,431,442,-1,442,431,432,-1,442,432,443,-1,365,367,444,-1,444,367,433,-1,444,433,445,-1,445,433,434,-1,445,434,446,-1,446,434,435,-1,446,435,447,-1,447,435,436,-1,447,436,448,-1,448,436,437,-1,448,437,449,-1,449,437,438,-1,449,438,450,-1,450,438,439,-1,450,439,451,-1,451,439,440,-1,451,440,452,-1,452,440,441,-1,452,441,453,-1,453,441,442,-1,453,442,454,-1,454,442,443,-1,454,443,455,-1,456,457,458,-1,445,452,444,-1,444,452,453,-1,444,453,454,-1,458,457,459,-1,445,446,452,-1,452,446,447,-1,452,447,448,-1,448,449,452,-1,452,449,450,-1,452,450,451,-1,460,365,461,-1,461,365,444,-1,461,444,455,-1,455,444,454,-1,462,463,464,-1,460,461,457,-1,457,461,465,-1,457,465,459,-1,456,458,464,-1,464,458,466,-1,464,466,462,-1,467,468,469,-1,470,471,469,-1,469,471,472,-1,469,472,467,-1,473,469,474,-1,474,469,468,-1,474,468,475,-1,475,468,476,-1,477,478,479,-1,479,480,481,-1,477,479,482,-1,482,479,483,-1,483,479,481,-1,483,481,484,-1,484,481,485,-1,484,485,486,-1,
        ]
    }
}
Shape{
    appearance Appearance {
        material  Material 	{
            diffuseColor 0.6666666666666666 0.6666666666666666 0.6666666666666666
            specularColor 0.4666666666666667 0.4666666666666667 0.4666666666666667
            ambientIntensity 0.6667
            transparency 0.0
            shininess 0.5
        }
    }
    geometry IndexedFaceSet {
        ccw TRUE
        solid FALSE
        coord DEF co Coordinate {
            point [
                -1.1417 -2.0079 0.1966, -1.1417 -2.0079 1.1612, -1.3189 -2.0079 0.1966, -1.3189 -2.0079 1.1612, -1.6339 -2.0079 0.1966, -1.6339 -2.0079 1.1612, -1.811 -2.0079 0.1966, -1.811 -2.0079 1.1612, -1.811 2.0079 0.1966, -1.811 2.0079 1.1612, -1.6339 2.0079 0.1966, -1.6339 2.0079 1.1612, -1.3189 2.0079 0.1966, -1.3189 2.0079 1.1612, -1.1417 2.0079 0.1966, -1.1417 2.0079 1.1612, -1.811 1.8898 1.1218, -1.811 1.8898 0.181, -1.6339 1.8898 1.1218, -1.6339 1.8898 0.181, -1.1417 -1.8898 1.1218, -1.1417 -1.8898 0.181, -1.3189 -1.8898 1.1218, -1.3189 -1.8898 0.181, -1.3189 1.8898 1.1218, -1.3189 1.8898 0.181, -1.1417 1.8898 1.1218, -1.1417 1.8898 0.181, -1.6339 -1.8898 1.1218, -1.6339 -1.8898 0.181, -1.811 -1.8898 1.1218, -1.811 -1.8898 0.181, -0.8661 1.9291 1.2399, -0.8661 2.0039 1.2399, -0.8661 1.9291 1.1218, -0.8661 2.0039 1.1218, -0.8708 1.8935 1.2399, -0.8708 1.8935 1.1218, -0.8846 1.8602 1.2399, -0.8846 1.8602 1.1218, -0.9065 1.8317 1.2399, -0.9065 1.8317 1.1218, -0.935 1.8098 1.2399, -0.935 1.8098 1.1218, -0.9683 1.796 1.2399, -0.9683 1.796 1.1218, -1.0039 1.7913 1.2399, -1.0039 1.7913 1.1218, -1.0396 1.796 1.2399, -1.0396 1.796 1.1218, -1.0728 1.8098 1.2399, -1.0728 1.8098 1.1218, -1.1014 1.8317 1.2399, -1.1014 1.8317 1.1218, -1.117 1.8504 1.1218, -1.1233 1.8602 1.2399, -1.1233 1.8602 1.1218, -1.137 1.8935 1.2399, -1.137 1.8935 1.1218, -1.1417 1.9291 1.2399, -1.1417 1.9291 1.1218, -1.1417 2.0052 1.1815, -1.1417 2.0333 0.1015, -1.1417 1.9193 0.0709, -1.1417 1.9495 1.2372, -1.1417 1.9685 1.2293, -1.1417 1.9973 1.2005, -1.1417 1.9848 1.2168, -1.3189 1.8898 1.2399, -1.3189 1.9291 1.2399, -1.3189 1.8938 0.166, -1.3189 1.9495 1.2372, -1.3189 1.9685 1.2293, -1.3189 1.9848 1.2168, -1.3189 1.9973 1.2005, -1.3189 2.0052 1.1815, -1.6339 1.8898 1.2399, -1.6339 1.9291 1.2399, -1.6339 1.9495 1.2372, -1.6339 1.8938 0.166, -1.6339 2.0052 1.1815, -1.6339 1.9973 1.2005, -1.6339 1.9848 1.2168, -1.6339 1.9685 1.2293, -1.811 2.0333 0.1015, -1.811 1.9193 0.0709, -1.811 2.0052 1.1815, -1.811 1.8898 1.2399, -1.811 1.9291 1.2399, -1.811 1.9495 1.2372, -1.811 1.9685 1.2293, -1.811 1.9848 1.2168, -1.811 1.9973 1.2005, -2.0039 1.8898 1.1218, -2.0039 1.8898 1.2399, -1.8406 1.8898 1.1218, -2.0039 0.0 1.2399, -2.0039 -1.8898 1.1218, -2.0039 -1.8898 1.2399, -1.811 -1.8898 1.2399, -1.8406 -1.8898 1.1218, -1.811 -1.9193 0.0709, -1.811 -2.0333 0.1015, -1.811 -2.0052 1.1815, -1.811 -1.9973 1.2005, -1.811 -1.9848 1.2168, -1.811 -1.9685 1.2293, -1.811 -1.9495 1.2372, -1.811 -1.9291 1.2399, -1.6339 -2.0052 1.1815, -1.6339 -1.8938 0.166, -1.6339 -1.8898 1.2399, -1.6339 -1.9291 1.2399, -1.6339 -1.9495 1.2372, -1.6339 -1.9685 1.2293, -1.6339 -1.9848 1.2168, -1.6339 -1.9973 1.2005, -1.3189 -1.8898 1.2399, -1.3189 -1.9291 1.2399, -1.3189 -1.9495 1.2372, -1.3189 -1.8938 0.166, -1.3189 -2.0052 1.1815, -1.3189 -1.9973 1.2005, -1.3189 -1.9848 1.2168, -1.3189 -1.9685 1.2293, -1.1417 -2.0333 0.1015, -1.1417 -1.9193 0.0709, -1.1417 -1.9291 1.1218, -1.1417 -2.0052 1.1815, -1.1417 -1.9685 1.2293, -1.1417 -1.9495 1.2372, -1.1417 -1.9291 1.2399, -1.1417 -1.9848 1.2168, -1.1417 -1.9973 1.2005, -1.137 -1.8935 1.2399, -1.137 -1.8935 1.1218, -1.1233 -1.8602 1.2399, -1.1233 -1.8602 1.1218, -1.117 -1.8504 1.1218, -1.1014 -1.8317 1.2399, -1.1014 -1.8317 1.1218, -1.0728 -1.8098 1.2399, -1.0728 -1.8098 1.1218, -1.0396 -1.796 1.2399, -1.0396 -1.796 1.1218, -1.0039 -1.7913 1.2399, -1.0039 -1.7913 1.1218, -0.9683 -1.796 1.2399, -0.9683 -1.796 1.1218, -0.935 -1.8098 1.2399, -0.935 -1.8098 1.1218, -0.9065 -1.8317 1.2399, -0.9065 -1.8317 1.1218, -0.8846 -1.8602 1.2399, -0.8846 -1.8602 1.1218, -0.8708 -1.8935 1.2399, -0.8708 -1.8935 1.1218, -0.8661 -1.9291 1.2399, -0.8661 -1.9291 1.1218, -0.8661 -2.0039 1.2399, -0.8661 -2.0039 1.1218, -1.2205 1.9396 -0.0051, -1.7323 1.9396 -0.0051, -1.2205 2.0537 0.0255, -1.7323 2.0537 0.0255, -1.7498 2.0532 0.0274, -1.7664 2.0517 0.033, -1.7814 2.0493 0.042, -1.7938 2.0461 0.0541, -1.1444 2.0386 0.0818, -1.8032 2.0422 0.0685, -1.809 2.0379 0.0846, -1.1523 2.0435 0.0635, -1.1648 2.0478 0.0477, -1.1811 2.051 0.0356, -1.2001 2.053 0.028, -1.1444 1.9245 0.0513, -1.1523 1.9295 0.0329, -1.7938 1.932 0.0235, -1.7814 1.9352 0.0115, -1.7664 1.9376 0.0024, -1.2001 1.9389 -0.0025, -1.1811 1.9369 0.0051, -1.1648 1.9337 0.0172, -1.7498 1.9391 -0.0032, -1.809 1.9238 0.054, -1.8032 1.9281 0.0379, -1.809 -1.9238 0.054, -1.7814 -1.9352 0.0115, -1.7938 -1.932 0.0235, -1.8032 -1.9281 0.0379, -1.7323 -1.9396 -0.0051, -1.2205 -1.9396 -0.0051, -1.7498 -1.9391 -0.0032, -1.7664 -1.9376 0.0024, -1.1444 -1.9245 0.0513, -1.1523 -1.9295 0.0329, -1.1648 -1.9337 0.0172, -1.1811 -1.9369 0.0051, -1.2001 -1.9389 -0.0025, -1.2205 -2.0537 0.0255, -1.7323 -2.0537 0.0255, -1.809 -2.0379 0.0846, -1.7814 -2.0493 0.042, -1.7664 -2.0517 0.033, -1.1648 -2.0478 0.0477, -1.1811 -2.051 0.0356, -1.2001 -2.053 0.028, -1.8032 -2.0422 0.0685, -1.7938 -2.0461 0.0541, -1.7498 -2.0532 0.0274, -1.1523 -2.0435 0.0635, -1.1444 -2.0386 0.0818
            ]
        }
        coordIndex [
            0,1,2,-1,2,1,3,-1,4,5,6,-1,6,5,7,-1,8,9,10,-1,10,9,11,-1,12,13,14,-1,14,13,15,-1,16,17,18,-1,18,17,19,-1,20,21,22,-1,22,21,23,-1,24,25,26,-1,26,25,27,-1,28,29,30,-1,30,29,31,-1,32,33,34,-1,34,33,35,-1,32,34,36,-1,36,34,37,-1,36,37,38,-1,38,37,39,-1,38,39,40,-1,40,39,41,-1,40,41,42,-1,42,41,43,-1,42,43,44,-1,44,43,45,-1,44,45,46,-1,46,45,47,-1,46,47,48,-1,48,47,49,-1,48,49,50,-1,50,49,51,-1,50,51,52,-1,51,53,52,-1,52,53,54,-1,52,54,55,-1,55,54,56,-1,55,56,57,-1,57,56,58,-1,57,58,59,-1,59,58,60,-1,14,15,60,-1,60,15,61,-1,60,26,14,-1,14,26,27,-1,14,27,62,-1,62,27,63,-1,59,60,64,-1,64,60,65,-1,61,66,60,-1,60,66,67,-1,60,67,65,-1,24,68,69,-1,24,13,25,-1,25,13,12,-1,25,12,70,-1,69,71,24,-1,24,71,72,-1,24,72,73,-1,73,74,24,-1,24,74,75,-1,24,75,13,-1,76,68,18,-1,18,68,24,-1,77,76,18,-1,77,18,78,-1,79,10,19,-1,19,10,11,-1,19,11,18,-1,18,11,80,-1,18,80,81,-1,81,82,18,-1,18,82,83,-1,18,83,78,-1,84,85,8,-1,8,85,17,-1,8,17,9,-1,9,17,16,-1,9,16,86,-1,87,88,16,-1,16,88,89,-1,16,89,90,-1,90,91,16,-1,16,91,92,-1,16,92,86,-1,93,94,95,-1,95,94,87,-1,95,87,16,-1,94,93,96,-1,96,93,97,-1,96,97,98,-1,30,99,100,-1,100,99,98,-1,100,98,97,-1,101,102,31,-1,31,102,6,-1,31,6,30,-1,30,6,7,-1,30,7,103,-1,103,104,30,-1,30,104,105,-1,30,105,106,-1,106,107,30,-1,30,107,108,-1,30,108,99,-1,109,5,28,-1,28,5,29,-1,29,5,4,-1,29,4,110,-1,111,112,28,-1,28,112,113,-1,28,113,114,-1,114,115,28,-1,28,115,116,-1,28,116,109,-1,117,111,22,-1,22,111,28,-1,118,117,22,-1,118,22,119,-1,120,2,23,-1,23,2,3,-1,23,3,22,-1,22,3,121,-1,22,121,122,-1,122,123,22,-1,22,123,124,-1,22,124,119,-1,0,125,126,-1,20,127,21,-1,21,127,126,-1,0,126,1,-1,1,126,127,-1,1,127,128,-1,129,127,130,-1,130,127,131,-1,129,132,127,-1,127,132,133,-1,127,133,128,-1,131,127,134,-1,134,127,135,-1,134,135,136,-1,135,137,136,-1,136,137,138,-1,136,138,139,-1,139,138,140,-1,139,140,141,-1,141,140,142,-1,141,142,143,-1,143,142,144,-1,143,144,145,-1,145,144,146,-1,145,146,147,-1,147,146,148,-1,147,148,149,-1,149,148,150,-1,149,150,151,-1,151,150,152,-1,151,152,153,-1,153,152,154,-1,153,154,155,-1,155,154,156,-1,155,156,157,-1,157,156,158,-1,159,157,160,-1,160,157,158,-1,79,70,10,-1,10,70,12,-1,161,162,163,-1,163,162,164,-1,84,8,10,-1,165,166,10,-1,10,166,167,-1,10,167,168,-1,14,62,12,-1,12,62,169,-1,168,170,10,-1,10,170,171,-1,10,171,84,-1,169,172,12,-1,12,172,173,-1,12,173,174,-1,174,175,12,-1,12,175,163,-1,12,163,10,-1,10,163,164,-1,10,164,165,-1,27,25,63,-1,63,25,70,-1,63,70,176,-1,176,70,177,-1,178,179,79,-1,79,179,180,-1,19,17,79,-1,79,17,85,-1,181,182,70,-1,70,182,183,-1,70,183,177,-1,180,184,79,-1,79,184,162,-1,79,162,70,-1,70,162,161,-1,70,161,181,-1,85,185,79,-1,79,185,186,-1,79,186,178,-1,2,120,4,-1,4,120,110,-1,31,29,101,-1,101,29,110,-1,101,110,187,-1,23,21,120,-1,120,21,126,-1,188,189,110,-1,110,189,190,-1,110,190,187,-1,191,110,192,-1,192,110,120,-1,191,193,110,-1,110,193,194,-1,110,194,188,-1,126,195,120,-1,120,195,196,-1,120,196,197,-1,197,198,120,-1,120,198,199,-1,120,199,192,-1,200,201,192,-1,192,201,191,-1,125,0,2,-1,6,102,4,-1,4,102,202,-1,4,203,204,-1,205,2,206,-1,206,2,207,-1,202,208,4,-1,4,208,209,-1,4,209,203,-1,204,210,4,-1,4,210,201,-1,4,201,2,-1,2,201,200,-1,2,200,207,-1,205,211,2,-1,2,211,212,-1,2,212,125,-1,102,101,187,-1,102,187,202,-1,202,187,190,-1,202,190,208,-1,208,190,189,-1,208,189,209,-1,209,189,188,-1,209,188,203,-1,203,188,194,-1,203,194,204,-1,204,194,193,-1,204,193,210,-1,210,193,191,-1,210,191,201,-1,200,192,199,-1,200,199,207,-1,207,199,198,-1,207,198,206,-1,206,198,197,-1,206,197,205,-1,205,197,196,-1,205,196,211,-1,211,196,195,-1,211,195,212,-1,212,195,126,-1,212,126,125,-1,164,162,184,-1,164,184,165,-1,165,184,180,-1,165,180,166,-1,166,180,179,-1,166,179,167,-1,167,179,178,-1,167,178,168,-1,168,178,186,-1,168,186,170,-1,170,186,185,-1,170,185,171,-1,171,185,85,-1,171,85,84,-1,62,63,176,-1,62,176,169,-1,169,176,177,-1,169,177,172,-1,172,177,183,-1,172,183,173,-1,173,183,182,-1,173,182,174,-1,174,182,181,-1,174,181,175,-1,175,181,161,-1,175,161,163,-1,88,77,78,-1,88,78,89,-1,89,78,83,-1,89,83,90,-1,90,83,82,-1,90,82,91,-1,91,82,81,-1,91,81,92,-1,92,81,80,-1,92,80,86,-1,86,80,11,-1,86,11,9,-1,69,59,64,-1,69,64,71,-1,71,64,65,-1,71,65,72,-1,72,65,67,-1,72,67,73,-1,73,67,66,-1,73,66,74,-1,74,66,61,-1,74,61,75,-1,75,61,15,-1,75,15,13,-1,112,108,107,-1,112,107,113,-1,113,107,106,-1,113,106,114,-1,114,106,105,-1,114,105,115,-1,115,105,104,-1,115,104,116,-1,116,104,103,-1,116,103,109,-1,109,103,7,-1,109,7,5,-1,131,118,119,-1,131,119,130,-1,130,119,124,-1,130,124,129,-1,129,124,123,-1,129,123,132,-1,132,123,122,-1,132,122,133,-1,133,122,121,-1,133,121,128,-1,128,121,3,-1,128,3,1,-1,
        ]
    }
}
Shape{
    appearance Appearance {
        material  Material 	{
            diffuseColor 0.20784313725490197 0.20784313725490197 0.20784313725490197
            specularColor 0.01568627450980392 0.01568627450980392 0.01568627450980392
            ambientIntensity 0.298
            transparency 0.0
            shininess 0.5
        }
    }
    geometry IndexedFaceSet {
        ccw TRUE
        solid FALSE
        coord DEF co Coordinate {
            point [
                -0.8022 -0.0 0.0194, -0.8022 -0.0 0.0588, -0.7968 -0.0408 0.0194, -0.7968 -0.0408 0.0588, -0.7811 -0.0787 0.0194, -0.7811 -0.0787 0.0588, -0.756 -0.1114 0.0194, -0.756 -0.1114 0.0588, -0.7355 -0.1271 0.0194, -0.7234 -0.1364 0.0588, -0.4872 -0.0 0.0588, -0.4872 -0.0 0.0194, -0.4926 -0.0408 0.0588, -0.4926 -0.0408 0.0194, -0.5083 -0.0787 0.0588, -0.5083 -0.0787 0.0194, -0.5333 -0.1114 0.0588, -0.5333 -0.1114 0.0194, -0.5659 -0.1364 0.0588, -0.5659 -0.1364 0.0194, -0.6039 -0.1521 0.0588, -0.6039 -0.1521 0.0194, -0.6447 -0.1575 0.0588, -0.6447 -0.1575 0.0194, -0.6854 -0.1521 0.0588, -0.6854 -0.1521 0.0194, -0.7234 -0.1364 0.0194, -1.4764 -0.0 0.0194, -1.4764 -0.0 0.0588, -1.4697 -0.0509 0.0194, -1.4697 -0.0509 0.0588, -1.45 -0.0984 0.0194, -1.45 -0.0984 0.0588, -1.4187 -0.1392 0.0194, -1.4187 -0.1392 0.0588, -1.378 -0.1705 0.0194, -1.378 -0.1705 0.0588, -1.3618 -0.1772 0.0194, -1.3305 -0.1901 0.0588, -1.2286 -0.1901 0.0588, -1.25 -0.193 0.0194, -1.2795 -0.1969 0.0588, -1.2795 -0.1969 0.0194, -1.3305 -0.1901 0.0194, -1.1811 -0.1705 0.0588, -1.1972 -0.1772 0.0194, -1.2286 -0.1901 0.0194, -1.0827 -0.0 0.0588, -1.0827 -0.0 0.0194, -1.0894 -0.0509 0.0588, -1.0894 -0.0509 0.0194, -1.1091 -0.0984 0.0588, -1.1091 -0.0984 0.0194, -1.1403 -0.1392 0.0588, -1.1403 -0.1392 0.0194, -1.1811 -0.1705 0.0194, -0.7234 0.1364 0.0588, -0.6854 0.1521 0.0588, -0.6447 0.1575 0.0588, -0.6039 0.1521 0.0588, -0.5659 0.1364 0.0588, -0.5333 0.1114 0.0588, -0.5083 0.0787 0.0588, -0.4926 0.0408 0.0588, -0.7968 0.0408 0.0588, -0.7811 0.0787 0.0588, -0.756 0.1114 0.0588, -1.4187 0.1392 0.0588, -1.378 0.1705 0.0588, -1.3305 0.1901 0.0588, -1.2286 0.1901 0.0588, -1.1811 0.1705 0.0588, -1.45 0.0984 0.0588, -1.0894 0.0509 0.0588, -1.1091 0.0984 0.0588, -1.2795 0.1969 0.0588, -1.4697 0.0509 0.0588, -1.1403 0.1392 0.0588, -1.6142 -1.9882 0.2163, -1.3386 -1.9882 0.2163, -1.6142 -1.9882 0.4131, -1.3386 -1.9882 0.4131, -0.6689 -1.5748 0.0194, -0.6689 -1.5748 0.0588, -0.665 -1.6043 0.0194, -0.6635 -1.6156 0.0588, -0.6635 -1.6156 0.0194, -0.6478 -1.6535 0.0194, -0.6478 -1.6535 0.0588, -0.6228 -1.6862 0.0194, -0.6228 -1.6862 0.0588, -0.5902 -1.7112 0.0194, -0.5902 -1.7112 0.0588, -0.5522 -1.7269 0.0194, -0.5522 -1.7269 0.0588, -0.5114 -1.7323 0.0194, -0.5114 -1.7323 0.0588, -0.4707 -1.7269 0.0194, -0.4707 -1.7269 0.0588, -0.4327 -1.7112 0.0194, -0.4327 -1.7112 0.0588, -0.4206 -1.7019 0.0194, -0.4001 -1.6862 0.0588, -0.4001 -1.6862 0.0194, -0.3751 -1.6535 0.0194, -0.3751 -1.6535 0.0588, -0.3593 -1.6156 0.0194, -0.3593 -1.6156 0.0588, -0.3578 -1.6043 0.0194, -0.354 -1.5748 0.0588, -0.354 -1.5748 0.0194, -1.7323 -0.5114 0.0194, -1.7323 -0.5114 0.0588, -1.7269 -0.5522 0.0194, -1.7269 -0.5522 0.0588, -1.7112 -0.5902 0.0194, -1.7112 -0.5902 0.0588, -1.6862 -0.6228 0.0194, -1.6862 -0.6228 0.0588, -1.6535 -0.6478 0.0194, -1.6535 -0.6478 0.0588, -1.6156 -0.6635 0.0194, -1.6156 -0.6635 0.0588, -1.6043 -0.665 0.0194, -1.5748 -0.6689 0.0588, -1.4173 -0.5114 0.0588, -1.4173 -0.5114 0.0194, -1.4227 -0.5522 0.0588, -1.4227 -0.5522 0.0194, -1.4384 -0.5902 0.0588, -1.4384 -0.5902 0.0194, -1.4634 -0.6228 0.0588, -1.4634 -0.6228 0.0194, -1.4961 -0.6478 0.0588, -1.4961 -0.6478 0.0194, -1.534 -0.6635 0.0588, -1.534 -0.6635 0.0194, -1.5748 -0.6689 0.0194, -1.2598 -1.8504 0.0194, -1.2598 -1.8504 -0.02, -1.2598 -1.6043 0.0194, -1.2598 -1.2598 -0.02, -1.2598 -1.2598 0.0194, -0.2559 -1.6535 0.0194, -0.2559 -1.6535 0.2163, -0.2559 -2.0079 0.0194, -0.2559 -2.0079 0.2163, -2.0079 -1.1147 0.3344, -2.0079 -1.1024 0.3344, -1.9488 -1.1147 0.3344, -1.811 -1.1024 0.3344, -1.9488 -1.4567 0.3344, -1.9488 -1.4532 0.3344, -1.9291 -1.4532 0.3344, -1.9488 -1.1225 0.3344, -1.9291 -1.1225 0.3344, -1.811 -1.4567 0.3344, -2.0079 -1.1024 0.1769, -1.811 -1.1024 0.1769, -1.8783 -1.1225 0.1769, -1.811 -1.1225 0.1769, -1.811 -1.4567 0.1769, -1.811 -1.4532 0.1769, -1.8783 -1.4532 0.1769, -2.0079 -1.1147 0.1769, -1.9488 -1.1147 0.1769, -1.9488 -1.4567 0.1769, -1.3386 -1.8504 0.2163, -1.6142 -1.8504 0.2163, -0.3593 -1.534 0.0588, -0.4707 -1.4227 0.0588, -0.4327 -1.4384 0.0588, -0.6635 -1.534 0.0588, -0.4001 -1.4634 0.0588, -0.3751 -1.4961 0.0588, -0.6478 -1.4961 0.0588, -0.6228 -1.4634 0.0588, -0.5114 -1.4173 0.0588, -0.5902 -1.4384 0.0588, -0.5522 -1.4227 0.0588, -1.7269 -0.4707 0.0588, -1.6156 -0.3593 0.0588, -1.5748 -0.354 0.0588, -1.4227 -0.4707 0.0588, -1.7112 -0.4327 0.0588, -1.6862 -0.4001 0.0588, -1.6535 -0.3751 0.0588, -1.534 -0.3593 0.0588, -1.4961 -0.3751 0.0588, -1.4384 -0.4327 0.0588, -1.4634 -0.4001 0.0588, -1.811 -1.4532 0.2753, -1.811 -1.1225 0.2753, -0.2559 1.6535 0.0194, -0.2559 2.0079 0.0194, -0.2559 1.6535 0.2163, -0.2559 2.0079 0.2163, -1.7323 0.5114 0.0194, -1.7323 0.5114 0.0588, -1.7269 0.4707 0.0194, -1.7269 0.4707 0.0588, -1.7112 0.4327 0.0194, -1.7112 0.4327 0.0588, -1.6862 0.4001 0.0194, -1.6862 0.4001 0.0588, -1.6535 0.3751 0.0194, -1.6535 0.3751 0.0588, -1.6156 0.3593 0.0194, -1.6156 0.3593 0.0588, -1.6043 0.3578 0.0194, -1.5748 0.354 0.0588, -1.4173 0.5114 0.0588, -1.4173 0.5114 0.0194, -1.4227 0.4707 0.0588, -1.4227 0.4707 0.0194, -1.4384 0.4327 0.0588, -1.4384 0.4327 0.0194, -1.4634 0.4001 0.0588, -1.4634 0.4001 0.0194, -1.4961 0.3751 0.0588, -1.4961 0.3751 0.0194, -1.534 0.3593 0.0588, -1.534 0.3593 0.0194, -1.5748 0.354 0.0194, -0.6689 1.5748 0.0194, -0.6689 1.5748 0.0588, -0.6635 1.534 0.0194, -0.6635 1.534 0.0588, -0.6478 1.4961 0.0194, -0.6478 1.4961 0.0588, -0.6228 1.4634 0.0194, -0.6228 1.4634 0.0588, -0.5902 1.4384 0.0194, -0.5902 1.4384 0.0588, -0.5522 1.4227 0.0194, -0.5522 1.4227 0.0588, -0.5114 1.4173 0.0194, -0.5114 1.4173 0.0588, -0.4707 1.4227 0.0194, -0.4707 1.4227 0.0588, -0.4327 1.4384 0.0194, -0.4327 1.4384 0.0588, -0.4206 1.4477 0.0194, -0.4001 1.4634 0.0588, -0.354 1.5748 0.0588, -0.354 1.5748 0.0194, -0.3593 1.534 0.0588, -0.3593 1.534 0.0194, -0.3751 1.4961 0.0588, -0.3751 1.4961 0.0194, -0.4001 1.4634 0.0194, -1.2598 1.8504 0.0194, -1.2598 1.2598 0.0194, -1.2598 1.8504 -0.02, -1.2598 1.2598 -0.02, -1.3386 1.9882 0.2163, -1.6142 1.9882 0.2163, -1.3386 1.9882 0.4131, -1.6142 1.9882 0.4131, -1.7112 0.5902 0.0588, -1.7269 0.5522 0.0588, -1.6862 0.6228 0.0588, -1.6535 0.6478 0.0588, -1.6156 0.6635 0.0588, -1.5748 0.6689 0.0588, -1.534 0.6635 0.0588, -1.4961 0.6478 0.0588, -1.4634 0.6228 0.0588, -1.4384 0.5902 0.0588, -1.4227 0.5522 0.0588, -0.6635 1.6156 0.0588, -0.5522 1.7269 0.0588, -0.5114 1.7323 0.0588, -0.4001 1.6862 0.0588, -0.3751 1.6535 0.0588, -0.3593 1.6156 0.0588, -0.4707 1.7269 0.0588, -0.4327 1.7112 0.0588, -0.6478 1.6535 0.0588, -0.6228 1.6862 0.0588, -0.5902 1.7112 0.0588, -1.6142 1.8504 0.2163, -1.3386 1.8504 0.2163, -2.0079 1.4444 0.3344, -2.0079 1.4567 0.3344, -1.9488 1.4444 0.3344, -1.811 1.4567 0.3344, -1.9488 1.4365 0.3344, -1.811 1.4365 0.3344, -2.0079 1.4567 0.1769, -1.811 1.4567 0.1769, -1.6142 -1.8504 1.0347, -1.3386 -1.8504 1.0347, -1.1122 2.0079 1.1218, -1.1122 2.0079 1.0527, -1.1122 1.8504 1.1218, -1.1122 2.0079 0.9613, -1.1122 2.0079 0.8482, -1.1122 2.0079 0.0194, -1.1122 1.8504 0.0194, -1.1122 2.0079 0.7025, -1.1122 2.0079 0.7366, -1.3386 1.8504 1.0347, -1.6142 1.8504 1.0347, -1.8406 1.8504 1.1218, -1.8406 1.8504 -0.02, -1.8406 1.8898 1.1218, -1.8406 2.0079 -0.02, -1.8406 2.0079 1.1218, -2.0079 2.0079 1.1218, -2.0079 2.0079 -0.02, -2.0079 -2.0079 1.1218, -2.0079 -2.0079 -0.02, -1.8406 -2.0079 1.1218, -1.8406 -2.0079 -0.02, -1.8406 -1.8898 1.1218, -1.8406 -1.8504 -0.02, -1.8406 -1.8504 1.1218, -1.1122 -1.8504 1.1218, -1.1122 -1.8504 0.0194, -1.1122 -2.0079 1.1218, -1.1122 -2.0079 0.0194, -2.0079 -0.7355 0.0194, -2.0079 -1.1147 0.0194, -2.0079 1.4444 -0.02, -2.0079 1.4444 0.1769, -2.0079 1.0979 0.0194, -2.0079 0.9424 0.0194, -2.0079 1.0979 0.3344, -2.0079 0.7355 0.0194, -2.0079 0.031 0.0194, -2.0079 -0.1772 0.0194, -2.0079 0.031 0.3344, -2.0079 -0.4206 0.0194, -2.0079 -1.4611 -0.02, -2.0079 -1.4611 0.3344, -2.0079 0.3066 0.0194, -2.0079 0.3066 0.2163, -2.0079 0.3066 0.3344, -1.25 1.8504 0.0194, -1.117 1.8504 1.1218, -1.117 -1.8504 1.1218, -1.25 -1.8504 0.0194, -2.0039 1.8898 1.1218, -2.0039 -1.8898 1.1218, -1.6043 -1.2598 0.0194, -1.9488 -1.2598 -0.02, -1.9488 -1.2598 0.0194, -1.9488 -1.4611 -0.02, -1.9488 1.2598 0.0194, -1.9488 1.2598 -0.02, -1.6043 1.2598 0.0194, -1.9488 1.4444 -0.02, -1.811 1.1024 0.2163, -1.811 1.1024 0.1769, -1.8194 1.1024 0.2163, -1.9488 1.1024 0.1769, -1.8194 1.1024 0.3344, -1.9488 1.1024 0.3344, -1.8194 1.1058 0.3344, -1.9488 1.1058 0.3344, -1.9488 1.4444 0.1769, -1.811 1.4365 0.2163, -1.3129 0.3803 1.038, -1.2426 0.5697 1.038, -1.3819 0.5616 1.038, -1.2781 -0.4847 1.038, -1.3358 -0.2899 1.038, -1.3517 -0.2863 1.038, -1.2426 -0.5697 1.038, -1.3819 -0.5616 1.038, -1.5191 -0.5182 1.038, -1.4194 -0.26 1.038, -1.6411 -0.4418 1.038, -1.4787 -0.2179 1.038, -1.7401 -0.3373 1.038, -1.526 -0.1627 1.038, -1.8098 -0.2113 1.038, -1.5582 -0.0975 1.038, -1.8458 -0.072 1.038, -1.3358 0.2899 1.038, -1.5736 -0.0265 1.038, -1.5748 -0.0 1.038, -1.8458 0.072 1.038, -1.5736 0.0265 1.038, -1.8098 0.2113 1.038, -1.5582 0.0975 1.038, -1.7401 0.3373 1.038, -1.526 0.1627 1.038, -1.6411 0.4418 1.038, -1.4787 0.2179 1.038, -1.5191 0.5182 1.038, -1.4194 0.26 1.038, -1.3517 0.2863 1.038, -0.7782 -0.7776 1.169, -0.7782 -0.374 1.169, -0.7782 -0.7776 0.7478, -0.7782 -0.374 0.7478, -0.7782 0.374 1.169, -0.7782 0.7776 1.169, -0.7782 0.374 0.7478, -0.7782 0.7776 0.7478, -0.6706 -0.374 1.169, -0.6706 -0.374 0.7478, -0.6207 0.6201 1.169, -0.6207 -0.6201 1.169, -0.6207 0.6201 1.2202, -0.6207 -0.6201 1.2202, -0.6706 0.374 1.169, -0.6706 0.374 0.7478, -0.6706 -0.1937 0.7478, -0.6706 -0.1937 1.038, -0.6706 0.1937 1.038, -0.6706 0.1937 0.7478, -0.2451 -0.7589 0.7478, -0.2719 -0.7776 0.7478, -0.2729 -0.5014 0.7478, -0.5231 -0.2423 0.7478, -0.5014 -0.2729 0.7478, -0.4404 -0.3633 0.7478, -0.3633 -0.4404 0.7478, -0.6585 -0.1918 0.7478, -0.621 -0.1918 0.7478, -0.5847 -0.2006 0.7478, -0.5514 -0.2178 0.7478, -0.1943 -0.6733 0.7478, -0.2049 -0.7053 0.7478, -0.2221 -0.7342 0.7478, -0.1906 -0.6398 0.7478, -0.2451 -0.5206 0.7478, -0.1943 -0.6062 0.7478, -0.2221 -0.5453 0.7478, -0.2049 -0.5743 0.7478, -0.2719 0.7776 0.7478, -0.2049 0.5743 0.7478, -0.2221 0.5453 0.7478, -0.2451 0.7589 0.7478, -0.5847 0.2006 0.7478, -0.621 0.1918 0.7478, -0.6585 0.1918 0.7478, -0.2451 0.5206 0.7478, -0.2729 0.5014 0.7478, -0.3633 0.4404 0.7478, -0.4404 0.3633 0.7478, -0.5014 0.2729 0.7478, -0.5231 0.2423 0.7478, -0.5514 0.2178 0.7478, -0.2049 0.7053 0.7478, -0.1943 0.6733 0.7478, -0.2221 0.7342 0.7478, -0.1906 0.6398 0.7478, -0.1943 0.6062 0.7478
            ]
        }
        coordIndex [
            0,1,2,-1,2,1,3,-1,2,3,4,-1,4,3,5,-1,4,5,6,-1,6,5,7,-1,6,7,8,-1,8,7,9,-1,10,11,12,-1,12,11,13,-1,12,13,14,-1,14,13,15,-1,14,15,16,-1,16,15,17,-1,16,17,18,-1,18,17,19,-1,18,19,20,-1,20,19,21,-1,20,21,22,-1,22,21,23,-1,22,23,24,-1,24,23,25,-1,24,25,9,-1,9,25,26,-1,9,26,8,-1,27,28,29,-1,29,28,30,-1,29,30,31,-1,31,30,32,-1,31,32,33,-1,33,32,34,-1,33,34,35,-1,35,34,36,-1,35,36,37,-1,37,36,38,-1,39,40,41,-1,41,40,42,-1,41,42,38,-1,38,42,43,-1,38,43,37,-1,44,45,39,-1,39,45,46,-1,39,46,40,-1,47,48,49,-1,49,48,50,-1,49,50,51,-1,51,50,52,-1,51,52,53,-1,53,52,54,-1,53,54,44,-1,44,54,55,-1,44,55,45,-1,10,12,1,-1,1,12,14,-1,1,14,16,-1,20,22,24,-1,56,57,1,-1,1,57,58,-1,58,59,1,-1,1,59,60,-1,1,60,61,-1,61,62,1,-1,1,62,63,-1,1,63,10,-1,24,9,20,-1,20,9,7,-1,20,7,5,-1,16,18,1,-1,1,18,20,-1,1,20,3,-1,3,20,5,-1,64,65,1,-1,1,65,66,-1,1,66,56,-1,32,51,53,-1,67,68,69,-1,70,71,72,-1,73,47,32,-1,32,47,49,-1,32,49,51,-1,53,44,32,-1,32,44,39,-1,32,39,41,-1,73,32,74,-1,74,32,30,-1,74,30,28,-1,67,69,72,-1,72,69,75,-1,72,75,70,-1,28,76,74,-1,74,76,72,-1,74,72,77,-1,77,72,71,-1,41,38,32,-1,32,38,36,-1,32,36,34,-1,78,79,80,-1,80,79,81,-1,82,83,84,-1,84,83,85,-1,84,85,86,-1,86,85,87,-1,87,85,88,-1,87,88,89,-1,89,88,90,-1,89,90,91,-1,91,90,92,-1,91,92,93,-1,93,92,94,-1,93,94,95,-1,95,94,96,-1,95,96,97,-1,97,96,98,-1,97,98,99,-1,99,98,100,-1,99,100,101,-1,101,100,102,-1,101,102,103,-1,103,102,104,-1,104,102,105,-1,104,105,106,-1,106,105,107,-1,106,107,108,-1,108,107,109,-1,108,109,110,-1,111,112,113,-1,113,112,114,-1,113,114,115,-1,115,114,116,-1,115,116,117,-1,117,116,118,-1,117,118,119,-1,119,118,120,-1,119,120,121,-1,121,120,122,-1,121,122,123,-1,123,122,124,-1,125,126,127,-1,127,126,128,-1,127,128,129,-1,129,128,130,-1,129,130,131,-1,131,130,132,-1,131,132,133,-1,133,132,134,-1,133,134,135,-1,135,134,136,-1,135,136,124,-1,124,136,137,-1,124,137,123,-1,138,139,140,-1,140,139,141,-1,140,141,142,-1,143,144,145,-1,145,144,146,-1,147,148,149,-1,149,148,150,-1,151,152,153,-1,154,149,155,-1,155,149,150,-1,155,150,153,-1,153,150,156,-1,153,156,151,-1,148,157,150,-1,150,157,158,-1,159,160,158,-1,161,162,163,-1,157,164,165,-1,158,157,159,-1,159,157,165,-1,159,165,163,-1,163,165,166,-1,163,166,161,-1,79,78,167,-1,167,78,168,-1,169,109,83,-1,83,109,85,-1,85,109,107,-1,85,107,105,-1,170,171,172,-1,172,171,173,-1,172,173,83,-1,83,173,174,-1,83,174,169,-1,102,90,105,-1,105,90,88,-1,105,88,85,-1,172,175,170,-1,170,175,176,-1,170,176,177,-1,177,176,178,-1,177,178,179,-1,102,100,90,-1,90,100,98,-1,90,98,92,-1,92,98,96,-1,92,96,94,-1,114,112,125,-1,125,112,180,-1,181,182,183,-1,129,131,116,-1,114,125,116,-1,116,125,127,-1,116,127,129,-1,131,133,116,-1,116,133,135,-1,116,135,124,-1,124,122,116,-1,116,122,120,-1,116,120,118,-1,180,184,125,-1,125,184,185,-1,125,185,183,-1,183,185,186,-1,183,186,181,-1,182,187,183,-1,183,187,188,-1,183,188,189,-1,189,188,190,-1,162,161,191,-1,191,161,156,-1,191,156,192,-1,192,156,150,-1,192,150,160,-1,160,150,158,-1,193,194,195,-1,195,194,196,-1,197,198,199,-1,199,198,200,-1,199,200,201,-1,201,200,202,-1,201,202,203,-1,203,202,204,-1,203,204,205,-1,205,204,206,-1,205,206,207,-1,207,206,208,-1,207,208,209,-1,209,208,210,-1,211,212,213,-1,213,212,214,-1,213,214,215,-1,215,214,216,-1,215,216,217,-1,217,216,218,-1,217,218,219,-1,219,218,220,-1,219,220,221,-1,221,220,222,-1,221,222,210,-1,210,222,223,-1,210,223,209,-1,224,225,226,-1,226,225,227,-1,226,227,228,-1,228,227,229,-1,228,229,230,-1,230,229,231,-1,230,231,232,-1,232,231,233,-1,232,233,234,-1,234,233,235,-1,234,235,236,-1,236,235,237,-1,236,237,238,-1,238,237,239,-1,238,239,240,-1,240,239,241,-1,240,241,242,-1,242,241,243,-1,244,245,246,-1,246,245,247,-1,246,247,248,-1,248,247,249,-1,248,249,243,-1,243,249,250,-1,243,250,242,-1,251,252,253,-1,253,252,254,-1,255,256,257,-1,257,256,258,-1,213,221,211,-1,211,221,210,-1,259,211,260,-1,260,211,198,-1,259,261,211,-1,211,261,262,-1,211,262,263,-1,210,208,211,-1,211,208,206,-1,211,206,204,-1,204,202,211,-1,211,202,200,-1,211,200,198,-1,213,215,221,-1,221,215,217,-1,221,217,219,-1,264,265,263,-1,263,265,266,-1,263,266,267,-1,267,268,263,-1,263,268,269,-1,263,269,211,-1,270,271,225,-1,225,271,272,-1,273,274,225,-1,225,274,275,-1,225,275,244,-1,231,229,244,-1,244,229,227,-1,244,227,225,-1,272,276,225,-1,225,276,277,-1,225,277,273,-1,243,241,239,-1,270,278,271,-1,271,278,279,-1,271,279,280,-1,246,235,244,-1,244,235,233,-1,244,233,231,-1,246,248,235,-1,235,248,243,-1,235,243,237,-1,237,243,239,-1,256,255,281,-1,281,255,282,-1,283,284,285,-1,285,284,286,-1,285,286,287,-1,287,286,288,-1,284,289,286,-1,286,289,290,-1,80,81,291,-1,291,81,292,-1,293,294,295,-1,295,294,296,-1,295,296,297,-1,298,299,300,-1,300,299,295,-1,300,295,301,-1,301,295,297,-1,257,258,302,-1,302,258,303,-1,302,282,257,-1,257,282,255,-1,256,281,258,-1,258,281,303,-1,304,305,306,-1,306,305,307,-1,306,307,308,-1,308,307,309,-1,309,307,310,-1,311,312,313,-1,313,312,314,-1,313,314,315,-1,315,314,316,-1,315,316,317,-1,291,168,80,-1,80,168,78,-1,79,167,81,-1,81,167,292,-1,318,319,320,-1,320,319,321,-1,322,323,164,-1,324,325,310,-1,310,325,289,-1,310,289,309,-1,309,289,284,-1,309,284,283,-1,326,327,328,-1,328,327,329,-1,330,331,332,-1,332,331,333,-1,332,333,322,-1,334,312,335,-1,335,312,311,-1,335,311,147,-1,147,311,148,-1,329,336,328,-1,328,336,337,-1,328,337,338,-1,283,328,309,-1,309,328,338,-1,309,338,311,-1,311,338,332,-1,311,332,148,-1,148,332,322,-1,148,322,157,-1,157,322,164,-1,251,281,339,-1,339,281,282,-1,339,282,299,-1,299,282,302,-1,295,299,340,-1,340,299,302,-1,340,302,304,-1,304,302,303,-1,304,303,305,-1,305,303,281,-1,305,281,253,-1,253,281,251,-1,319,318,341,-1,316,139,168,-1,168,139,138,-1,168,138,167,-1,167,138,342,-1,316,168,317,-1,317,168,291,-1,317,291,341,-1,342,319,167,-1,167,319,341,-1,167,341,292,-1,292,341,291,-1,306,308,343,-1,343,308,309,-1,343,309,344,-1,344,309,311,-1,344,311,315,-1,315,311,313,-1,142,141,345,-1,345,141,346,-1,345,346,347,-1,156,161,151,-1,151,161,166,-1,314,312,316,-1,316,312,334,-1,316,334,139,-1,139,334,348,-1,139,348,141,-1,141,348,346,-1,349,350,351,-1,351,350,254,-1,351,254,252,-1,310,307,324,-1,324,307,305,-1,324,305,352,-1,352,305,253,-1,352,253,350,-1,350,253,254,-1,353,354,355,-1,355,354,356,-1,355,356,357,-1,357,356,358,-1,357,358,359,-1,359,358,360,-1,289,325,361,-1,356,354,361,-1,361,354,290,-1,361,290,289,-1,288,286,362,-1,362,286,290,-1,362,290,353,-1,353,290,354,-1,363,364,365,-1,366,367,368,-1,369,366,370,-1,370,366,368,-1,370,368,371,-1,371,368,372,-1,371,372,373,-1,373,372,374,-1,373,374,375,-1,375,374,376,-1,375,376,377,-1,377,376,378,-1,377,378,379,-1,363,365,380,-1,378,381,379,-1,379,381,382,-1,379,382,383,-1,383,382,384,-1,383,384,385,-1,385,384,386,-1,385,386,387,-1,387,386,388,-1,387,388,389,-1,389,388,390,-1,389,390,391,-1,391,390,392,-1,391,392,365,-1,365,392,393,-1,365,393,380,-1,394,395,396,-1,396,395,397,-1,398,399,400,-1,400,399,401,-1,395,402,397,-1,397,402,403,-1,404,405,406,-1,406,405,407,-1,408,398,409,-1,409,398,400,-1,410,403,411,-1,411,403,402,-1,411,402,412,-1,412,402,408,-1,412,408,413,-1,413,408,409,-1,414,415,416,-1,396,397,415,-1,415,397,403,-1,417,418,403,-1,403,418,419,-1,403,419,415,-1,415,419,420,-1,415,420,416,-1,410,421,403,-1,403,421,422,-1,422,423,403,-1,403,423,424,-1,403,424,417,-1,425,426,416,-1,416,426,427,-1,416,427,414,-1,425,416,428,-1,428,416,429,-1,428,429,430,-1,430,429,431,-1,430,431,432,-1,400,401,409,-1,409,401,433,-1,434,435,436,-1,437,438,409,-1,409,438,439,-1,409,439,413,-1,435,440,436,-1,436,440,441,-1,436,441,433,-1,433,441,442,-1,433,442,409,-1,409,442,443,-1,409,443,444,-1,444,445,409,-1,409,445,446,-1,409,446,437,-1,447,448,449,-1,449,448,450,-1,449,450,436,-1,436,450,451,-1,436,451,434,-1,
        ]
    }
}
Shape{
    appearance Appearance {
        material  Material 	{
            diffuseColor 1.0 1.0 1.0
            specularColor 0.5019607843137255 0.5019607843137255 0.5019607843137255
            ambientIntensity 1.0
            transparency 0.0
            shininess 0.5
        }
    }
    geometry IndexedFaceSet {
        ccw TRUE
        solid FALSE
        coord DEF co Coordinate {
            point [
                -0.3874 2.0118 0.803, -0.3966 2.0118 0.8086, -0.3849 2.0118 0.8056, -0.393 2.0118 0.8122, -0.3782 2.0118 0.81, -0.3846 2.0118 0.8181, -0.3707 2.0118 0.8126, -0.3743 2.0118 0.822, -0.36 2.0118 0.8137, -0.3604 2.0118 0.8236, -0.3469 2.0118 0.8137, -0.3358 2.0118 0.8236, -0.3469 2.0118 0.7472, -0.3358 2.0118 0.7374, -0.3595 2.0118 0.7472, -0.3595 2.0118 0.7374, -0.3705 2.0118 0.7484, -0.3739 2.0118 0.7391, -0.3778 2.0118 0.751, -0.3838 2.0118 0.7429, -0.3836 2.0118 0.7548, -0.3921 2.0118 0.7486, -0.3851 2.0118 0.7562, -0.393 2.0118 0.7494, -0.3896 2.0118 0.7619, -0.3993 2.0118 0.7569, -0.3925 2.0118 0.7684, -0.4036 2.0118 0.7658, -0.3941 2.0118 0.7764, -0.4058 2.0118 0.7759, -0.3943 2.0118 0.7813, -0.406 2.0118 0.7816, -0.3931 2.0118 0.7918, -0.4048 2.0118 0.7925, -0.3907 2.0118 0.7981, -0.4018 2.0118 0.8009, -0.393 2.0079 0.7494, -0.3993 2.0079 0.7569, -0.4036 2.0079 0.7658, -0.4058 2.0079 0.7759, -0.406 2.0079 0.7816, -0.4048 2.0079 0.7925, -0.4018 2.0079 0.8009, -0.3966 2.0079 0.8086, -0.393 2.0079 0.8122, -0.3846 2.0079 0.8181, -0.3743 2.0079 0.822, -0.3604 2.0079 0.8236, -0.3358 2.0079 0.8236, -0.3358 2.0079 0.7374, -0.3595 2.0079 0.7374, -0.3739 2.0079 0.7391, -0.3838 2.0079 0.7429, -0.3921 2.0079 0.7486, -0.3849 2.0079 0.8056, -0.3874 2.0079 0.803, -0.3907 2.0079 0.7981, -0.3931 2.0079 0.7918, -0.3943 2.0079 0.7813, -0.36 2.0079 0.8137, -0.3707 2.0079 0.8126, -0.3782 2.0079 0.81, -0.3469 2.0079 0.8137, -0.3469 2.0079 0.7472, -0.3595 2.0079 0.7472, -0.3851 2.0079 0.7562, -0.3836 2.0079 0.7548, -0.3778 2.0079 0.751, -0.3705 2.0079 0.7484, -0.3941 2.0079 0.7764, -0.3925 2.0079 0.7684, -0.3896 2.0079 0.7619
            ]
        }
        coordIndex [
            0,1,2,-1,2,1,3,-1,2,3,4,-1,4,3,5,-1,4,5,6,-1,6,5,7,-1,6,7,8,-1,8,7,9,-1,8,9,10,-1,10,9,11,-1,10,11,12,-1,12,11,13,-1,12,13,14,-1,14,13,15,-1,14,15,16,-1,16,15,17,-1,16,17,18,-1,18,17,19,-1,18,19,20,-1,20,19,21,-1,20,21,22,-1,22,21,23,-1,22,23,24,-1,24,23,25,-1,24,25,26,-1,26,25,27,-1,26,27,28,-1,28,27,29,-1,28,29,30,-1,30,29,31,-1,30,31,32,-1,32,31,33,-1,32,33,34,-1,34,33,35,-1,34,35,0,-1,0,35,1,-1,23,36,37,-1,23,37,25,-1,25,37,38,-1,25,38,27,-1,27,38,39,-1,27,39,29,-1,29,39,40,-1,29,40,31,-1,31,40,41,-1,31,41,33,-1,33,41,42,-1,33,42,35,-1,35,42,43,-1,35,43,1,-1,1,43,44,-1,1,44,3,-1,3,44,45,-1,3,45,5,-1,5,45,46,-1,5,46,7,-1,7,46,47,-1,7,47,9,-1,11,9,48,-1,48,9,47,-1,13,11,49,-1,49,11,48,-1,15,13,50,-1,50,13,49,-1,15,50,51,-1,15,51,17,-1,17,51,52,-1,17,52,19,-1,19,52,53,-1,19,53,21,-1,21,53,36,-1,21,36,23,-1,2,54,55,-1,2,55,0,-1,0,55,56,-1,0,56,34,-1,34,56,57,-1,34,57,32,-1,32,57,58,-1,32,58,30,-1,8,59,60,-1,8,60,6,-1,6,60,61,-1,6,61,4,-1,4,61,54,-1,4,54,2,-1,8,10,59,-1,59,10,62,-1,10,12,62,-1,62,12,63,-1,12,14,63,-1,63,14,64,-1,22,65,66,-1,22,66,20,-1,20,66,67,-1,20,67,18,-1,18,67,68,-1,18,68,16,-1,16,68,64,-1,16,64,14,-1,30,58,69,-1,30,69,28,-1,28,69,70,-1,28,70,26,-1,26,70,71,-1,26,71,24,-1,24,71,65,-1,24,65,22,-1,
        ]
    }
}
Shape{
    appearance Appearance {
        material  Material 	{
            diffuseColor 0.20784313725490197 0.20784313725490197 0.20784313725490197
            specularColor 0.01568627450980392 0.01568627450980392 0.01568627450980392
            ambientIntensity 0.298
            transparency 0.0
            shininess 0.5
        }
    }
    geometry IndexedFaceSet {
        ccw TRUE
        solid FALSE
        coord DEF co Coordinate {
            point [
                -0.3469 2.0079 0.8137, -0.3469 2.0079 0.7472, -0.36 2.0079 0.8137, -0.3595 2.0079 0.7472, -0.3705 2.0079 0.7484, -0.3778 2.0079 0.751, -0.3836 2.0079 0.7548, -0.3851 2.0079 0.7562, -0.3896 2.0079 0.7619, -0.3925 2.0079 0.7684, -0.3941 2.0079 0.7764, -0.3943 2.0079 0.7813, -0.3931 2.0079 0.7918, -0.3907 2.0079 0.7981, -0.3874 2.0079 0.803, -0.3849 2.0079 0.8056, -0.3707 2.0079 0.8126, -0.3782 2.0079 0.81
            ]
        }
        coordIndex [
            0,1,2,-1,2,1,3,-1,2,3,4,-1,4,5,2,-1,2,5,6,-1,2,6,7,-1,7,8,2,-1,2,8,9,-1,2,9,10,-1,10,11,2,-1,2,11,12,-1,2,12,13,-1,13,14,2,-1,2,14,15,-1,2,15,16,-1,16,15,17,-1,
        ]
    }
}
Shape{
    appearance Appearance {
        material  Material 	{
            diffuseColor 1.0 1.0 1.0
            specularColor 0.5019607843137255 0.5019607843137255 0.5019607843137255
            ambientIntensity 1.0
            transparency 0.0
            shininess 0.5
        }
    }
    geometry IndexedFaceSet {
        ccw TRUE
        solid FALSE
        coord DEF co Coordinate {
            point [
                -0.2334 2.0118 0.7526, -0.2334 2.0079 0.7526, -0.2326 2.0079 0.7497, -0.2326 2.0118 0.7497, -0.2321 2.0079 0.7476, -0.2321 2.0118 0.7476, -0.2318 2.0118 0.7476, -0.2318 2.0079 0.7476, -0.2305 2.0118 0.7527, -0.2305 2.0079 0.7527, -0.2144 2.0079 0.799, -0.2144 2.0118 0.799, -0.2196 2.0079 0.784, -0.2023 2.0118 0.799, -0.2023 2.0079 0.799, -0.2265 2.0079 0.7375, -0.2265 2.0118 0.7375, -0.2196 2.0079 0.755, -0.2217 2.0079 0.7263, -0.2217 2.0118 0.7263, -0.2261 2.0079 0.7366, -0.2196 2.0079 0.7224, -0.2196 2.0118 0.7224, -0.2196 2.0079 0.7224, -0.2176 2.0118 0.7202, -0.2176 2.0079 0.7202, -0.2156 2.0079 0.7188, -0.2156 2.0118 0.7188, -0.2132 2.0079 0.7179, -0.2132 2.0118 0.7179, -0.2106 2.0079 0.7176, -0.2106 2.0118 0.7176, -0.2067 2.0079 0.7181, -0.2067 2.0118 0.7181, -0.2045 2.0079 0.7188, -0.2045 2.0118 0.7188, -0.2045 2.0118 0.7092, -0.2045 2.0079 0.7092, -0.2091 2.0079 0.7084, -0.2091 2.0118 0.7084, -0.2115 2.0079 0.7083, -0.2115 2.0118 0.7083, -0.2158 2.0079 0.7088, -0.2158 2.0118 0.7088, -0.2196 2.0079 0.7103, -0.2201 2.0118 0.7105, -0.2201 2.0079 0.7105, -0.2239 2.0079 0.7131, -0.2239 2.0118 0.7131, -0.2246 2.0079 0.7138, -0.2246 2.0118 0.7138, -0.2286 2.0079 0.7185, -0.2286 2.0118 0.7185, -0.2335 2.0079 0.7281, -0.2335 2.0118 0.7281, -0.2614 2.0079 0.799, -0.2614 2.0118 0.799, -0.2369 2.0079 0.7366, -0.2502 2.0118 0.799, -0.2502 2.0079 0.799, -0.1718 2.0118 0.7359, -0.1718 2.0079 0.7359, -0.1816 2.0118 0.7371, -0.1778 2.0079 0.7366, -0.1816 2.0079 0.7371, -0.1873 2.0079 0.7393, -0.1873 2.0118 0.7393, -0.1897 2.0079 0.7408, -0.1897 2.0118 0.7408, -0.1928 2.0079 0.7435, -0.1928 2.0118 0.7435, -0.1948 2.0079 0.7464, -0.1948 2.0118 0.7464, -0.1961 2.0079 0.7498, -0.1961 2.0118 0.7498, -0.1967 2.0079 0.7541, -0.1967 2.0118 0.7541, -0.1962 2.0079 0.7581, -0.1962 2.0118 0.7581, -0.1951 2.0079 0.7613, -0.1951 2.0118 0.7613, -0.193 2.0079 0.7643, -0.193 2.0118 0.7643, -0.1905 2.0079 0.7666, -0.1905 2.0118 0.7666, -0.1833 2.0079 0.7706, -0.1833 2.0118 0.7706, -0.1791 2.0079 0.7723, -0.1791 2.0118 0.7723, -0.1724 2.0079 0.7752, -0.1724 2.0118 0.7752, -0.1686 2.0079 0.7776, -0.1686 2.0118 0.7776, -0.1675 2.0079 0.7788, -0.1675 2.0118 0.7788, -0.1668 2.0079 0.7802, -0.1668 2.0118 0.7802, -0.1663 2.0079 0.7819, -0.1663 2.0118 0.7819, -0.1662 2.0079 0.7833, -0.1662 2.0118 0.7833, -0.1664 2.0079 0.785, -0.1664 2.0118 0.785, -0.167 2.0079 0.7865, -0.167 2.0118 0.7865, -0.1679 2.0079 0.7879, -0.1679 2.0118 0.7879, -0.1695 2.0079 0.7893, -0.1695 2.0118 0.7893, -0.172 2.0079 0.7906, -0.172 2.0118 0.7906, -0.1748 2.0079 0.7914, -0.1748 2.0118 0.7914, -0.178 2.0079 0.7916, -0.178 2.0118 0.7916, -0.1851 2.0079 0.7908, -0.1851 2.0118 0.7908, -0.1912 2.0079 0.7886, -0.1912 2.0118 0.7886, -0.1937 2.0079 0.7872, -0.1937 2.0118 0.7872, -0.1937 2.0118 0.7977, -0.1937 2.0079 0.7977, -0.1851 2.0079 0.8, -0.1851 2.0118 0.8, -0.1791 2.0079 0.8004, -0.1791 2.0118 0.8004, -0.1711 2.0079 0.7995, -0.1711 2.0118 0.7995, -0.1652 2.0079 0.7974, -0.1652 2.0118 0.7974, -0.162 2.0079 0.7955, -0.162 2.0118 0.7955, -0.16 2.0079 0.7937, -0.1588 2.0118 0.7926, -0.1588 2.0079 0.7926, -0.1568 2.0079 0.7897, -0.1568 2.0118 0.7897, -0.1555 2.0079 0.7862, -0.1555 2.0118 0.7862, -0.1551 2.0079 0.7824, -0.1551 2.0118 0.7824, -0.1556 2.0079 0.7782, -0.1556 2.0118 0.7782, -0.1568 2.0079 0.7749, -0.1568 2.0118 0.7749, -0.1582 2.0079 0.7726, -0.1582 2.0118 0.7726, -0.1715 2.0079 0.7644, -0.1715 2.0118 0.7644, -0.165 2.0118 0.7674, -0.1599 2.0079 0.7708, -0.1599 2.0118 0.7708, -0.16 2.0079 0.7707, -0.165 2.0079 0.7674, -0.1786 2.0079 0.7615, -0.1786 2.0118 0.7615, -0.1828 2.0079 0.7589, -0.1828 2.0118 0.7589, -0.1841 2.0079 0.7575, -0.1841 2.0118 0.7575, -0.185 2.0079 0.7561, -0.185 2.0118 0.7561, -0.1855 2.0079 0.7544, -0.1855 2.0118 0.7544, -0.1856 2.0079 0.7531, -0.1856 2.0118 0.7531, -0.1853 2.0079 0.751, -0.1853 2.0118 0.751, -0.1848 2.0079 0.7495, -0.1848 2.0118 0.7495, -0.1838 2.0079 0.7481, -0.1838 2.0118 0.7481, -0.1826 2.0079 0.747, -0.1826 2.0118 0.747, -0.1816 2.0079 0.7464, -0.1816 2.0118 0.7464, -0.1788 2.0079 0.7454, -0.1788 2.0118 0.7454, -0.1733 2.0079 0.7447, -0.1733 2.0118 0.7447, -0.1728 2.0079 0.7447, -0.1728 2.0118 0.7447, -0.155 2.0079 0.7507, -0.155 2.0118 0.7507, -0.1593 2.0118 0.7481, -0.166 2.0079 0.7455, -0.166 2.0118 0.7455, -0.16 2.0079 0.7478, -0.1593 2.0079 0.7481, -0.155 2.0118 0.7395, -0.155 2.0079 0.7395, -0.1628 2.0118 0.7368, -0.16 2.0079 0.7378, -0.1646 2.0079 0.7366, -0.1628 2.0079 0.7368, -0.1296 2.0118 0.7374, -0.1404 2.0118 0.7374, -0.1296 2.0118 0.7469, -0.1404 2.0118 0.777, -0.1296 2.0118 0.7765, -0.1063 2.0118 0.7638, -0.109 2.0118 0.765, -0.1152 2.0118 0.7663, -0.1296 2.0118 0.7683, -0.1296 2.0118 0.7624, -0.1293 2.0118 0.7469, -0.1236 2.0118 0.7485, -0.1276 2.0118 0.7443, -0.1205 2.0118 0.7464, -0.1296 2.0118 0.7617, -0.1289 2.0118 0.7568, -0.1273 2.0118 0.753, -0.125 2.0118 0.7498, -0.1292 2.0118 0.7813, -0.1395 2.0118 0.7853, -0.1281 2.0118 0.7852, -0.1378 2.0118 0.7902, -0.1268 2.0118 0.7874, -0.1356 2.0118 0.7937, -0.1252 2.0118 0.7891, -0.1327 2.0118 0.7964, -0.1233 2.0118 0.7904, -0.1291 2.0118 0.7984, -0.1208 2.0118 0.7912, -0.1246 2.0118 0.7998, -0.1171 2.0118 0.7916, -0.1181 2.0118 0.8004, -0.1106 2.0118 0.7909, -0.1077 2.0118 0.7992, -0.1038 2.0118 0.7886, -0.0996 2.0118 0.7962, -0.0969 2.0118 0.7842, -0.0969 2.0118 0.7947, -0.104 2.0118 0.7485, -0.0962 2.0118 0.7408, -0.105 2.0118 0.7475, -0.0998 2.0118 0.7382, -0.1071 2.0118 0.7461, -0.104 2.0118 0.7367, -0.1096 2.0118 0.7452, -0.1104 2.0118 0.7359, -0.1132 2.0118 0.7448, -0.116 2.0118 0.7365, -0.1173 2.0118 0.7452, -0.1204 2.0118 0.7381, -0.1242 2.0118 0.7407, -0.1019 2.0118 0.7565, -0.0909 2.0118 0.7552, -0.1018 2.0118 0.7547, -0.0909 2.0118 0.7539, -0.1021 2.0118 0.7523, -0.0914 2.0118 0.749, -0.1028 2.0118 0.7503, -0.0927 2.0118 0.7453, -0.095 2.0118 0.742, -0.1113 2.0118 0.774, -0.1032 2.0118 0.772, -0.1047 2.0118 0.7625, -0.0986 2.0118 0.7696, -0.1034 2.0118 0.7609, -0.0952 2.0118 0.7667, -0.1025 2.0118 0.7589, -0.0931 2.0118 0.7637, -0.0916 2.0118 0.7598, -0.1171 2.0079 0.7916, -0.1208 2.0079 0.7912, -0.1233 2.0079 0.7904, -0.1252 2.0079 0.7891, -0.1268 2.0079 0.7874, -0.1281 2.0079 0.7852, -0.1292 2.0079 0.7813, -0.1296 2.0079 0.7765, -0.1113 2.0079 0.774, -0.1032 2.0079 0.772, -0.0986 2.0079 0.7696, -0.0952 2.0079 0.7667, -0.0931 2.0079 0.7637, -0.0916 2.0079 0.7598, -0.0909 2.0079 0.7552, -0.0909 2.0079 0.7539, -0.0914 2.0079 0.749, -0.0927 2.0079 0.7453, -0.095 2.0079 0.742, -0.0962 2.0079 0.7408, -0.1104 2.0079 0.7359, -0.1041 2.0079 0.7366, -0.104 2.0079 0.7367, -0.0998 2.0079 0.7382, -0.116 2.0079 0.7365, -0.1163 2.0079 0.7366, -0.1204 2.0079 0.7381, -0.1242 2.0079 0.7407, -0.1276 2.0079 0.7443, -0.1293 2.0079 0.7469, -0.1296 2.0079 0.7469, -0.1296 2.0079 0.7374, -0.1404 2.0079 0.7374, -0.1404 2.0079 0.777, -0.1395 2.0079 0.7853, -0.1378 2.0079 0.7902, -0.1356 2.0079 0.7937, -0.1327 2.0079 0.7964, -0.1291 2.0079 0.7984, -0.1246 2.0079 0.7998, -0.1181 2.0079 0.8004, -0.1077 2.0079 0.7992, -0.0996 2.0079 0.7962, -0.0969 2.0079 0.7947, -0.0969 2.0079 0.7842, -0.1038 2.0079 0.7886, -0.1106 2.0079 0.7909, -0.125 2.0079 0.7498, -0.1236 2.0079 0.7485, -0.1205 2.0079 0.7464, -0.1173 2.0079 0.7452, -0.1132 2.0079 0.7448, -0.1296 2.0079 0.7624, -0.1296 2.0079 0.7617, -0.1289 2.0079 0.7568, -0.1273 2.0079 0.753, -0.1296 2.0079 0.7683, -0.1152 2.0079 0.7663, -0.1047 2.0079 0.7625, -0.1063 2.0079 0.7638, -0.109 2.0079 0.765, -0.1018 2.0079 0.7547, -0.1019 2.0079 0.7565, -0.1025 2.0079 0.7589, -0.1034 2.0079 0.7609, -0.105 2.0079 0.7475, -0.104 2.0079 0.7485, -0.1028 2.0079 0.7503, -0.1021 2.0079 0.7523, -0.1096 2.0079 0.7452, -0.1071 2.0079 0.7461
            ]
        }
        coordIndex [
            0,1,2,-1,0,2,3,-1,3,2,4,-1,3,4,5,-1,6,5,7,-1,7,5,4,-1,8,6,9,-1,9,6,7,-1,10,11,12,-1,12,11,8,-1,12,8,9,-1,13,11,14,-1,14,11,10,-1,15,16,17,-1,17,16,13,-1,17,13,14,-1,18,19,20,-1,20,19,16,-1,20,16,15,-1,19,18,21,-1,19,21,22,-1,22,21,23,-1,22,23,24,-1,23,25,24,-1,24,25,26,-1,24,26,27,-1,27,26,28,-1,27,28,29,-1,29,28,30,-1,29,30,31,-1,31,30,32,-1,31,32,33,-1,33,32,34,-1,33,34,35,-1,36,35,37,-1,37,35,34,-1,36,37,38,-1,36,38,39,-1,39,38,40,-1,39,40,41,-1,41,40,42,-1,41,42,43,-1,43,42,44,-1,43,44,45,-1,44,46,45,-1,45,46,47,-1,45,47,48,-1,48,47,49,-1,48,49,50,-1,50,49,51,-1,50,51,52,-1,52,51,53,-1,52,53,54,-1,55,56,57,-1,57,56,54,-1,57,54,53,-1,58,56,59,-1,59,56,55,-1,0,58,1,-1,1,58,59,-1,3,5,54,-1,56,58,54,-1,54,58,0,-1,54,0,3,-1,11,13,8,-1,8,13,16,-1,8,16,6,-1,52,22,50,-1,50,22,24,-1,35,36,33,-1,33,36,39,-1,33,39,31,-1,31,39,41,-1,31,41,29,-1,29,41,43,-1,29,43,27,-1,27,43,45,-1,27,45,24,-1,24,45,48,-1,24,48,50,-1,5,6,54,-1,54,6,16,-1,54,16,52,-1,52,16,19,-1,52,19,22,-1,60,61,62,-1,62,61,63,-1,63,64,62,-1,62,64,65,-1,62,65,66,-1,66,65,67,-1,66,67,68,-1,68,67,69,-1,68,69,70,-1,70,69,71,-1,70,71,72,-1,72,71,73,-1,72,73,74,-1,74,73,75,-1,74,75,76,-1,76,75,77,-1,76,77,78,-1,78,77,79,-1,78,79,80,-1,80,79,81,-1,80,81,82,-1,82,81,83,-1,82,83,84,-1,84,83,85,-1,84,85,86,-1,86,85,87,-1,86,87,88,-1,88,87,89,-1,88,89,90,-1,90,89,91,-1,90,91,92,-1,92,91,93,-1,92,93,94,-1,94,93,95,-1,94,95,96,-1,96,95,97,-1,96,97,98,-1,98,97,99,-1,98,99,100,-1,100,99,101,-1,100,101,102,-1,102,101,103,-1,102,103,104,-1,104,103,105,-1,104,105,106,-1,106,105,107,-1,106,107,108,-1,108,107,109,-1,108,109,110,-1,110,109,111,-1,110,111,112,-1,112,111,113,-1,112,113,114,-1,114,113,115,-1,114,115,116,-1,116,115,117,-1,116,117,118,-1,118,117,119,-1,118,119,120,-1,121,120,122,-1,122,120,119,-1,121,122,123,-1,121,123,124,-1,124,123,125,-1,124,125,126,-1,126,125,127,-1,126,127,128,-1,128,127,129,-1,128,129,130,-1,130,129,131,-1,130,131,132,-1,131,133,132,-1,132,133,134,-1,133,135,134,-1,134,135,136,-1,134,136,137,-1,137,136,138,-1,137,138,139,-1,139,138,140,-1,139,140,141,-1,141,140,142,-1,141,142,143,-1,143,142,144,-1,143,144,145,-1,145,144,146,-1,145,146,147,-1,148,149,150,-1,147,146,151,-1,147,151,152,-1,152,151,153,-1,152,153,150,-1,150,153,154,-1,150,154,148,-1,149,148,155,-1,149,155,156,-1,156,155,157,-1,156,157,158,-1,158,157,159,-1,158,159,160,-1,160,159,161,-1,160,161,162,-1,162,161,163,-1,162,163,164,-1,164,163,165,-1,164,165,166,-1,166,165,167,-1,166,167,168,-1,168,167,169,-1,168,169,170,-1,170,169,171,-1,170,171,172,-1,172,171,173,-1,172,173,174,-1,174,173,175,-1,174,175,176,-1,176,175,177,-1,176,177,178,-1,178,177,179,-1,178,179,180,-1,180,179,181,-1,180,181,182,-1,183,184,185,-1,182,181,186,-1,182,186,187,-1,187,186,188,-1,187,188,185,-1,185,188,189,-1,185,189,183,-1,190,184,191,-1,191,184,183,-1,190,191,192,-1,192,191,193,-1,61,60,194,-1,194,60,192,-1,194,192,195,-1,195,192,193,-1,106,108,130,-1,130,108,128,-1,156,88,149,-1,149,88,90,-1,66,68,172,-1,172,68,70,-1,172,70,170,-1,170,70,72,-1,170,72,168,-1,168,72,74,-1,168,74,166,-1,166,74,76,-1,166,76,164,-1,164,76,78,-1,164,78,162,-1,162,78,80,-1,162,80,160,-1,160,80,82,-1,160,82,158,-1,158,82,84,-1,158,84,156,-1,156,84,86,-1,156,86,88,-1,60,182,192,-1,192,182,187,-1,192,187,190,-1,190,187,185,-1,190,185,184,-1,108,110,128,-1,128,110,112,-1,128,112,126,-1,126,112,114,-1,126,114,124,-1,124,114,116,-1,124,116,121,-1,121,116,118,-1,121,118,120,-1,172,174,66,-1,66,174,176,-1,66,176,62,-1,62,176,178,-1,62,178,60,-1,60,178,180,-1,60,180,182,-1,130,132,106,-1,106,132,134,-1,106,134,104,-1,104,134,137,-1,104,137,102,-1,102,137,139,-1,102,139,100,-1,100,139,141,-1,100,141,98,-1,98,141,143,-1,98,143,96,-1,96,143,145,-1,96,145,94,-1,94,145,147,-1,94,147,92,-1,92,147,152,-1,92,152,90,-1,90,152,150,-1,90,150,149,-1,196,197,198,-1,198,197,199,-1,200,201,202,-1,203,204,199,-1,199,204,205,-1,206,207,208,-1,208,207,209,-1,205,210,199,-1,199,210,211,-1,199,211,198,-1,198,211,212,-1,198,212,206,-1,206,212,213,-1,206,213,207,-1,202,203,200,-1,200,203,199,-1,200,199,214,-1,214,199,215,-1,214,215,216,-1,216,215,217,-1,216,217,218,-1,218,217,219,-1,218,219,220,-1,220,219,221,-1,220,221,222,-1,222,221,223,-1,222,223,224,-1,224,223,225,-1,224,225,226,-1,226,225,227,-1,226,227,228,-1,228,227,229,-1,228,229,230,-1,230,229,231,-1,230,231,232,-1,232,231,233,-1,234,235,236,-1,236,235,237,-1,236,237,238,-1,238,237,239,-1,238,239,240,-1,240,239,241,-1,240,241,242,-1,242,241,243,-1,242,243,244,-1,244,243,245,-1,244,245,209,-1,209,245,246,-1,209,246,208,-1,247,248,249,-1,249,248,250,-1,249,250,251,-1,251,250,252,-1,251,252,253,-1,253,252,254,-1,253,254,234,-1,234,254,255,-1,234,255,235,-1,200,256,201,-1,201,256,257,-1,201,257,258,-1,258,257,259,-1,258,259,260,-1,260,259,261,-1,260,261,262,-1,262,261,263,-1,262,263,247,-1,247,263,264,-1,247,264,248,-1,226,265,266,-1,226,266,224,-1,224,266,267,-1,224,267,222,-1,222,267,268,-1,222,268,220,-1,220,268,269,-1,220,269,218,-1,218,269,270,-1,218,270,216,-1,216,270,271,-1,216,271,214,-1,214,271,272,-1,214,272,200,-1,256,200,273,-1,273,200,272,-1,256,273,274,-1,256,274,257,-1,257,274,275,-1,257,275,259,-1,259,275,276,-1,259,276,261,-1,261,276,277,-1,261,277,263,-1,263,277,278,-1,263,278,264,-1,264,278,279,-1,264,279,248,-1,248,279,280,-1,248,280,250,-1,250,280,281,-1,250,281,252,-1,252,281,282,-1,252,282,254,-1,254,282,283,-1,254,283,255,-1,255,283,284,-1,255,284,235,-1,285,241,286,-1,286,241,239,-1,286,239,287,-1,287,239,237,-1,287,237,288,-1,288,237,235,-1,288,235,284,-1,241,285,289,-1,241,289,243,-1,243,289,290,-1,243,290,245,-1,290,291,245,-1,245,291,292,-1,245,292,246,-1,246,292,293,-1,246,293,208,-1,208,293,294,-1,208,294,206,-1,198,206,295,-1,295,206,294,-1,196,198,296,-1,296,198,295,-1,197,196,297,-1,297,196,296,-1,199,197,298,-1,298,197,297,-1,199,298,299,-1,199,299,215,-1,215,299,300,-1,215,300,217,-1,217,300,301,-1,217,301,219,-1,219,301,302,-1,219,302,221,-1,221,302,303,-1,221,303,223,-1,223,303,304,-1,223,304,225,-1,225,304,305,-1,225,305,227,-1,227,305,306,-1,227,306,229,-1,229,306,307,-1,229,307,231,-1,231,307,308,-1,231,308,233,-1,232,233,309,-1,309,233,308,-1,232,309,310,-1,232,310,230,-1,230,310,311,-1,230,311,228,-1,228,311,265,-1,228,265,226,-1,213,312,313,-1,213,313,207,-1,207,313,314,-1,207,314,209,-1,209,314,315,-1,209,315,244,-1,244,315,316,-1,244,316,242,-1,205,317,318,-1,205,318,210,-1,210,318,319,-1,210,319,211,-1,211,319,320,-1,211,320,212,-1,212,320,312,-1,212,312,213,-1,205,204,317,-1,317,204,321,-1,204,203,321,-1,321,203,322,-1,258,323,324,-1,258,324,201,-1,201,324,325,-1,201,325,202,-1,202,325,322,-1,202,322,203,-1,249,326,327,-1,249,327,247,-1,247,327,328,-1,247,328,262,-1,262,328,329,-1,262,329,260,-1,260,329,323,-1,260,323,258,-1,236,330,331,-1,236,331,234,-1,234,331,332,-1,234,332,253,-1,253,332,333,-1,253,333,251,-1,251,333,326,-1,251,326,249,-1,242,316,334,-1,242,334,240,-1,240,334,335,-1,240,335,238,-1,238,335,330,-1,238,330,236,-1,
        ]
    }
}
Shape{
    appearance Appearance {
        material  Material 	{
            diffuseColor 0.20784313725490197 0.20784313725490197 0.20784313725490197
            specularColor 0.01568627450980392 0.01568627450980392 0.01568627450980392
            ambientIntensity 0.298
            transparency 0.0
            shininess 0.5
        }
    }
    geometry IndexedFaceSet {
        ccw TRUE
        solid FALSE
        coord DEF co Coordinate {
            point [
                -0.1296 2.0079 0.7683, -0.1152 2.0079 0.7663, -0.1296 2.0079 0.7624, -0.109 2.0079 0.765, -0.1063 2.0079 0.7638, -0.1047 2.0079 0.7625, -0.1296 2.0079 0.7617, -0.1289 2.0079 0.7568, -0.1034 2.0079 0.7609, -0.1273 2.0079 0.753, -0.104 2.0079 0.7485, -0.105 2.0079 0.7475, -0.1236 2.0079 0.7485, -0.1028 2.0079 0.7503, -0.1205 2.0079 0.7464, -0.1173 2.0079 0.7452, -0.1132 2.0079 0.7448, -0.1025 2.0079 0.7589, -0.1019 2.0079 0.7565, -0.125 2.0079 0.7498, -0.1018 2.0079 0.7547, -0.1021 2.0079 0.7523, -0.1071 2.0079 0.7461, -0.1096 2.0079 0.7452
            ]
        }
        coordIndex [
            0,1,2,-1,2,1,3,-1,3,4,2,-1,2,4,5,-1,2,5,6,-1,6,5,7,-1,7,5,8,-1,7,8,9,-1,10,11,12,-1,10,12,13,-1,14,12,15,-1,15,12,16,-1,8,17,9,-1,9,17,18,-1,9,18,19,-1,19,18,20,-1,19,20,12,-1,12,20,21,-1,12,21,13,-1,11,22,12,-1,12,22,23,-1,12,23,16,-1,
        ]
    }
}
Shape{
    appearance Appearance {
        material  Material 	{
            diffuseColor 1.0 1.0 1.0
            specularColor 0.5019607843137255 0.5019607843137255 0.5019607843137255
            ambientIntensity 1.0
            transparency 0.0
            shininess 0.5
        }
    }
    geometry IndexedFaceSet {
        ccw TRUE
        solid FALSE
        coord DEF co Coordinate {
            point [
                0.3469 2.0118 0.7251, 0.3378 2.0118 0.7138, 0.3525 2.0118 0.7794, 0.3633 2.0118 0.8859, 0.3496 2.0118 0.8932, 0.3528 2.0118 0.931, 0.3144 2.0118 0.9328, 0.2954 2.0118 0.888, 0.286 2.0118 0.9074, 0.3659 2.0118 0.7877, 0.3609 2.0118 0.7406, 0.3531 2.0118 0.7383, 0.3286 2.0118 0.934, 0.2903 2.0118 0.7807, 0.2846 2.0118 0.7786, 0.2335 2.0118 0.7641, 0.2797 2.0118 0.7753, 0.2757 2.0118 0.7709, 0.1476 2.0118 0.8095, 0.1666 2.0118 0.842, 0.2488 2.0118 0.799, 0.2954 2.0118 0.7812, 0.3014 2.0118 0.7805, 0.3095 2.0118 0.8181, 0.3068 2.0118 0.7783, 0.3231 2.0118 0.8129, 0.3116 2.0118 0.7749, 0.3356 2.0118 0.8041, 0.314 2.0118 0.7724, 0.3457 2.0118 0.7925, 0.3172 2.0118 0.7673, 0.319 2.0118 0.7615, 0.3193 2.0118 0.7555, 0.2726 2.0118 0.8158, 0.2874 2.0118 0.8194, 0.2948 2.0118 0.8199, 0.2731 2.0118 0.7659, 0.2717 2.0118 0.7602, 0.2335 2.0118 0.7579, 0.2717 2.0118 0.7546, 0.2338 2.0118 0.7514, 0.3019 2.0118 0.9474, 0.2723 2.0118 0.9238, 0.2875 2.0118 0.9598, 0.2559 2.0118 0.9358, 0.2725 2.0118 0.969, 0.3345 2.0118 0.8968, 0.3279 2.0118 0.8972, 0.3215 2.0118 0.9336, 0.3134 2.0118 0.8953, 0.2996 2.0118 0.8903, 0.2596 2.0118 0.8088, 0.0592 2.0118 0.7647, 0.0909 2.0118 0.786, 0.0759 2.0118 0.7506, 0.1007 2.0118 0.7795, 0.0946 2.0118 0.7414, 0.112 2.0118 0.7755, 0.1151 2.0118 0.7371, 0.1187 2.0118 0.7745, 0.1513 2.0118 0.7371, 0.1464 2.0118 0.7745, 0.1547 2.0118 0.7376, 0.3182 2.0118 0.7498, 0.3157 2.0118 0.7446, 0.1273 2.0118 0.8702, 0.1224 2.0118 0.8702, 0.0973 2.0118 0.9033, 0.112 2.0118 0.869, 0.0943 2.0118 0.9023, 0.1012 2.0118 0.8652, 0.0761 2.0118 0.8933, 0.0915 2.0118 0.8588, 0.0594 2.0118 0.8792, 0.0835 2.0118 0.8501, 0.0469 2.0118 0.8618, 0.0778 2.0118 0.8395, 0.0394 2.0118 0.843, 0.0749 2.0118 0.8277, 0.0365 2.0118 0.8229, 0.0746 2.0118 0.8223, 0.0393 2.0118 0.8011, 0.0757 2.0118 0.8118, 0.047 2.0118 0.7817, 0.0796 2.0118 0.8007, 0.0861 2.0118 0.791, 0.1304 2.0118 0.9518, 0.1545 2.0118 0.9237, 0.1101 2.0118 0.9283, 0.1407 2.0118 0.9072, 0.1312 2.0118 0.8874, 0.3874 2.0118 0.8507, 0.4278 2.0118 0.8404, 0.3893 2.0118 0.8358, 0.4279 2.0118 0.8346, 0.3885 2.0118 0.8262, 0.425 2.0118 0.8105, 0.3841 2.0118 0.8112, 0.4162 2.0118 0.7877, 0.3769 2.0118 0.799, 0.4022 2.0118 0.7677, 0.3831 2.0118 0.7514, 0.3755 2.0118 0.9222, 0.395 2.0118 0.9084, 0.3737 2.0118 0.8766, 0.3991 2.0118 0.9045, 0.3822 2.0118 0.8644, 0.4139 2.0118 0.8856, 0.4237 2.0118 0.8635, 0.2374 2.0118 0.7362, 0.2731 2.0118 0.7487, 0.2447 2.0118 0.7226, 0.276 2.0118 0.7434, 0.254 2.0118 0.7122, 0.2793 2.0118 0.7396, 0.2662 2.0118 0.7037, 0.284 2.0118 0.7363, 0.2799 2.0118 0.6984, 0.2893 2.0118 0.7342, 0.2948 2.0118 0.6966, 0.2954 2.0118 0.7334, 0.2971 2.0118 0.6966, 0.2965 2.0118 0.7334, 0.3116 2.0118 0.6989, 0.302 2.0118 0.7343, 0.3258 2.0118 0.7048, 0.3075 2.0118 0.7367, 0.3122 2.0118 0.7403, 0.2442 2.0118 0.9799, 0.2359 2.0118 0.9439, 0.2138 2.0118 0.9837, 0.2132 2.0118 0.9469, 0.1886 2.0118 0.981, 0.1924 2.0118 0.9443, 0.1578 2.0118 0.9702, 0.1731 2.0118 0.9369, 0.1559 2.0118 0.9249, 0.1494 2.0118 0.7751, 0.1642 2.0118 0.7435, 0.1628 2.0118 0.742, 0.1476 2.0118 0.7746, 0.1588 2.0118 0.7392, 0.1691 2.0118 0.7561, 0.1685 2.0118 0.7515, 0.1669 2.0118 0.7473, 0.1548 2.0118 0.7745, 0.159 2.0118 0.7728, 0.1689 2.0118 0.7585, 0.1628 2.0118 0.7701, 0.1653 2.0118 0.7674, 0.1677 2.0118 0.7632, 0.15 2.0118 0.7751, 0.0365 2.0079 0.8229, 0.0394 2.0079 0.843, 0.0414 2.0079 0.8482, 0.0469 2.0079 0.8618, 0.0594 2.0079 0.8792, 0.0761 2.0079 0.8933, 0.0943 2.0079 0.9023, 0.0973 2.0079 0.9033, 0.1101 2.0079 0.9283, 0.1304 2.0079 0.9518, 0.1445 2.0079 0.9613, 0.1578 2.0079 0.9702, 0.1886 2.0079 0.981, 0.2138 2.0079 0.9837, 0.2442 2.0079 0.9799, 0.2725 2.0079 0.969, 0.285 2.0079 0.9613, 0.2875 2.0079 0.9598, 0.3019 2.0079 0.9474, 0.3144 2.0079 0.9328, 0.3215 2.0079 0.9336, 0.3286 2.0079 0.934, 0.3528 2.0079 0.931, 0.3755 2.0079 0.9222, 0.395 2.0079 0.9084, 0.3991 2.0079 0.9045, 0.4237 2.0079 0.8635, 0.4139 2.0079 0.8856, 0.4264 2.0079 0.8482, 0.4278 2.0079 0.8404, 0.4279 2.0079 0.8346, 0.425 2.0079 0.8105, 0.4162 2.0079 0.7877, 0.4022 2.0079 0.7677, 0.3831 2.0079 0.7514, 0.3609 2.0079 0.7406, 0.3531 2.0079 0.7383, 0.3523 2.0079 0.7366, 0.3469 2.0079 0.7251, 0.3378 2.0079 0.7138, 0.3258 2.0079 0.7048, 0.3202 2.0079 0.7025, 0.3116 2.0079 0.6989, 0.2971 2.0079 0.6966, 0.2948 2.0079 0.6966, 0.2335 2.0079 0.7579, 0.2799 2.0079 0.6984, 0.2694 2.0079 0.7025, 0.2662 2.0079 0.7037, 0.254 2.0079 0.7122, 0.2447 2.0079 0.7226, 0.2374 2.0079 0.7362, 0.2374 2.0079 0.7366, 0.2338 2.0079 0.7514, 0.2335 2.0079 0.7641, 0.1476 2.0079 0.8095, 0.1666 2.0079 0.842, 0.2488 2.0079 0.799, 0.2596 2.0079 0.8088, 0.2726 2.0079 0.8158, 0.2874 2.0079 0.8194, 0.2948 2.0079 0.8199, 0.3095 2.0079 0.8181, 0.3231 2.0079 0.8129, 0.3356 2.0079 0.8041, 0.3457 2.0079 0.7925, 0.3525 2.0079 0.7794, 0.3659 2.0079 0.7877, 0.3769 2.0079 0.799, 0.3841 2.0079 0.8112, 0.3885 2.0079 0.8262, 0.3893 2.0079 0.8358, 0.3878 2.0079 0.8482, 0.3874 2.0079 0.8507, 0.3822 2.0079 0.8644, 0.3737 2.0079 0.8766, 0.3633 2.0079 0.8859, 0.3496 2.0079 0.8932, 0.3345 2.0079 0.8968, 0.3279 2.0079 0.8972, 0.3134 2.0079 0.8953, 0.2996 2.0079 0.8903, 0.2954 2.0079 0.888, 0.286 2.0079 0.9074, 0.2723 2.0079 0.9238, 0.2559 2.0079 0.9358, 0.2359 2.0079 0.9439, 0.2132 2.0079 0.9469, 0.1924 2.0079 0.9443, 0.1731 2.0079 0.9369, 0.1559 2.0079 0.9249, 0.1545 2.0079 0.9237, 0.1407 2.0079 0.9072, 0.1312 2.0079 0.8874, 0.1273 2.0079 0.8702, 0.1224 2.0079 0.8702, 0.112 2.0079 0.869, 0.1012 2.0079 0.8652, 0.0915 2.0079 0.8588, 0.0835 2.0079 0.8501, 0.0825 2.0079 0.8482, 0.0778 2.0079 0.8395, 0.0749 2.0079 0.8277, 0.0746 2.0079 0.8223, 0.0757 2.0079 0.8118, 0.0796 2.0079 0.8007, 0.0861 2.0079 0.791, 0.0909 2.0079 0.786, 0.1007 2.0079 0.7795, 0.112 2.0079 0.7755, 0.1187 2.0079 0.7745, 0.1464 2.0079 0.7745, 0.1476 2.0079 0.7746, 0.1494 2.0079 0.7751, 0.15 2.0079 0.7751, 0.1548 2.0079 0.7745, 0.159 2.0079 0.7728, 0.1628 2.0079 0.7701, 0.1653 2.0079 0.7674, 0.1677 2.0079 0.7632, 0.1689 2.0079 0.7585, 0.1691 2.0079 0.7561, 0.1685 2.0079 0.7515, 0.1669 2.0079 0.7473, 0.1642 2.0079 0.7435, 0.1628 2.0079 0.742, 0.1588 2.0079 0.7392, 0.1547 2.0079 0.7376, 0.1513 2.0079 0.7371, 0.1151 2.0079 0.7371, 0.0946 2.0079 0.7414, 0.0759 2.0079 0.7506, 0.0592 2.0079 0.7647, 0.047 2.0079 0.7817, 0.0393 2.0079 0.8011, 0.2954 2.0079 0.7812, 0.2903 2.0079 0.7807, 0.2846 2.0079 0.7786, 0.2797 2.0079 0.7753, 0.2757 2.0079 0.7709, 0.2731 2.0079 0.7659, 0.2717 2.0079 0.7602, 0.2717 2.0079 0.7546, 0.2731 2.0079 0.7487, 0.276 2.0079 0.7434, 0.2793 2.0079 0.7396, 0.284 2.0079 0.7363, 0.2893 2.0079 0.7342, 0.2954 2.0079 0.7334, 0.2965 2.0079 0.7334, 0.302 2.0079 0.7343, 0.3075 2.0079 0.7367, 0.3122 2.0079 0.7403, 0.3157 2.0079 0.7446, 0.3182 2.0079 0.7498, 0.3193 2.0079 0.7555, 0.319 2.0079 0.7615, 0.3172 2.0079 0.7673, 0.314 2.0079 0.7724, 0.3116 2.0079 0.7749, 0.3068 2.0079 0.7783, 0.3014 2.0079 0.7805
            ]
        }
        coordIndex [
            0,1,2,-1,3,4,5,-1,6,7,8,-1,9,10,2,-1,2,10,11,-1,2,11,0,-1,5,4,12,-1,13,14,15,-1,15,14,16,-1,15,16,17,-1,18,19,15,-1,15,19,20,-1,15,20,13,-1,13,20,21,-1,22,23,24,-1,24,23,25,-1,24,25,26,-1,26,25,27,-1,26,27,28,-1,28,27,29,-1,28,29,30,-1,30,29,2,-1,30,2,31,-1,31,2,32,-1,33,34,22,-1,22,34,35,-1,22,35,23,-1,17,36,15,-1,15,36,37,-1,15,37,38,-1,38,37,39,-1,38,39,40,-1,6,8,41,-1,41,8,42,-1,41,42,43,-1,43,42,44,-1,43,44,45,-1,4,46,12,-1,12,46,47,-1,12,47,48,-1,48,47,49,-1,48,49,6,-1,6,49,50,-1,6,50,7,-1,21,20,22,-1,22,20,51,-1,22,51,33,-1,52,53,54,-1,54,53,55,-1,54,55,56,-1,56,55,57,-1,56,57,58,-1,58,57,59,-1,58,59,60,-1,60,59,61,-1,60,61,62,-1,32,2,63,-1,63,2,1,-1,63,1,64,-1,65,66,67,-1,67,66,68,-1,67,68,69,-1,69,68,70,-1,69,70,71,-1,71,70,72,-1,71,72,73,-1,73,72,74,-1,73,74,75,-1,75,74,76,-1,75,76,77,-1,77,76,78,-1,77,78,79,-1,79,78,80,-1,79,80,81,-1,81,80,82,-1,81,82,83,-1,83,82,84,-1,83,84,52,-1,52,84,85,-1,52,85,53,-1,86,87,88,-1,88,87,89,-1,88,89,67,-1,67,89,90,-1,67,90,65,-1,91,92,93,-1,93,92,94,-1,93,94,95,-1,95,94,96,-1,95,96,97,-1,97,96,98,-1,97,98,99,-1,99,98,100,-1,99,100,9,-1,9,100,101,-1,9,101,10,-1,5,102,3,-1,3,102,103,-1,3,103,104,-1,104,103,105,-1,104,105,106,-1,106,105,107,-1,106,107,91,-1,91,107,108,-1,91,108,92,-1,40,39,109,-1,109,39,110,-1,109,110,111,-1,111,110,112,-1,111,112,113,-1,113,112,114,-1,113,114,115,-1,115,114,116,-1,115,116,117,-1,117,116,118,-1,117,118,119,-1,119,118,120,-1,119,120,121,-1,121,120,122,-1,121,122,123,-1,123,122,124,-1,123,124,125,-1,125,124,126,-1,125,126,1,-1,1,126,127,-1,1,127,64,-1,45,44,128,-1,128,44,129,-1,128,129,130,-1,130,129,131,-1,130,131,132,-1,132,131,133,-1,132,133,134,-1,134,133,135,-1,134,135,86,-1,86,135,136,-1,86,136,87,-1,137,138,139,-1,61,140,62,-1,62,140,137,-1,62,137,141,-1,141,137,139,-1,142,143,137,-1,137,143,144,-1,137,144,138,-1,145,146,147,-1,146,148,147,-1,147,148,149,-1,147,149,150,-1,142,137,147,-1,147,137,151,-1,147,151,145,-1,79,152,153,-1,79,153,77,-1,77,153,154,-1,77,154,75,-1,154,155,75,-1,75,155,156,-1,75,156,73,-1,73,156,157,-1,73,157,71,-1,71,157,158,-1,71,158,69,-1,69,158,159,-1,69,159,67,-1,67,159,160,-1,67,160,88,-1,88,160,161,-1,88,161,86,-1,134,86,162,-1,162,86,161,-1,162,163,134,-1,134,163,164,-1,134,164,132,-1,132,164,165,-1,132,165,130,-1,130,165,166,-1,130,166,128,-1,128,166,167,-1,128,167,45,-1,45,167,43,-1,43,167,168,-1,43,168,169,-1,43,169,170,-1,43,170,41,-1,41,170,171,-1,41,171,6,-1,6,171,172,-1,6,172,48,-1,48,172,173,-1,48,173,12,-1,12,173,174,-1,12,174,5,-1,5,174,175,-1,5,175,102,-1,102,175,176,-1,102,176,103,-1,103,176,177,-1,103,177,105,-1,178,107,179,-1,179,107,105,-1,179,105,177,-1,180,92,178,-1,178,92,108,-1,178,108,107,-1,180,181,92,-1,92,181,182,-1,92,182,94,-1,94,182,183,-1,94,183,96,-1,96,183,184,-1,96,184,98,-1,98,184,185,-1,98,185,100,-1,100,185,186,-1,100,186,101,-1,101,186,187,-1,101,187,10,-1,10,187,188,-1,10,188,11,-1,11,188,189,-1,11,189,0,-1,189,190,0,-1,0,190,191,-1,0,191,1,-1,1,191,192,-1,1,192,125,-1,125,192,193,-1,125,193,123,-1,193,194,123,-1,123,194,195,-1,123,195,121,-1,121,195,196,-1,121,196,119,-1,197,38,40,-1,119,196,198,-1,199,115,198,-1,198,115,117,-1,198,117,119,-1,199,200,115,-1,115,200,201,-1,115,201,113,-1,113,201,202,-1,113,202,111,-1,111,202,203,-1,111,203,109,-1,109,203,204,-1,109,204,40,-1,40,204,205,-1,40,205,197,-1,15,38,206,-1,206,38,197,-1,18,15,207,-1,207,15,206,-1,19,18,208,-1,208,18,207,-1,20,19,209,-1,209,19,208,-1,20,209,210,-1,20,210,51,-1,51,210,211,-1,51,211,33,-1,33,211,212,-1,33,212,34,-1,34,212,213,-1,34,213,35,-1,35,213,214,-1,35,214,23,-1,23,214,215,-1,23,215,25,-1,25,215,216,-1,25,216,27,-1,27,216,217,-1,27,217,29,-1,29,217,218,-1,29,218,2,-1,2,218,219,-1,2,219,9,-1,9,219,220,-1,9,220,99,-1,99,220,221,-1,99,221,97,-1,97,221,222,-1,97,222,95,-1,95,222,223,-1,95,223,93,-1,93,223,91,-1,91,223,224,-1,224,225,91,-1,91,225,226,-1,91,226,106,-1,106,226,227,-1,106,227,104,-1,104,227,228,-1,104,228,3,-1,3,228,229,-1,3,229,4,-1,4,229,230,-1,4,230,46,-1,46,230,231,-1,46,231,47,-1,47,231,232,-1,47,232,49,-1,49,232,233,-1,49,233,50,-1,50,233,234,-1,50,234,7,-1,7,234,235,-1,7,235,8,-1,8,235,236,-1,8,236,42,-1,42,236,237,-1,42,237,44,-1,44,237,238,-1,44,238,129,-1,129,238,239,-1,129,239,131,-1,131,239,240,-1,131,240,133,-1,133,240,241,-1,133,241,135,-1,135,241,242,-1,135,242,136,-1,136,242,243,-1,136,243,87,-1,87,243,244,-1,87,244,89,-1,89,244,245,-1,89,245,90,-1,90,245,246,-1,90,246,65,-1,66,65,247,-1,247,65,246,-1,66,247,248,-1,66,248,68,-1,68,248,249,-1,68,249,70,-1,70,249,250,-1,70,250,72,-1,72,250,251,-1,72,251,74,-1,74,251,252,-1,74,252,76,-1,252,253,76,-1,76,253,254,-1,76,254,78,-1,78,254,255,-1,78,255,80,-1,80,255,256,-1,80,256,82,-1,82,256,257,-1,82,257,84,-1,84,257,258,-1,84,258,85,-1,85,258,259,-1,85,259,53,-1,53,259,260,-1,53,260,55,-1,55,260,261,-1,55,261,57,-1,57,261,262,-1,57,262,59,-1,61,59,263,-1,263,59,262,-1,61,263,264,-1,61,264,140,-1,140,264,265,-1,140,265,137,-1,137,265,266,-1,137,266,151,-1,151,266,267,-1,151,267,145,-1,145,267,268,-1,145,268,146,-1,146,268,269,-1,146,269,148,-1,148,269,270,-1,148,270,149,-1,149,270,271,-1,149,271,150,-1,150,271,272,-1,150,272,147,-1,147,272,273,-1,147,273,142,-1,142,273,274,-1,142,274,143,-1,143,274,275,-1,143,275,144,-1,144,275,276,-1,144,276,138,-1,138,276,277,-1,138,277,139,-1,139,277,278,-1,139,278,141,-1,141,278,279,-1,141,279,62,-1,62,279,280,-1,62,280,60,-1,58,60,281,-1,281,60,280,-1,58,281,282,-1,58,282,56,-1,56,282,283,-1,56,283,54,-1,54,283,284,-1,54,284,52,-1,52,284,285,-1,52,285,83,-1,83,285,286,-1,83,286,81,-1,81,286,152,-1,81,152,79,-1,21,287,288,-1,21,288,13,-1,13,288,289,-1,13,289,14,-1,14,289,290,-1,14,290,16,-1,16,290,291,-1,16,291,17,-1,17,291,292,-1,17,292,36,-1,36,292,293,-1,36,293,37,-1,37,293,294,-1,37,294,39,-1,39,294,295,-1,39,295,110,-1,110,295,296,-1,110,296,112,-1,112,296,297,-1,112,297,114,-1,114,297,298,-1,114,298,116,-1,116,298,299,-1,116,299,118,-1,118,299,300,-1,118,300,120,-1,120,300,301,-1,120,301,122,-1,122,301,302,-1,122,302,124,-1,124,302,303,-1,124,303,126,-1,126,303,304,-1,126,304,127,-1,127,304,305,-1,127,305,64,-1,64,305,306,-1,64,306,63,-1,63,306,307,-1,63,307,32,-1,32,307,308,-1,32,308,31,-1,31,308,309,-1,31,309,30,-1,30,309,310,-1,30,310,28,-1,28,310,311,-1,28,311,26,-1,26,311,312,-1,26,312,24,-1,24,312,313,-1,24,313,22,-1,22,313,287,-1,22,287,21,-1,
        ]
    }
}
Shape{
    appearance Appearance {
        material  Material 	{
            diffuseColor 0.20784313725490197 0.20784313725490197 0.20784313725490197
            specularColor 0.01568627450980392 0.01568627450980392 0.01568627450980392
            ambientIntensity 0.298
            transparency 0.0
            shininess 0.5
        }
    }
    geometry IndexedFaceSet {
        ccw TRUE
        solid FALSE
        coord DEF co Coordinate {
            point [
                0.2965 2.0079 0.7334, 0.3116 2.0079 0.7749, 0.314 2.0079 0.7724, 0.2893 2.0079 0.7342, 0.284 2.0079 0.7363, 0.2903 2.0079 0.7807, 0.2954 2.0079 0.7812, 0.3014 2.0079 0.7805, 0.3068 2.0079 0.7783, 0.3182 2.0079 0.7498, 0.3157 2.0079 0.7446, 0.3122 2.0079 0.7403, 0.2954 2.0079 0.7334, 0.3172 2.0079 0.7673, 0.319 2.0079 0.7615, 0.3193 2.0079 0.7555, 0.3075 2.0079 0.7367, 0.302 2.0079 0.7343, 0.2793 2.0079 0.7396, 0.276 2.0079 0.7434, 0.2731 2.0079 0.7487, 0.2717 2.0079 0.7546, 0.2717 2.0079 0.7602, 0.2731 2.0079 0.7659, 0.2757 2.0079 0.7709, 0.2797 2.0079 0.7753, 0.2846 2.0079 0.7786
            ]
        }
        coordIndex [
            0,1,2,-1,3,4,5,-1,6,7,0,-1,0,7,8,-1,0,8,1,-1,9,10,2,-1,2,10,11,-1,6,0,5,-1,5,0,12,-1,5,12,3,-1,13,14,2,-1,2,14,15,-1,2,15,9,-1,11,16,2,-1,2,16,17,-1,2,17,0,-1,4,18,5,-1,5,18,19,-1,5,19,20,-1,20,21,5,-1,5,21,22,-1,5,22,23,-1,23,24,5,-1,5,24,25,-1,5,25,26,-1,
        ]
    }
}
Shape{
    appearance Appearance {
        material  Material 	{
            diffuseColor 1.0 1.0 1.0
            specularColor 0.5019607843137255 0.5019607843137255 0.5019607843137255
            ambientIntensity 1.0
            transparency 0.0
            shininess 0.5
        }
    }
    geometry IndexedFaceSet {
        ccw TRUE
        solid FALSE
        coord DEF co Coordinate {
            point [
                -0.2794 2.0118 0.9399, -0.2886 2.0118 0.9455, -0.2768 2.0118 0.9425, -0.285 2.0118 0.9491, -0.2702 2.0118 0.9468, -0.2765 2.0118 0.955, -0.2626 2.0118 0.9495, -0.2662 2.0118 0.9589, -0.2519 2.0118 0.9506, -0.2523 2.0118 0.9605, -0.2389 2.0118 0.9506, -0.2277 2.0118 0.9605, -0.2389 2.0118 0.8841, -0.2277 2.0118 0.8742, -0.2514 2.0118 0.8841, -0.2515 2.0118 0.8742, -0.2624 2.0118 0.8853, -0.2659 2.0118 0.876, -0.2698 2.0118 0.8879, -0.2758 2.0118 0.8798, -0.2755 2.0118 0.8917, -0.2841 2.0118 0.8855, -0.2771 2.0118 0.8931, -0.285 2.0118 0.8863, -0.2816 2.0118 0.8988, -0.2913 2.0118 0.8938, -0.2845 2.0118 0.9052, -0.2956 2.0118 0.9027, -0.286 2.0118 0.9133, -0.2977 2.0118 0.9128, -0.2863 2.0118 0.9182, -0.298 2.0118 0.9185, -0.2851 2.0118 0.9286, -0.2968 2.0118 0.9294, -0.2827 2.0118 0.935, -0.2938 2.0118 0.9378, -0.285 2.0079 0.8863, -0.2913 2.0079 0.8938, -0.2956 2.0079 0.9027, -0.2977 2.0079 0.9128, -0.298 2.0079 0.9185, -0.2968 2.0079 0.9294, -0.2938 2.0079 0.9378, -0.2886 2.0079 0.9455, -0.285 2.0079 0.9491, -0.2765 2.0079 0.955, -0.2662 2.0079 0.9589, -0.2523 2.0079 0.9605, -0.2277 2.0079 0.9605, -0.2277 2.0079 0.8742, -0.2515 2.0079 0.8742, -0.2659 2.0079 0.876, -0.2758 2.0079 0.8798, -0.2841 2.0079 0.8855, -0.2768 2.0079 0.9425, -0.2794 2.0079 0.9399, -0.2827 2.0079 0.935, -0.2851 2.0079 0.9286, -0.2863 2.0079 0.9182, -0.2519 2.0079 0.9506, -0.2626 2.0079 0.9495, -0.2702 2.0079 0.9468, -0.2389 2.0079 0.9506, -0.2389 2.0079 0.8841, -0.2514 2.0079 0.8841, -0.2771 2.0079 0.8931, -0.2755 2.0079 0.8917, -0.2698 2.0079 0.8879, -0.2624 2.0079 0.8853, -0.286 2.0079 0.9133, -0.2845 2.0079 0.9052, -0.2816 2.0079 0.8988
            ]
        }
        coordIndex [
            0,1,2,-1,2,1,3,-1,2,3,4,-1,4,3,5,-1,4,5,6,-1,6,5,7,-1,6,7,8,-1,8,7,9,-1,8,9,10,-1,10,9,11,-1,10,11,12,-1,12,11,13,-1,12,13,14,-1,14,13,15,-1,14,15,16,-1,16,15,17,-1,16,17,18,-1,18,17,19,-1,18,19,20,-1,20,19,21,-1,20,21,22,-1,22,21,23,-1,22,23,24,-1,24,23,25,-1,24,25,26,-1,26,25,27,-1,26,27,28,-1,28,27,29,-1,28,29,30,-1,30,29,31,-1,30,31,32,-1,32,31,33,-1,32,33,34,-1,34,33,35,-1,34,35,0,-1,0,35,1,-1,23,36,37,-1,23,37,25,-1,25,37,38,-1,25,38,27,-1,27,38,39,-1,27,39,29,-1,29,39,40,-1,29,40,31,-1,31,40,41,-1,31,41,33,-1,33,41,42,-1,33,42,35,-1,35,42,43,-1,35,43,1,-1,1,43,44,-1,1,44,3,-1,3,44,45,-1,3,45,5,-1,5,45,46,-1,5,46,7,-1,7,46,47,-1,7,47,9,-1,11,9,48,-1,48,9,47,-1,13,11,49,-1,49,11,48,-1,15,13,50,-1,50,13,49,-1,15,50,51,-1,15,51,17,-1,17,51,52,-1,17,52,19,-1,19,52,53,-1,19,53,21,-1,21,53,36,-1,21,36,23,-1,2,54,55,-1,2,55,0,-1,0,55,56,-1,0,56,34,-1,34,56,57,-1,34,57,32,-1,32,57,58,-1,32,58,30,-1,8,59,60,-1,8,60,6,-1,6,60,61,-1,6,61,4,-1,4,61,54,-1,4,54,2,-1,8,10,59,-1,59,10,62,-1,10,12,62,-1,62,12,63,-1,12,14,63,-1,63,14,64,-1,22,65,66,-1,22,66,20,-1,20,66,67,-1,20,67,18,-1,18,67,68,-1,18,68,16,-1,16,68,64,-1,16,64,14,-1,30,58,69,-1,30,69,28,-1,28,69,70,-1,28,70,26,-1,26,70,71,-1,26,71,24,-1,24,71,65,-1,24,65,22,-1,
        ]
    }
}
Shape{
    appearance Appearance {
        material  Material 	{
            diffuseColor 0.20784313725490197 0.20784313725490197 0.20784313725490197
            specularColor 0.01568627450980392 0.01568627450980392 0.01568627450980392
            ambientIntensity 0.298
            transparency 0.0
            shininess 0.5
        }
    }
    geometry IndexedFaceSet {
        ccw TRUE
        solid FALSE
        coord DEF co Coordinate {
            point [
                -0.2389 2.0079 0.9506, -0.2389 2.0079 0.8841, -0.2519 2.0079 0.9506, -0.2514 2.0079 0.8841, -0.2624 2.0079 0.8853, -0.2698 2.0079 0.8879, -0.2755 2.0079 0.8917, -0.2771 2.0079 0.8931, -0.2816 2.0079 0.8988, -0.2845 2.0079 0.9052, -0.286 2.0079 0.9133, -0.2863 2.0079 0.9182, -0.2851 2.0079 0.9286, -0.2827 2.0079 0.935, -0.2794 2.0079 0.9399, -0.2768 2.0079 0.9425, -0.2626 2.0079 0.9495, -0.2702 2.0079 0.9468
            ]
        }
        coordIndex [
            0,1,2,-1,2,1,3,-1,2,3,4,-1,4,5,2,-1,2,5,6,-1,2,6,7,-1,7,8,2,-1,2,8,9,-1,2,9,10,-1,10,11,2,-1,2,11,12,-1,2,12,13,-1,13,14,2,-1,2,14,15,-1,2,15,16,-1,16,15,17,-1,
        ]
    }
}
Shape{
    appearance Appearance {
        material  Material 	{
            diffuseColor 1.0 1.0 1.0
            specularColor 0.5019607843137255 0.5019607843137255 0.5019607843137255
            ambientIntensity 1.0
            transparency 0.0
            shininess 0.5
        }
    }
    geometry IndexedFaceSet {
        ccw TRUE
        solid FALSE
        coord DEF co Coordinate {
            point [
                -0.1255 2.0118 0.8827, -0.1255 2.0079 0.8827, -0.1174 2.0079 0.8836, -0.1174 2.0118 0.8836, -0.1111 2.0079 0.8859, -0.1111 2.0118 0.8859, -0.1054 2.0079 0.8898, -0.1054 2.0118 0.8898, -0.1033 2.0079 0.8918, -0.1033 2.0118 0.8918, -0.0989 2.0079 0.898, -0.0989 2.0118 0.898, -0.0962 2.0079 0.905, -0.0962 2.0118 0.905, -0.0948 2.0079 0.9156, -0.0948 2.0118 0.9156, -0.0948 2.0079 0.9164, -0.0948 2.0118 0.9164, -0.096 2.0079 0.9274, -0.096 2.0118 0.9274, -0.0988 2.0079 0.935, -0.0988 2.0118 0.935, -0.1028 2.0079 0.9411, -0.1028 2.0118 0.9411, -0.1039 2.0079 0.9424, -0.1039 2.0118 0.9424, -0.1094 2.0079 0.947, -0.1094 2.0118 0.947, -0.1162 2.0079 0.9502, -0.1162 2.0118 0.9502, -0.1236 2.0079 0.9517, -0.1236 2.0118 0.9517, -0.1274 2.0079 0.9519, -0.1274 2.0118 0.9519, -0.1377 2.0079 0.9507, -0.1441 2.0079 0.9484, -0.1465 2.0118 0.9475, -0.1377 2.0118 0.9507, -0.1465 2.0079 0.9475, -0.1478 2.0079 0.9468, -0.1478 2.0118 0.9468, -0.1478 2.0118 0.9585, -0.1478 2.0079 0.9585, -0.1273 2.0079 0.962, -0.1273 2.0118 0.962, -0.1281 2.0118 0.962, -0.1441 2.0079 0.9595, -0.1393 2.0118 0.961, -0.1393 2.0079 0.961, -0.1362 2.0079 0.9613, -0.1281 2.0079 0.962, -0.1162 2.0118 0.9608, -0.1205 2.0079 0.9613, -0.1162 2.0079 0.9608, -0.1069 2.0079 0.9575, -0.1069 2.0118 0.9575, -0.0984 2.0079 0.9519, -0.0984 2.0118 0.9519, -0.0956 2.0079 0.9493, -0.0956 2.0118 0.9493, -0.0895 2.0079 0.9414, -0.087 2.0079 0.9356, -0.0854 2.0118 0.9319, -0.0895 2.0118 0.9414, -0.0854 2.0079 0.9319, -0.0833 2.0079 0.9207, -0.0833 2.0118 0.9207, -0.0832 2.0079 0.9158, -0.0832 2.0118 0.9158, -0.0844 2.0079 0.9038, -0.0844 2.0118 0.9038, -0.087 2.0079 0.8959, -0.0875 2.0118 0.8943, -0.0875 2.0079 0.8943, -0.0924 2.0079 0.8867, -0.0924 2.0118 0.8867, -0.0942 2.0079 0.8846, -0.0942 2.0118 0.8846, -0.1014 2.0079 0.8787, -0.1014 2.0118 0.8787, -0.1096 2.0079 0.8749, -0.1096 2.0118 0.8749, -0.119 2.0079 0.873, -0.119 2.0118 0.873, -0.1239 2.0079 0.8728, -0.1239 2.0118 0.8728, -0.137 2.0079 0.874, -0.1441 2.0079 0.8764, -0.1463 2.0118 0.8771, -0.137 2.0118 0.874, -0.1463 2.0079 0.8771, -0.1478 2.0079 0.8778, -0.1478 2.0118 0.8778, -0.1478 2.0118 0.8885, -0.1478 2.0079 0.8885, -0.1441 2.0079 0.8868, -0.1392 2.0118 0.8847, -0.1392 2.0079 0.8847, -0.1295 2.0079 0.8829, -0.1295 2.0118 0.8829, -0.435 2.0118 0.7707, -0.4314 2.0118 0.761, -0.4639 2.0118 0.7707, -0.4674 2.0118 0.761, -0.4479 2.0118 0.8066, -0.4437 2.0118 0.8236, -0.4108 2.0118 0.7374, -0.4231 2.0118 0.7374, -0.4486 2.0118 0.8091, -0.4493 2.0118 0.8126, -0.4556 2.0118 0.8236, -0.4495 2.0118 0.8126, -0.4502 2.0118 0.809, -0.4509 2.0118 0.8066, -0.4885 2.0118 0.7374, -0.4762 2.0118 0.7374, -0.4437 2.0079 0.8236, -0.4556 2.0079 0.8236, -0.4108 2.0079 0.7374, -0.4231 2.0079 0.7374, -0.4314 2.0079 0.761, -0.4674 2.0079 0.761, -0.4762 2.0079 0.7374, -0.4885 2.0079 0.7374, -0.4479 2.0079 0.8066, -0.4486 2.0079 0.8091, -0.4493 2.0079 0.8126, -0.435 2.0079 0.7707, -0.4639 2.0079 0.7707, -0.4509 2.0079 0.8066, -0.4495 2.0079 0.8126, -0.4502 2.0079 0.809
            ]
        }
        coordIndex [
            0,1,2,-1,0,2,3,-1,3,2,4,-1,3,4,5,-1,5,4,6,-1,5,6,7,-1,7,6,8,-1,7,8,9,-1,9,8,10,-1,9,10,11,-1,11,10,12,-1,11,12,13,-1,13,12,14,-1,13,14,15,-1,15,14,16,-1,15,16,17,-1,17,16,18,-1,17,18,19,-1,19,18,20,-1,19,20,21,-1,21,20,22,-1,21,22,23,-1,23,22,24,-1,23,24,25,-1,25,24,26,-1,25,26,27,-1,27,26,28,-1,27,28,29,-1,29,28,30,-1,29,30,31,-1,31,30,32,-1,31,32,33,-1,33,32,34,-1,35,36,34,-1,34,36,37,-1,34,37,33,-1,35,38,36,-1,36,38,39,-1,36,39,40,-1,41,40,42,-1,42,40,39,-1,43,44,45,-1,41,42,46,-1,41,46,47,-1,46,48,47,-1,47,48,49,-1,47,49,45,-1,45,49,50,-1,45,50,43,-1,44,43,51,-1,51,43,52,-1,52,53,51,-1,51,53,54,-1,51,54,55,-1,55,54,56,-1,55,56,57,-1,57,56,58,-1,57,58,59,-1,59,58,60,-1,61,62,60,-1,60,62,63,-1,60,63,59,-1,61,64,62,-1,62,64,65,-1,62,65,66,-1,66,65,67,-1,66,67,68,-1,68,67,69,-1,68,69,70,-1,70,69,71,-1,70,71,72,-1,71,73,72,-1,72,73,74,-1,72,74,75,-1,75,74,76,-1,75,76,77,-1,77,76,78,-1,77,78,79,-1,79,78,80,-1,79,80,81,-1,81,80,82,-1,81,82,83,-1,83,82,84,-1,83,84,85,-1,85,84,86,-1,87,88,86,-1,86,88,89,-1,86,89,85,-1,87,90,88,-1,88,90,91,-1,88,91,92,-1,93,92,94,-1,94,92,91,-1,93,94,95,-1,93,95,96,-1,95,97,96,-1,96,97,98,-1,96,98,99,-1,99,98,1,-1,99,1,0,-1,36,40,41,-1,11,13,70,-1,19,21,63,-1,70,13,68,-1,63,21,59,-1,36,41,37,-1,37,41,47,-1,37,47,33,-1,33,47,45,-1,33,45,31,-1,31,45,44,-1,31,44,29,-1,29,44,51,-1,29,51,27,-1,51,55,27,-1,27,55,57,-1,27,57,25,-1,25,57,59,-1,25,59,23,-1,23,59,21,-1,70,72,11,-1,11,72,75,-1,11,75,9,-1,9,75,77,-1,9,77,7,-1,7,77,79,-1,7,79,5,-1,5,79,81,-1,5,81,3,-1,3,81,83,-1,3,83,0,-1,0,83,85,-1,0,85,99,-1,99,85,89,-1,99,89,96,-1,96,89,88,-1,96,88,93,-1,93,88,92,-1,13,15,68,-1,68,15,17,-1,68,17,66,-1,66,17,19,-1,66,19,62,-1,62,19,63,-1,100,101,102,-1,102,101,103,-1,104,105,100,-1,100,105,106,-1,100,106,101,-1,101,106,107,-1,104,108,105,-1,105,108,109,-1,105,109,110,-1,110,109,111,-1,110,111,112,-1,112,113,110,-1,110,113,102,-1,110,102,114,-1,114,102,103,-1,114,103,115,-1,105,110,116,-1,116,110,117,-1,106,105,118,-1,118,105,116,-1,107,106,119,-1,119,106,118,-1,101,107,120,-1,120,107,119,-1,103,101,121,-1,121,101,120,-1,115,103,122,-1,122,103,121,-1,114,115,123,-1,123,115,122,-1,110,114,117,-1,117,114,123,-1,104,124,125,-1,104,125,108,-1,108,125,126,-1,108,126,109,-1,104,100,124,-1,124,100,127,-1,100,102,127,-1,127,102,128,-1,102,113,128,-1,128,113,129,-1,111,130,131,-1,111,131,112,-1,112,131,129,-1,112,129,113,-1,111,109,130,-1,130,109,126,-1,
        ]
    }
}
Shape{
    appearance Appearance {
        material  Material 	{
            diffuseColor 0.20784313725490197 0.20784313725490197 0.20784313725490197
            specularColor 0.01568627450980392 0.01568627450980392 0.01568627450980392
            ambientIntensity 0.298
            transparency 0.0
            shininess 0.5
        }
    }
    geometry IndexedFaceSet {
        ccw TRUE
        solid FALSE
        coord DEF co Coordinate {
            point [
                -0.4495 2.0079 0.8126, -0.4493 2.0079 0.8126, -0.4502 2.0079 0.809, -0.4486 2.0079 0.8091, -0.4509 2.0079 0.8066, -0.4479 2.0079 0.8066, -0.4639 2.0079 0.7707, -0.435 2.0079 0.7707
            ]
        }
        coordIndex [
            0,1,2,-1,2,1,3,-1,2,3,4,-1,4,3,5,-1,4,5,6,-1,6,5,7,-1,
        ]
    }
}
Shape{
    appearance Appearance {
        material  Material 	{
            diffuseColor 1.0 1.0 1.0
            specularColor 0.5019607843137255 0.5019607843137255 0.5019607843137255
            ambientIntensity 1.0
            transparency 0.0
            shininess 0.5
        }
    }
    geometry IndexedFaceSet {
        ccw TRUE
        solid FALSE
        coord DEF co Coordinate {
            point [
                -0.2842 2.0079 0.7472, -0.2842 2.0118 0.7472, -0.3004 2.0079 0.7472, -0.3195 2.0118 0.7472, -0.3195 2.0079 0.7472, -0.2842 2.0118 0.7762, -0.2842 2.0079 0.7762, -0.3151 2.0079 0.7762, -0.3151 2.0118 0.7762, -0.3004 2.0079 0.7762, -0.3151 2.0118 0.7861, -0.3151 2.0079 0.7861, -0.2842 2.0079 0.7861, -0.2842 2.0118 0.7861, -0.3004 2.0079 0.7861, -0.2842 2.0118 0.8137, -0.2842 2.0079 0.8137, -0.3175 2.0079 0.8137, -0.3175 2.0118 0.8137, -0.3004 2.0079 0.8137, -0.3175 2.0118 0.8236, -0.3175 2.0079 0.8236, -0.2731 2.0079 0.8236, -0.2731 2.0118 0.8236, -0.3004 2.0079 0.8236, -0.2731 2.0118 0.7374, -0.2731 2.0079 0.7374, -0.3195 2.0079 0.7374, -0.3195 2.0118 0.7374, -0.3004 2.0079 0.7374, -0.0453 2.0118 0.7472, -0.0805 2.0118 0.7472, -0.0453 2.0079 0.7472, -0.0805 2.0079 0.7472, -0.0453 2.0118 0.7762, -0.0453 2.0079 0.7762, -0.0761 2.0118 0.7762, -0.0761 2.0079 0.7762, -0.0761 2.0118 0.7861, -0.0761 2.0079 0.7861, -0.0453 2.0118 0.7861, -0.0453 2.0079 0.7861, -0.0453 2.0118 0.8137, -0.0453 2.0079 0.8137, -0.0786 2.0118 0.8137, -0.0786 2.0079 0.8137, -0.0786 2.0118 0.8236, -0.0786 2.0079 0.8236, -0.0341 2.0118 0.8236, -0.0341 2.0079 0.8236, -0.0341 2.0118 0.7374, -0.0341 2.0079 0.7374, -0.0805 2.0118 0.7374, -0.0805 2.0079 0.7374, -0.3269 2.0118 0.9076, -0.3234 2.0118 0.8978, -0.3559 2.0118 0.9076, -0.3593 2.0118 0.8978, -0.3398 2.0118 0.9435, -0.3356 2.0118 0.9605, -0.3028 2.0118 0.8742, -0.3151 2.0118 0.8742, -0.3405 2.0118 0.946, -0.3412 2.0118 0.9495, -0.3475 2.0118 0.9605, -0.3415 2.0118 0.9495, -0.3422 2.0118 0.9458, -0.3428 2.0118 0.9435, -0.3804 2.0118 0.8742, -0.3681 2.0118 0.8742, -0.3356 2.0079 0.9605, -0.3475 2.0079 0.9605, -0.3028 2.0079 0.8742, -0.3276 2.0079 0.9395, -0.3151 2.0079 0.8742, -0.3234 2.0079 0.8978, -0.3593 2.0079 0.8978, -0.3276 2.0079 0.8978, -0.3681 2.0079 0.8742, -0.3804 2.0079 0.8742, -0.3398 2.0079 0.9435, -0.3405 2.0079 0.946, -0.3412 2.0079 0.9495, -0.3269 2.0079 0.9076, -0.3559 2.0079 0.9076, -0.3428 2.0079 0.9435, -0.3415 2.0079 0.9495, -0.3422 2.0079 0.9458
            ]
        }
        coordIndex [
            0,1,2,-1,2,1,3,-1,2,3,4,-1,5,1,6,-1,6,1,0,-1,7,8,9,-1,9,8,5,-1,9,5,6,-1,10,8,11,-1,11,8,7,-1,12,13,14,-1,14,13,10,-1,14,10,11,-1,15,13,16,-1,16,13,12,-1,17,18,19,-1,19,18,15,-1,19,15,16,-1,20,18,21,-1,21,18,17,-1,22,23,24,-1,24,23,20,-1,24,20,21,-1,25,23,26,-1,26,23,22,-1,27,28,29,-1,29,28,25,-1,29,25,26,-1,3,28,4,-1,4,28,27,-1,25,28,3,-1,3,1,25,-1,25,1,5,-1,25,5,23,-1,18,20,15,-1,15,20,23,-1,15,23,13,-1,13,23,5,-1,13,5,10,-1,10,5,8,-1,30,31,32,-1,32,31,33,-1,34,30,35,-1,35,30,32,-1,36,34,37,-1,37,34,35,-1,38,36,39,-1,39,36,37,-1,40,38,41,-1,41,38,39,-1,42,40,43,-1,43,40,41,-1,44,42,45,-1,45,42,43,-1,46,44,47,-1,47,44,45,-1,48,46,49,-1,49,46,47,-1,50,48,51,-1,51,48,49,-1,52,50,53,-1,53,50,51,-1,31,52,33,-1,33,52,53,-1,50,52,31,-1,31,30,50,-1,50,30,34,-1,50,34,48,-1,44,46,42,-1,42,46,48,-1,42,48,40,-1,40,48,34,-1,40,34,38,-1,38,34,36,-1,54,55,56,-1,56,55,57,-1,58,59,54,-1,54,59,60,-1,54,60,55,-1,55,60,61,-1,58,62,59,-1,59,62,63,-1,59,63,64,-1,64,63,65,-1,64,65,66,-1,66,67,64,-1,64,67,56,-1,64,56,68,-1,68,56,57,-1,68,57,69,-1,59,64,70,-1,70,64,71,-1,72,60,73,-1,73,60,59,-1,73,59,70,-1,61,60,74,-1,74,60,72,-1,55,61,75,-1,75,61,74,-1,76,57,77,-1,77,57,55,-1,77,55,75,-1,69,57,78,-1,78,57,76,-1,68,69,79,-1,79,69,78,-1,64,68,71,-1,71,68,79,-1,58,80,81,-1,58,81,62,-1,62,81,82,-1,62,82,63,-1,58,54,80,-1,80,54,83,-1,54,56,83,-1,83,56,84,-1,56,67,84,-1,84,67,85,-1,65,86,87,-1,65,87,66,-1,66,87,85,-1,66,85,67,-1,65,63,86,-1,86,63,82,-1,
        ]
    }
}
Shape{
    appearance Appearance {
        material  Material 	{
            diffuseColor 0.20784313725490197 0.20784313725490197 0.20784313725490197
            specularColor 0.01568627450980392 0.01568627450980392 0.01568627450980392
            ambientIntensity 0.298
            transparency 0.0
            shininess 0.5
        }
    }
    geometry IndexedFaceSet {
        ccw TRUE
        solid FALSE
        coord DEF co Coordinate {
            point [
                -0.3415 2.0079 0.9495, -0.3412 2.0079 0.9495, -0.3422 2.0079 0.9458, -0.3405 2.0079 0.946, -0.3428 2.0079 0.9435, -0.3398 2.0079 0.9435, -0.3559 2.0079 0.9076, -0.3269 2.0079 0.9076
            ]
        }
        coordIndex [
            0,1,2,-1,2,1,3,-1,2,3,4,-1,4,3,5,-1,4,5,6,-1,6,5,7,-1,
        ]
    }
}
Shape{
    appearance Appearance {
        material  Material 	{
            diffuseColor 1.0 1.0 1.0
            specularColor 0.5019607843137255 0.5019607843137255 0.5019607843137255
            ambientIntensity 1.0
            transparency 0.0
            shininess 0.5
        }
    }
    geometry IndexedFaceSet {
        ccw TRUE
        solid FALSE
        coord DEF co Coordinate {
            point [
                -0.1762 2.0079 0.8841, -0.1762 2.0118 0.8841, -0.1995 2.0079 0.8841, -0.2114 2.0118 0.8841, -0.2114 2.0079 0.8841, -0.1762 2.0118 0.9131, -0.1762 2.0079 0.9131, -0.207 2.0118 0.9131, -0.1995 2.0079 0.9131, -0.207 2.0079 0.9131, -0.207 2.0118 0.923, -0.207 2.0079 0.923, -0.1762 2.0079 0.923, -0.1762 2.0118 0.923, -0.1995 2.0079 0.923, -0.1762 2.0118 0.9506, -0.1762 2.0079 0.9506, -0.2095 2.0118 0.9506, -0.1995 2.0079 0.9506, -0.2095 2.0079 0.9506, -0.2095 2.0118 0.9605, -0.2095 2.0079 0.9605, -0.165 2.0079 0.9605, -0.165 2.0118 0.9605, -0.1995 2.0079 0.9605, -0.165 2.0118 0.8742, -0.165 2.0079 0.8742, -0.2114 2.0118 0.8742, -0.1995 2.0079 0.8742, -0.2114 2.0079 0.8742, -0.0453 2.0118 0.8841, -0.0796 2.0118 0.8841, -0.0453 2.0079 0.8841, -0.0796 2.0079 0.8841, -0.0453 2.0118 0.9605, -0.0453 2.0079 0.9605, -0.0341 2.0118 0.9605, -0.0341 2.0079 0.9605, -0.0341 2.0118 0.8742, -0.0341 2.0079 0.8742, -0.0796 2.0118 0.8742, -0.0796 2.0079 0.8742
            ]
        }
        coordIndex [
            0,1,2,-1,2,1,3,-1,2,3,4,-1,5,1,6,-1,6,1,0,-1,5,6,7,-1,7,6,8,-1,7,8,9,-1,10,7,11,-1,11,7,9,-1,12,13,14,-1,14,13,10,-1,14,10,11,-1,15,13,16,-1,16,13,12,-1,15,16,17,-1,17,16,18,-1,17,18,19,-1,20,17,21,-1,21,17,19,-1,22,23,24,-1,24,23,20,-1,24,20,21,-1,25,23,26,-1,26,23,22,-1,25,26,27,-1,27,26,28,-1,27,28,29,-1,3,27,4,-1,4,27,29,-1,25,27,3,-1,3,1,25,-1,25,1,5,-1,25,5,23,-1,17,20,15,-1,15,20,23,-1,15,23,13,-1,13,23,5,-1,13,5,10,-1,10,5,7,-1,30,31,32,-1,32,31,33,-1,34,30,35,-1,35,30,32,-1,36,34,37,-1,37,34,35,-1,38,36,39,-1,39,36,37,-1,40,38,41,-1,41,38,39,-1,31,40,33,-1,33,40,41,-1,34,36,30,-1,30,36,38,-1,30,38,31,-1,31,38,40,-1,
        ]
    }
}
Shape{
    appearance Appearance {
        material  Material 	{
            diffuseColor 0.20784313725490197 0.20784313725490197 0.20784313725490197
            specularColor 0.01568627450980392 0.01568627450980392 0.01568627450980392
            ambientIntensity 0.298
            transparency 0.0
            shininess 0.5
        }
    }
    geometry IndexedFaceSet {
        ccw TRUE
        solid FALSE
        coord DEF co Coordinate {
            point [
                0.0006 0.2756 0.6887, 0.0006 0.2756 0.7478, 0.072 0.2662 0.7478, 0.072 0.2662 0.6887, 0.1384 0.2387 0.7478, 0.1384 0.2387 0.6887, 0.1955 0.1949 0.7478, 0.1955 0.1949 0.6887, 0.2393 0.1378 0.7478, 0.2393 0.1378 0.6887, 0.2668 0.0713 0.7478, 0.2668 0.0713 0.6887, 0.2762 -0.0 0.7478, 0.2762 -0.0 0.6887, 0.2668 -0.0713 0.7478, 0.2668 -0.0713 0.6887, 0.2393 -0.1378 0.7478, 0.2393 -0.1378 0.6887, 0.1955 -0.1949 0.7478, 0.1955 -0.1949 0.6887, 0.1384 -0.2387 0.7478, 0.1384 -0.2387 0.6887, 0.072 -0.2662 0.7478, 0.072 -0.2662 0.6887, 0.0006 -0.2756 0.7478, 0.0006 -0.2756 0.6887, 0.072 0.2571 0.6198, 0.1384 0.2305 0.6269, 0.1955 0.1882 0.6383, 0.2393 0.1331 0.653, 0.2668 -0.0689 0.6702, 0.2668 -0.0618 0.653, 0.2668 -0.0357 0.6269, 0.2668 -0.0185 0.6198, 0.2668 -0.0504 0.6383, 0.2668 0.0185 0.6198, 0.2668 0.0357 0.6269, 0.2668 -0.0 0.6174, 0.2668 0.0618 0.653, 0.2668 0.0689 0.6702, 0.2668 0.0504 0.6383, 0.2393 0.1193 0.6198, 0.2393 0.0974 0.5913, 0.2393 0.0689 0.5694, 0.2393 0.0357 0.5556, 0.2393 -0.0 0.5509, 0.2393 -0.0357 0.5556, 0.2393 -0.0689 0.5694, 0.2393 -0.0974 0.5913, 0.2393 -0.1193 0.6198, 0.2393 -0.1331 0.653, 0.1955 0.1688 0.5913, 0.1955 0.1378 0.5509, 0.1955 0.0974 0.5199, 0.1955 0.0504 0.5005, 0.1955 -0.0 0.4938, 0.1955 -0.0504 0.5005, 0.1955 -0.0974 0.5199, 0.1955 -0.1378 0.5509, 0.1955 -0.1688 0.5913, 0.1955 -0.1882 0.6383, 0.1384 0.2067 0.5694, 0.1384 0.1688 0.5199, 0.1384 0.1193 0.482, 0.1384 0.0618 0.4582, 0.1384 -0.0 0.45, 0.1384 -0.0618 0.4582, 0.1384 -0.1193 0.482, 0.1384 -0.1688 0.5199, 0.1384 -0.2067 0.5694, 0.1384 -0.2305 0.6269, 0.072 0.2305 0.5556, 0.072 0.1882 0.5005, 0.072 0.1331 0.4582, 0.072 0.0689 0.4316, 0.072 -0.0 0.4225, 0.072 -0.0689 0.4316, 0.072 -0.1331 0.4582, 0.072 -0.1882 0.5005, 0.072 -0.2305 0.5556, 0.072 -0.2571 0.6198, 0.0006 0.2662 0.6174, 0.0006 0.2387 0.5509, 0.0006 0.1949 0.4938, 0.0006 0.1378 0.45, 0.0006 0.0713 0.4225, 0.0006 -0.0 0.4131, 0.0006 -0.0713 0.4225, 0.0006 -0.1378 0.45, 0.0006 -0.1949 0.4938, 0.0006 -0.2387 0.5509, 0.0006 -0.2662 0.6174, 0.0 0.2756 0.6887, 0.0 0.2662 0.6174, 0.0 0.2387 0.5509, 0.0 0.1949 0.4938, 0.0 0.1378 0.45, 0.0 0.0713 0.4225, 0.0 -0.0 0.4131, 0.0 -0.0713 0.4225, 0.0 -0.1378 0.45, 0.0 -0.1949 0.4938, 0.0 -0.2387 0.5509, 0.0 -0.2662 0.6174, 0.0 -0.2756 0.6887, 0.0 0.2756 0.7478, -0.0006 -0.2756 0.7478, 0.0 -0.2953 0.7478, -0.072 -0.2662 0.7478, -0.0764 -0.2852 0.7478, -0.1384 -0.2387 0.7478, -0.1476 -0.2557 0.7478, -0.1955 -0.1949 0.7478, -0.2088 -0.2088 0.7478, -0.2393 -0.1378 0.7478, -0.2557 -0.1476 0.7478, -0.2668 -0.0713 0.7478, -0.2852 -0.0764 0.7478, -0.2762 -0.0 0.7478, -0.2953 -0.0 0.7478, -0.2668 0.0713 0.7478, -0.2852 0.0764 0.7478, -0.2393 0.1378 0.7478, -0.2557 0.1476 0.7478, -0.1955 0.1949 0.7478, -0.2088 0.2088 0.7478, -0.1384 0.2387 0.7478, -0.1476 0.2557 0.7478, -0.072 0.2662 0.7478, -0.0764 0.2852 0.7478, -0.0006 0.2756 0.7478, 0.0 0.2953 0.7478, 0.0 -0.2756 0.7478, 0.0764 -0.2852 0.7478, 0.1476 -0.2557 0.7478, 0.2088 -0.2088 0.7478, 0.2557 -0.1476 0.7478, 0.2852 -0.0764 0.7478, 0.2953 -0.0 0.7478, 0.2852 0.0764 0.7478, 0.2557 0.1476 0.7478, 0.2088 0.2088 0.7478, 0.1476 0.2557 0.7478, 0.0764 0.2852 0.7478, 0.2953 -0.0 0.2753, 0.2852 0.0764 0.2753, 0.2557 0.1476 0.2753, 0.2088 0.2088 0.2753, 0.1476 0.2557 0.2753, 0.0764 0.2852 0.2753, 0.0 0.2953 0.2753, -0.0764 0.2852 0.2753, -0.1476 0.2557 0.2753, -0.2088 0.2088 0.2753, -0.2557 0.1476 0.2753, -0.2852 0.0764 0.2753, -0.2953 -0.0 0.2753, 0.0408 0.1521 0.2753, 0.0 0.1575 0.2753, -0.0408 0.1521 0.2753, -0.0787 0.1364 0.2753, -0.1114 0.1114 0.2753, -0.1364 0.0787 0.2753, -0.1521 0.0408 0.2753, -0.1575 -0.0 0.2753, -0.1521 -0.0408 0.2753, -0.2852 -0.0764 0.2753, -0.1364 -0.0787 0.2753, -0.2557 -0.1476 0.2753, -0.1114 -0.1114 0.2753, -0.2088 -0.2088 0.2753, -0.0787 -0.1364 0.2753, -0.1476 -0.2557 0.2753, -0.0408 -0.1521 0.2753, -0.0764 -0.2852 0.2753, 0.0 -0.1575 0.2753, 0.0 -0.2953 0.2753, 0.0408 -0.1521 0.2753, 0.0764 -0.2852 0.2753, 0.0787 -0.1364 0.2753, 0.1476 -0.2557 0.2753, 0.1114 -0.1114 0.2753, 0.2088 -0.2088 0.2753, 0.1364 -0.0787 0.2753, 0.2557 -0.1476 0.2753, 0.1521 -0.0408 0.2753, 0.2852 -0.0764 0.2753, 0.1575 -0.0 0.2753, 0.1521 0.0408 0.2753, 0.1364 0.0787 0.2753, 0.1114 0.1114 0.2753, 0.0787 0.1364 0.2753, 0.1575 -0.0 0.3147, 0.1521 0.0408 0.3147, 0.1364 0.0787 0.3147, 0.1114 0.1114 0.3147, 0.0787 0.1364 0.3147, 0.0408 0.1521 0.3147, 0.0 0.1575 0.3147, -0.0408 0.1521 0.3147, -0.0787 0.1364 0.3147, -0.1114 0.1114 0.3147, -0.1364 0.0787 0.3147, -0.1521 0.0408 0.3147, -0.1575 -0.0 0.3147, 0.1521 -0.0408 0.3147, 0.1114 -0.1114 0.3147, 0.1364 -0.0787 0.3147, -0.0787 -0.1364 0.3147, -0.1114 -0.1114 0.3147, -0.1521 -0.0408 0.3147, -0.1364 -0.0787 0.3147, -0.0408 -0.1521 0.3147, 0.0 -0.1575 0.3147, 0.0408 -0.1521 0.3147, 0.0787 -0.1364 0.3147, -0.0006 -0.2756 0.6887, -0.072 -0.2662 0.6887, -0.1384 -0.2387 0.6887, -0.1955 -0.1949 0.6887, -0.2393 -0.1378 0.6887, -0.2668 -0.0713 0.6887, -0.2762 -0.0 0.6887, -0.2668 0.0713 0.6887, -0.2393 0.1378 0.6887, -0.1955 0.1949 0.6887, -0.1384 0.2387 0.6887, -0.072 0.2662 0.6887, -0.0006 0.2756 0.6887, -0.072 -0.2571 0.6198, -0.1384 -0.2305 0.6269, -0.1955 -0.1882 0.6383, -0.2393 -0.1331 0.653, -0.2668 0.0689 0.6702, -0.2668 0.0618 0.653, -0.2668 0.0357 0.6269, -0.2668 0.0185 0.6198, -0.2668 0.0504 0.6383, -0.2668 -0.0185 0.6198, -0.2668 -0.0357 0.6269, -0.2668 -0.0 0.6174, -0.2668 -0.0618 0.653, -0.2668 -0.0689 0.6702, -0.2668 -0.0504 0.6383, -0.2393 -0.1193 0.6198, -0.2393 -0.0974 0.5913, -0.2393 -0.0689 0.5694, -0.2393 -0.0357 0.5556, -0.2393 -0.0 0.5509, -0.2393 0.0357 0.5556, -0.2393 0.0689 0.5694, -0.2393 0.0974 0.5913, -0.2393 0.1193 0.6198, -0.2393 0.1331 0.653, -0.1955 -0.1688 0.5913, -0.1955 -0.1378 0.5509, -0.1955 -0.0974 0.5199, -0.1955 -0.0504 0.5005, -0.1955 -0.0 0.4938, -0.1955 0.0504 0.5005, -0.1955 0.0974 0.5199, -0.1955 0.1378 0.5509, -0.1955 0.1688 0.5913, -0.1955 0.1882 0.6383, -0.1384 -0.2067 0.5694, -0.1384 -0.1688 0.5199, -0.1384 -0.1193 0.482, -0.1384 -0.0618 0.4582, -0.1384 -0.0 0.45, -0.1384 0.0618 0.4582, -0.1384 0.1193 0.482, -0.1384 0.1688 0.5199, -0.1384 0.2067 0.5694, -0.1384 0.2305 0.6269, -0.072 -0.2305 0.5556, -0.072 -0.1882 0.5005, -0.072 -0.1331 0.4582, -0.072 -0.0689 0.4316, -0.072 -0.0 0.4225, -0.072 0.0689 0.4316, -0.072 0.1331 0.4582, -0.072 0.1882 0.5005, -0.072 0.2305 0.5556, -0.072 0.2571 0.6198, -0.0006 -0.2662 0.6174, -0.0006 -0.2387 0.5509, -0.0006 -0.1949 0.4938, -0.0006 -0.1378 0.45, -0.0006 -0.0713 0.4225, -0.0006 -0.0 0.4131, -0.0006 0.0713 0.4225, -0.0006 0.1378 0.45, -0.0006 0.1949 0.4938, -0.0006 0.2387 0.5509, -0.0006 0.2662 0.6174, 1.4147 -1.4147 1.2202, 1.4078 -1.4078 1.2202, 1.4616 -1.3788 1.2202, 1.4567 -1.3702 1.2202, 1.5162 -1.3561 1.2202, 1.5137 -1.3466 1.2202, 1.5748 -1.3484 1.2202, 1.5748 -1.3386 1.2202, 1.6334 -1.3561 1.2202, 1.6359 -1.3466 1.2202, 1.688 -1.3788 1.2202, 1.6929 -1.3702 1.2202, 1.7349 -1.4147 1.2202, 1.7418 -1.4078 1.2202, 1.7709 -1.4616 1.2202, 1.7794 -1.4567 1.2202, 1.7935 -1.5162 1.2202, 1.803 -1.5137 1.2202, 1.8012 -1.5748 1.2202, 1.811 -1.5748 1.2202, 1.7935 -1.6334 1.2202, 1.803 -1.6359 1.2202, 1.7709 -1.688 1.2202, 1.7794 -1.6929 1.2202, 1.7349 -1.7349 1.2202, 1.7418 -1.7418 1.2202, 1.688 -1.7709 1.2202, 1.6929 -1.7794 1.2202, 1.6334 -1.7935 1.2202, 1.6359 -1.803 1.2202, 1.5748 -1.8012 1.2202, 1.5748 -1.811 1.2202, 1.5162 -1.7935 1.2202, 1.5137 -1.803 1.2202, 1.4616 -1.7709 1.2202, 1.4567 -1.7794 1.2202, 1.4147 -1.7349 1.2202, 1.4078 -1.7418 1.2202, 1.3788 -1.688 1.2202, 1.3702 -1.6929 1.2202, 1.3561 -1.6334 1.2202, 1.3466 -1.6359 1.2202, 1.3484 -1.5748 1.2202, 1.3386 -1.5748 1.2202, 1.3561 -1.5162 1.2202, 1.3466 -1.5137 1.2202, 1.3788 -1.4616 1.2202, 1.3702 -1.4567 1.2202, 1.3484 -1.5748 1.1218, 1.3561 -1.5162 1.1218, 1.3788 -1.4616 1.1218, 1.4147 -1.4147 1.1218, 1.4616 -1.3788 1.1218, 1.5162 -1.3561 1.1218, 1.5748 -1.3484 1.1218, 1.6334 -1.3561 1.1218, 1.688 -1.3788 1.1218, 1.7349 -1.4147 1.1218, 1.7709 -1.4616 1.1218, 1.7935 -1.5162 1.1218, 1.8012 -1.5748 1.1218, 1.4078 -1.4078 1.1218, 1.3702 -1.4567 1.1218, 1.3466 -1.5137 1.1218, 1.3386 -1.5748 1.1218, 1.3561 -1.6334 1.1218, 1.3466 -1.6359 1.1218, 1.3788 -1.688 1.1218, 1.3702 -1.6929 1.1218, 1.4147 -1.7349 1.1218, 1.4078 -1.7418 1.1218, 1.4616 -1.7709 1.1218, 1.4567 -1.7794 1.1218, 1.5162 -1.7935 1.1218, 1.5137 -1.803 1.1218, 1.5748 -1.8012 1.1218, 1.5748 -1.811 1.1218, 1.6334 -1.7935 1.1218, 1.6359 -1.803 1.1218, 1.688 -1.7709 1.1218, 1.6929 -1.7794 1.1218, 1.7349 -1.7349 1.1218, 1.7418 -1.7418 1.1218, 1.7709 -1.688 1.1218, 1.7794 -1.6929 1.1218, 1.7935 -1.6334 1.1218, 1.803 -1.6359 1.1218, 1.811 -1.5748 1.1218, 1.803 -1.5137 1.1218, 1.7794 -1.4567 1.1218, 1.7418 -1.4078 1.1218, 1.6929 -1.3702 1.1218, 1.6359 -1.3466 1.1218, 1.5748 -1.3386 1.1218, 1.5137 -1.3466 1.1218, 1.4567 -1.3702 1.1218, 1.3386 1.5748 1.2202, 1.3386 1.5748 1.1218, 1.3466 1.6359 1.2202, 1.3466 1.6359 1.1218, 1.3702 1.6929 1.2202, 1.3702 1.6929 1.1218, 1.4078 1.7418 1.2202, 1.4078 1.7418 1.1218, 1.4567 1.7794 1.2202, 1.4567 1.7794 1.1218, 1.5137 1.803 1.2202, 1.5137 1.803 1.1218, 1.5748 1.811 1.2202, 1.5748 1.811 1.1218, 1.6359 1.803 1.2202, 1.6359 1.803 1.1218, 1.6929 1.7794 1.2202, 1.6929 1.7794 1.1218, 1.7418 1.7418 1.2202, 1.7418 1.7418 1.1218, 1.7794 1.6929 1.2202, 1.7794 1.6929 1.1218, 1.803 1.6359 1.2202, 1.803 1.6359 1.1218, 1.811 1.5748 1.2202, 1.811 1.5748 1.1218, 1.803 1.5137 1.2202, 1.803 1.5137 1.1218, 1.7794 1.4567 1.2202, 1.7794 1.4567 1.1218, 1.7418 1.4078 1.2202, 1.7418 1.4078 1.1218, 1.6929 1.3702 1.2202, 1.6929 1.3702 1.1218, 1.6359 1.3466 1.2202, 1.6359 1.3466 1.1218, 1.5748 1.3386 1.2202, 1.5748 1.3386 1.1218, 1.5137 1.3466 1.2202, 1.5137 1.3466 1.1218, 1.4567 1.3702 1.2202, 1.4567 1.3702 1.1218, 1.4078 1.4078 1.2202, 1.4078 1.4078 1.1218, 1.3702 1.4567 1.2202, 1.3702 1.4567 1.1218, 1.3466 1.5137 1.2202, 1.3466 1.5137 1.1218, 1.8012 1.5748 1.1218, 1.8012 1.5748 1.2202, 1.7935 1.5162 1.2202, 1.7935 1.5162 1.1218, 1.7709 1.4616 1.2202, 1.7709 1.4616 1.1218, 1.7349 1.4147 1.2202, 1.7349 1.4147 1.1218, 1.688 1.3788 1.2202, 1.688 1.3788 1.1218, 1.6334 1.3561 1.2202, 1.6334 1.3561 1.1218, 1.5748 1.3484 1.2202, 1.5748 1.3484 1.1218, 1.5162 1.3561 1.2202, 1.5162 1.3561 1.1218, 1.4616 1.3788 1.2202, 1.4616 1.3788 1.1218, 1.4147 1.4147 1.2202, 1.4147 1.4147 1.1218, 1.3788 1.4616 1.2202, 1.3788 1.4616 1.1218, 1.3561 1.5162 1.2202, 1.3561 1.5162 1.1218, 1.3484 1.5748 1.2202, 1.3484 1.5748 1.1218, 1.3561 1.6334 1.2202, 1.3788 1.688 1.2202, 1.4147 1.7349 1.2202, 1.4616 1.7709 1.2202, 1.5162 1.7935 1.2202, 1.5748 1.8012 1.2202, 1.6334 1.7935 1.2202, 1.688 1.7709 1.2202, 1.7349 1.7349 1.2202, 1.7709 1.688 1.2202, 1.7935 1.6334 1.2202, 1.3561 1.6334 1.1218, 1.3788 1.688 1.1218, 1.4147 1.7349 1.1218, 1.4616 1.7709 1.1218, 1.5162 1.7935 1.1218, 1.5748 1.8012 1.1218, 1.6334 1.7935 1.1218, 1.688 1.7709 1.1218, 1.7349 1.7349 1.1218, 1.7709 1.688 1.1218, 1.7935 1.6334 1.1218, -1.5162 -1.7935 1.2202, -1.5137 -1.803 1.2202, -1.5748 -1.8012 1.2202, -1.5748 -1.811 1.2202, -1.6334 -1.7935 1.2202, -1.6359 -1.803 1.2202, -1.688 -1.7709 1.2202, -1.6929 -1.7794 1.2202, -1.7349 -1.7349 1.2202, -1.7418 -1.7418 1.2202, -1.7709 -1.688 1.2202, -1.7794 -1.6929 1.2202, -1.7935 -1.6334 1.2202, -1.803 -1.6359 1.2202, -1.8012 -1.5748 1.2202, -1.811 -1.5748 1.2202, -1.7935 -1.5162 1.2202, -1.803 -1.5137 1.2202, -1.7709 -1.4616 1.2202, -1.7794 -1.4567 1.2202, -1.7349 -1.4147 1.2202, -1.7418 -1.4078 1.2202, -1.688 -1.3788 1.2202, -1.6929 -1.3702 1.2202, -1.6334 -1.3561 1.2202, -1.6359 -1.3466 1.2202, -1.5748 -1.3484 1.2202, -1.5748 -1.3386 1.2202, -1.5162 -1.3561 1.2202, -1.5137 -1.3466 1.2202, -1.4616 -1.3788 1.2202, -1.4567 -1.3702 1.2202, -1.4147 -1.4147 1.2202, -1.4078 -1.4078 1.2202, -1.3788 -1.4616 1.2202, -1.3702 -1.4567 1.2202, -1.3561 -1.5162 1.2202, -1.3466 -1.5137 1.2202, -1.3484 -1.5748 1.2202, -1.3386 -1.5748 1.2202, -1.3561 -1.6334 1.2202, -1.3466 -1.6359 1.2202, -1.3788 -1.688 1.2202, -1.3702 -1.6929 1.2202, -1.4147 -1.7349 1.2202, -1.4078 -1.7418 1.2202, -1.4616 -1.7709 1.2202, -1.4567 -1.7794 1.2202, -1.8012 -1.5748 1.1218, -1.7935 -1.5162 1.1218, -1.7709 -1.4616 1.1218, -1.7349 -1.4147 1.1218, -1.688 -1.3788 1.1218, -1.6334 -1.3561 1.1218, -1.5748 -1.3484 1.1218, -1.5162 -1.3561 1.1218, -1.4616 -1.3788 1.1218, -1.4147 -1.4147 1.1218, -1.3788 -1.4616 1.1218, -1.3561 -1.5162 1.1218, -1.3484 -1.5748 1.1218, -1.688 -1.7709 1.1218, -1.6929 -1.7794 1.1218, -1.6334 -1.7935 1.1218, -1.6359 -1.803 1.1218, -1.5748 -1.8012 1.1218, -1.5748 -1.811 1.1218, -1.5162 -1.7935 1.1218, -1.5137 -1.803 1.1218, -1.4616 -1.7709 1.1218, -1.4567 -1.7794 1.1218, -1.4147 -1.7349 1.1218, -1.4078 -1.7418 1.1218, -1.3788 -1.688 1.1218, -1.3702 -1.6929 1.1218, -1.3561 -1.6334 1.1218, -1.3466 -1.6359 1.1218, -1.3386 -1.5748 1.1218, -1.3466 -1.5137 1.1218, -1.3702 -1.4567 1.1218, -1.4078 -1.4078 1.1218, -1.4567 -1.3702 1.1218, -1.5137 -1.3466 1.1218, -1.5748 -1.3386 1.1218, -1.6359 -1.3466 1.1218, -1.6929 -1.3702 1.1218, -1.7418 -1.4078 1.1218, -1.7794 -1.4567 1.1218, -1.803 -1.5137 1.1218, -1.811 -1.5748 1.1218, -1.7935 -1.6334 1.1218, -1.803 -1.6359 1.1218, -1.7709 -1.688 1.1218, -1.7794 -1.6929 1.1218, -1.7349 -1.7349 1.1218, -1.7418 -1.7418 1.1218, -1.811 1.5748 1.2202, -1.811 1.5748 1.1218, -1.803 1.6359 1.2202, -1.803 1.6359 1.1218, -1.7794 1.6929 1.2202, -1.7794 1.6929 1.1218, -1.7418 1.7418 1.2202, -1.7418 1.7418 1.1218, -1.6929 1.7794 1.2202, -1.6929 1.7794 1.1218, -1.6359 1.803 1.2202, -1.6359 1.803 1.1218, -1.5748 1.811 1.2202, -1.5748 1.811 1.1218, -1.5137 1.803 1.2202, -1.5137 1.803 1.1218, -1.4567 1.7794 1.2202, -1.4567 1.7794 1.1218, -1.4078 1.7418 1.2202, -1.4078 1.7418 1.1218, -1.3702 1.6929 1.2202, -1.3702 1.6929 1.1218, -1.3466 1.6359 1.2202, -1.3466 1.6359 1.1218, -1.3386 1.5748 1.2202, -1.3386 1.5748 1.1218, -1.3466 1.5137 1.2202, -1.3466 1.5137 1.1218, -1.3702 1.4567 1.2202, -1.3702 1.4567 1.1218, -1.4078 1.4078 1.2202, -1.4078 1.4078 1.1218, -1.4567 1.3702 1.2202, -1.4567 1.3702 1.1218, -1.5137 1.3466 1.2202, -1.5137 1.3466 1.1218, -1.5748 1.3386 1.2202, -1.5748 1.3386 1.1218, -1.6359 1.3466 1.2202, -1.6359 1.3466 1.1218, -1.6929 1.3702 1.2202, -1.6929 1.3702 1.1218, -1.7418 1.4078 1.2202, -1.7418 1.4078 1.1218, -1.7794 1.4567 1.2202, -1.7794 1.4567 1.1218, -1.803 1.5137 1.2202, -1.803 1.5137 1.1218, -1.3484 1.5748 1.1218, -1.3484 1.5748 1.2202, -1.3561 1.5162 1.2202, -1.3561 1.5162 1.1218, -1.3788 1.4616 1.2202, -1.3788 1.4616 1.1218, -1.4147 1.4147 1.2202, -1.4147 1.4147 1.1218, -1.4616 1.3788 1.2202, -1.4616 1.3788 1.1218, -1.5162 1.3561 1.2202, -1.5162 1.3561 1.1218, -1.5748 1.3484 1.2202, -1.5748 1.3484 1.1218, -1.6334 1.3561 1.2202, -1.6334 1.3561 1.1218, -1.688 1.3788 1.2202, -1.688 1.3788 1.1218, -1.7349 1.4147 1.2202, -1.7349 1.4147 1.1218, -1.7709 1.4616 1.2202, -1.7709 1.4616 1.1218, -1.7935 1.5162 1.2202, -1.7935 1.5162 1.1218, -1.8012 1.5748 1.2202, -1.8012 1.5748 1.1218, -1.7935 1.6334 1.2202, -1.7709 1.688 1.2202, -1.7349 1.7349 1.2202, -1.688 1.7709 1.2202, -1.6334 1.7935 1.2202, -1.5748 1.8012 1.2202, -1.5162 1.7935 1.2202, -1.4616 1.7709 1.2202, -1.4147 1.7349 1.2202, -1.3788 1.688 1.2202, -1.3561 1.6334 1.2202, -1.7935 1.6334 1.1218, -1.7709 1.688 1.1218, -1.7349 1.7349 1.1218, -1.688 1.7709 1.1218, -1.6334 1.7935 1.1218, -1.5748 1.8012 1.1218, -1.5162 1.7935 1.1218, -1.4616 1.7709 1.1218, -1.4147 1.7349 1.1218, -1.3788 1.688 1.1218, -1.3561 1.6334 1.1218
            ]
        }
        coordIndex [
            0,1,2,-1,0,2,3,-1,3,2,4,-1,3,4,5,-1,5,4,6,-1,5,6,7,-1,7,6,8,-1,7,8,9,-1,9,8,10,-1,9,10,11,-1,11,10,12,-1,11,12,13,-1,13,12,14,-1,13,14,15,-1,15,14,16,-1,15,16,17,-1,17,16,18,-1,17,18,19,-1,19,18,20,-1,19,20,21,-1,21,20,22,-1,21,22,23,-1,23,22,24,-1,23,24,25,-1,0,3,26,-1,3,5,27,-1,5,7,28,-1,7,9,29,-1,13,30,31,-1,15,30,13,-1,13,32,33,-1,34,32,13,-1,31,34,13,-1,13,35,36,-1,37,35,13,-1,33,37,13,-1,13,38,39,-1,40,38,13,-1,36,40,13,-1,9,11,39,-1,39,11,13,-1,9,39,29,-1,29,39,38,-1,29,38,41,-1,41,38,40,-1,41,40,42,-1,42,40,36,-1,42,36,43,-1,43,36,35,-1,43,35,44,-1,44,35,37,-1,44,37,45,-1,45,37,33,-1,45,33,46,-1,46,33,32,-1,46,32,47,-1,47,32,34,-1,47,34,48,-1,48,34,31,-1,48,31,49,-1,49,31,30,-1,49,30,50,-1,50,30,15,-1,50,15,17,-1,7,29,28,-1,28,29,41,-1,28,41,51,-1,51,41,42,-1,51,42,52,-1,52,42,43,-1,52,43,53,-1,53,43,44,-1,53,44,54,-1,54,44,45,-1,54,45,55,-1,55,45,46,-1,55,46,56,-1,56,46,47,-1,56,47,57,-1,57,47,48,-1,57,48,58,-1,58,48,49,-1,58,49,59,-1,59,49,50,-1,59,50,60,-1,60,50,17,-1,60,17,19,-1,5,28,27,-1,27,28,51,-1,27,51,61,-1,61,51,52,-1,61,52,62,-1,62,52,53,-1,62,53,63,-1,63,53,54,-1,63,54,64,-1,64,54,55,-1,64,55,65,-1,65,55,56,-1,65,56,66,-1,66,56,57,-1,66,57,67,-1,67,57,58,-1,67,58,68,-1,68,58,59,-1,68,59,69,-1,69,59,60,-1,69,60,70,-1,70,60,19,-1,70,19,21,-1,3,27,26,-1,26,27,61,-1,26,61,71,-1,71,61,62,-1,71,62,72,-1,72,62,63,-1,72,63,73,-1,73,63,64,-1,73,64,74,-1,74,64,65,-1,74,65,75,-1,75,65,66,-1,75,66,76,-1,76,66,67,-1,76,67,77,-1,77,67,68,-1,77,68,78,-1,78,68,69,-1,78,69,79,-1,79,69,70,-1,79,70,80,-1,80,70,21,-1,80,21,23,-1,0,26,81,-1,81,26,71,-1,81,71,82,-1,82,71,72,-1,82,72,83,-1,83,72,73,-1,83,73,84,-1,84,73,74,-1,84,74,85,-1,85,74,75,-1,85,75,86,-1,86,75,76,-1,86,76,87,-1,87,76,77,-1,87,77,88,-1,88,77,78,-1,88,78,89,-1,89,78,79,-1,89,79,90,-1,90,79,80,-1,90,80,91,-1,91,80,23,-1,91,23,25,-1,92,0,81,-1,92,81,93,-1,93,81,82,-1,93,82,94,-1,94,82,83,-1,94,83,95,-1,95,83,84,-1,95,84,96,-1,96,84,85,-1,96,85,97,-1,97,85,86,-1,97,86,98,-1,98,86,87,-1,98,87,99,-1,99,87,88,-1,99,88,100,-1,100,88,89,-1,100,89,101,-1,101,89,90,-1,101,90,102,-1,102,90,91,-1,102,91,103,-1,103,91,25,-1,103,25,104,-1,105,1,92,-1,92,1,0,-1,106,107,108,-1,108,107,109,-1,108,109,110,-1,110,109,111,-1,110,111,112,-1,112,111,113,-1,112,113,114,-1,114,113,115,-1,114,115,116,-1,116,115,117,-1,116,117,118,-1,118,117,119,-1,118,119,120,-1,120,119,121,-1,120,121,122,-1,122,121,123,-1,122,123,124,-1,124,123,125,-1,124,125,126,-1,126,125,127,-1,126,127,128,-1,128,127,129,-1,128,129,130,-1,130,129,131,-1,130,131,105,-1,106,132,107,-1,107,132,24,-1,107,24,133,-1,133,24,22,-1,133,22,134,-1,134,22,20,-1,134,20,135,-1,135,20,18,-1,135,18,136,-1,136,18,16,-1,136,16,137,-1,137,16,14,-1,137,14,138,-1,138,14,12,-1,138,12,139,-1,139,12,10,-1,139,10,140,-1,140,10,8,-1,140,8,141,-1,141,8,6,-1,141,6,142,-1,142,6,4,-1,142,4,143,-1,143,4,2,-1,143,2,131,-1,131,2,1,-1,131,1,105,-1,144,138,145,-1,145,138,139,-1,145,139,146,-1,146,139,140,-1,146,140,147,-1,147,140,141,-1,147,141,148,-1,148,141,142,-1,148,142,149,-1,149,142,143,-1,149,143,150,-1,150,143,131,-1,150,131,151,-1,151,131,129,-1,151,129,152,-1,152,129,127,-1,152,127,153,-1,153,127,125,-1,153,125,154,-1,154,125,123,-1,154,123,155,-1,155,123,121,-1,155,121,156,-1,156,121,119,-1,157,149,158,-1,158,149,150,-1,158,150,159,-1,159,150,151,-1,159,151,160,-1,160,151,152,-1,160,152,161,-1,161,152,153,-1,161,153,162,-1,162,153,154,-1,162,154,163,-1,163,154,155,-1,163,155,164,-1,164,155,156,-1,164,156,165,-1,165,156,166,-1,165,166,167,-1,167,166,168,-1,167,168,169,-1,169,168,170,-1,169,170,171,-1,171,170,172,-1,171,172,173,-1,173,172,174,-1,173,174,175,-1,175,174,176,-1,175,176,177,-1,177,176,178,-1,177,178,179,-1,179,178,180,-1,179,180,181,-1,181,180,182,-1,181,182,183,-1,183,182,184,-1,183,184,185,-1,185,184,186,-1,185,186,187,-1,187,186,144,-1,187,144,188,-1,188,144,145,-1,188,145,189,-1,189,145,146,-1,189,146,190,-1,190,146,147,-1,190,147,191,-1,191,147,148,-1,191,148,157,-1,157,148,149,-1,192,187,188,-1,192,188,193,-1,193,188,189,-1,193,189,194,-1,194,189,190,-1,194,190,195,-1,195,190,191,-1,195,191,196,-1,196,191,157,-1,196,157,197,-1,197,157,158,-1,197,158,198,-1,198,158,159,-1,198,159,199,-1,199,159,160,-1,199,160,200,-1,200,160,161,-1,200,161,201,-1,201,161,162,-1,201,162,202,-1,202,162,163,-1,202,163,203,-1,203,163,164,-1,203,164,204,-1,203,205,192,-1,206,207,208,-1,208,207,209,-1,201,197,200,-1,200,197,198,-1,200,198,199,-1,192,193,203,-1,203,193,194,-1,203,194,195,-1,195,196,203,-1,203,196,197,-1,203,197,202,-1,202,197,201,-1,203,204,205,-1,205,204,210,-1,205,210,207,-1,207,210,211,-1,207,211,209,-1,208,212,213,-1,213,214,208,-1,208,214,215,-1,208,215,206,-1,204,164,165,-1,204,165,210,-1,210,165,167,-1,210,167,211,-1,211,167,169,-1,211,169,209,-1,209,169,171,-1,209,171,208,-1,208,171,173,-1,208,173,212,-1,212,173,175,-1,212,175,213,-1,213,175,177,-1,213,177,214,-1,214,177,179,-1,214,179,215,-1,215,179,181,-1,215,181,206,-1,206,181,183,-1,206,183,207,-1,207,183,185,-1,207,185,205,-1,205,185,187,-1,205,187,192,-1,156,119,166,-1,166,119,117,-1,166,117,168,-1,168,117,115,-1,168,115,170,-1,170,115,113,-1,170,113,172,-1,172,113,111,-1,172,111,174,-1,174,111,109,-1,174,109,176,-1,176,109,107,-1,176,107,178,-1,178,107,133,-1,178,133,180,-1,180,133,134,-1,180,134,182,-1,182,134,135,-1,182,135,184,-1,184,135,136,-1,184,136,186,-1,186,136,137,-1,186,137,144,-1,144,137,138,-1,24,132,25,-1,25,132,104,-1,216,106,108,-1,216,108,217,-1,217,108,110,-1,217,110,218,-1,218,110,112,-1,218,112,219,-1,219,112,114,-1,219,114,220,-1,220,114,116,-1,220,116,221,-1,221,116,118,-1,221,118,222,-1,222,118,120,-1,222,120,223,-1,223,120,122,-1,223,122,224,-1,224,122,124,-1,224,124,225,-1,225,124,126,-1,225,126,226,-1,226,126,128,-1,226,128,227,-1,227,128,130,-1,227,130,228,-1,216,217,229,-1,217,218,230,-1,218,219,231,-1,219,220,232,-1,222,233,234,-1,223,233,222,-1,222,235,236,-1,237,235,222,-1,234,237,222,-1,222,238,239,-1,240,238,222,-1,236,240,222,-1,222,241,242,-1,243,241,222,-1,239,243,222,-1,220,221,242,-1,242,221,222,-1,220,242,232,-1,232,242,241,-1,232,241,244,-1,244,241,243,-1,244,243,245,-1,245,243,239,-1,245,239,246,-1,246,239,238,-1,246,238,247,-1,247,238,240,-1,247,240,248,-1,248,240,236,-1,248,236,249,-1,249,236,235,-1,249,235,250,-1,250,235,237,-1,250,237,251,-1,251,237,234,-1,251,234,252,-1,252,234,233,-1,252,233,253,-1,253,233,223,-1,253,223,224,-1,219,232,231,-1,231,232,244,-1,231,244,254,-1,254,244,245,-1,254,245,255,-1,255,245,246,-1,255,246,256,-1,256,246,247,-1,256,247,257,-1,257,247,248,-1,257,248,258,-1,258,248,249,-1,258,249,259,-1,259,249,250,-1,259,250,260,-1,260,250,251,-1,260,251,261,-1,261,251,252,-1,261,252,262,-1,262,252,253,-1,262,253,263,-1,263,253,224,-1,263,224,225,-1,218,231,230,-1,230,231,254,-1,230,254,264,-1,264,254,255,-1,264,255,265,-1,265,255,256,-1,265,256,266,-1,266,256,257,-1,266,257,267,-1,267,257,258,-1,267,258,268,-1,268,258,259,-1,268,259,269,-1,269,259,260,-1,269,260,270,-1,270,260,261,-1,270,261,271,-1,271,261,262,-1,271,262,272,-1,272,262,263,-1,272,263,273,-1,273,263,225,-1,273,225,226,-1,217,230,229,-1,229,230,264,-1,229,264,274,-1,274,264,265,-1,274,265,275,-1,275,265,266,-1,275,266,276,-1,276,266,267,-1,276,267,277,-1,277,267,268,-1,277,268,278,-1,278,268,269,-1,278,269,279,-1,279,269,270,-1,279,270,280,-1,280,270,271,-1,280,271,281,-1,281,271,272,-1,281,272,282,-1,282,272,273,-1,282,273,283,-1,283,273,226,-1,283,226,227,-1,216,229,284,-1,284,229,274,-1,284,274,285,-1,285,274,275,-1,285,275,286,-1,286,275,276,-1,286,276,287,-1,287,276,277,-1,287,277,288,-1,288,277,278,-1,288,278,289,-1,289,278,279,-1,289,279,290,-1,290,279,280,-1,290,280,291,-1,291,280,281,-1,291,281,292,-1,292,281,282,-1,292,282,293,-1,293,282,283,-1,293,283,294,-1,294,283,227,-1,294,227,228,-1,104,216,284,-1,104,284,103,-1,103,284,285,-1,103,285,102,-1,102,285,286,-1,102,286,101,-1,101,286,287,-1,101,287,100,-1,100,287,288,-1,100,288,99,-1,99,288,289,-1,99,289,98,-1,98,289,290,-1,98,290,97,-1,97,290,291,-1,97,291,96,-1,96,291,292,-1,96,292,95,-1,95,292,293,-1,95,293,94,-1,94,293,294,-1,94,294,93,-1,93,294,228,-1,93,228,92,-1,130,105,228,-1,228,105,92,-1,132,106,104,-1,104,106,216,-1,295,296,297,-1,297,296,298,-1,297,298,299,-1,299,298,300,-1,299,300,301,-1,301,300,302,-1,301,302,303,-1,303,302,304,-1,303,304,305,-1,305,304,306,-1,305,306,307,-1,307,306,308,-1,307,308,309,-1,309,308,310,-1,309,310,311,-1,311,310,312,-1,311,312,313,-1,313,312,314,-1,313,314,315,-1,315,314,316,-1,315,316,317,-1,317,316,318,-1,317,318,319,-1,319,318,320,-1,319,320,321,-1,321,320,322,-1,321,322,323,-1,323,322,324,-1,323,324,325,-1,325,324,326,-1,325,326,327,-1,327,326,328,-1,327,328,329,-1,329,328,330,-1,329,330,331,-1,331,330,332,-1,331,332,333,-1,333,332,334,-1,333,334,335,-1,335,334,336,-1,335,336,337,-1,337,336,338,-1,337,338,339,-1,339,338,340,-1,339,340,341,-1,341,340,342,-1,341,342,295,-1,295,342,296,-1,343,337,339,-1,343,339,344,-1,344,339,341,-1,344,341,345,-1,345,341,295,-1,345,295,346,-1,346,295,297,-1,346,297,347,-1,347,297,299,-1,347,299,348,-1,348,299,301,-1,348,301,349,-1,349,301,303,-1,349,303,350,-1,350,303,305,-1,350,305,351,-1,351,305,307,-1,351,307,352,-1,352,307,309,-1,352,309,353,-1,353,309,311,-1,353,311,354,-1,354,311,313,-1,354,313,355,-1,346,356,345,-1,345,356,357,-1,345,357,344,-1,344,357,358,-1,344,358,343,-1,343,358,359,-1,343,359,360,-1,360,359,361,-1,360,361,362,-1,362,361,363,-1,362,363,364,-1,364,363,365,-1,364,365,366,-1,366,365,367,-1,366,367,368,-1,368,367,369,-1,368,369,370,-1,370,369,371,-1,370,371,372,-1,372,371,373,-1,372,373,374,-1,374,373,375,-1,374,375,376,-1,376,375,377,-1,376,377,378,-1,378,377,379,-1,378,379,380,-1,380,379,381,-1,380,381,355,-1,355,381,382,-1,355,382,354,-1,354,382,383,-1,354,383,353,-1,353,383,384,-1,353,384,352,-1,352,384,385,-1,352,385,351,-1,351,385,386,-1,351,386,350,-1,350,386,387,-1,350,387,349,-1,349,387,388,-1,349,388,348,-1,348,388,389,-1,348,389,347,-1,347,389,390,-1,347,390,346,-1,346,390,356,-1,338,359,340,-1,340,359,358,-1,340,358,342,-1,342,358,357,-1,342,357,296,-1,296,357,356,-1,296,356,298,-1,298,356,390,-1,298,390,300,-1,300,390,389,-1,300,389,302,-1,302,389,388,-1,302,388,304,-1,304,388,387,-1,304,387,306,-1,306,387,386,-1,306,386,308,-1,308,386,385,-1,308,385,310,-1,310,385,384,-1,310,384,312,-1,312,384,383,-1,312,383,314,-1,314,383,382,-1,314,382,316,-1,316,382,381,-1,316,381,318,-1,318,381,379,-1,318,379,320,-1,320,379,377,-1,320,377,322,-1,322,377,375,-1,322,375,324,-1,324,375,373,-1,324,373,326,-1,326,373,371,-1,326,371,328,-1,328,371,369,-1,328,369,330,-1,330,369,367,-1,330,367,332,-1,332,367,365,-1,332,365,334,-1,334,365,363,-1,334,363,336,-1,336,363,361,-1,336,361,338,-1,338,361,359,-1,355,313,315,-1,355,315,380,-1,380,315,317,-1,380,317,378,-1,378,317,319,-1,378,319,376,-1,376,319,321,-1,376,321,374,-1,374,321,323,-1,374,323,372,-1,372,323,325,-1,372,325,370,-1,370,325,327,-1,370,327,368,-1,368,327,329,-1,368,329,366,-1,366,329,331,-1,366,331,364,-1,364,331,333,-1,364,333,362,-1,362,333,335,-1,362,335,360,-1,360,335,337,-1,360,337,343,-1,391,392,393,-1,393,392,394,-1,393,394,395,-1,395,394,396,-1,395,396,397,-1,397,396,398,-1,397,398,399,-1,399,398,400,-1,399,400,401,-1,401,400,402,-1,401,402,403,-1,403,402,404,-1,403,404,405,-1,405,404,406,-1,405,406,407,-1,407,406,408,-1,407,408,409,-1,409,408,410,-1,409,410,411,-1,411,410,412,-1,411,412,413,-1,413,412,414,-1,413,414,415,-1,415,414,416,-1,415,416,417,-1,417,416,418,-1,417,418,419,-1,419,418,420,-1,419,420,421,-1,421,420,422,-1,421,422,423,-1,423,422,424,-1,423,424,425,-1,425,424,426,-1,425,426,427,-1,427,426,428,-1,427,428,429,-1,429,428,430,-1,429,430,431,-1,431,430,432,-1,431,432,433,-1,433,432,434,-1,433,434,435,-1,435,434,436,-1,435,436,437,-1,437,436,438,-1,437,438,391,-1,391,438,392,-1,439,440,441,-1,439,441,442,-1,442,441,443,-1,442,443,444,-1,444,443,445,-1,444,445,446,-1,446,445,447,-1,446,447,448,-1,448,447,449,-1,448,449,450,-1,450,449,451,-1,450,451,452,-1,452,451,453,-1,452,453,454,-1,454,453,455,-1,454,455,456,-1,456,455,457,-1,456,457,458,-1,458,457,459,-1,458,459,460,-1,460,459,461,-1,460,461,462,-1,462,461,463,-1,462,463,464,-1,441,417,443,-1,443,417,419,-1,443,419,445,-1,445,419,421,-1,445,421,447,-1,447,421,423,-1,447,423,449,-1,449,423,425,-1,449,425,451,-1,451,425,427,-1,451,427,453,-1,453,427,429,-1,453,429,455,-1,455,429,431,-1,455,431,457,-1,457,431,433,-1,457,433,459,-1,459,433,435,-1,459,435,461,-1,461,435,437,-1,461,437,463,-1,463,437,391,-1,463,391,465,-1,465,391,393,-1,465,393,466,-1,466,393,395,-1,466,395,467,-1,467,395,397,-1,467,397,468,-1,468,397,399,-1,468,399,469,-1,469,399,401,-1,469,401,470,-1,470,401,403,-1,470,403,471,-1,471,403,405,-1,471,405,472,-1,472,405,407,-1,472,407,473,-1,473,407,409,-1,473,409,474,-1,474,409,411,-1,474,411,475,-1,475,411,413,-1,475,413,440,-1,440,413,415,-1,440,415,441,-1,441,415,417,-1,464,463,465,-1,464,465,476,-1,476,465,466,-1,476,466,477,-1,477,466,467,-1,477,467,478,-1,478,467,468,-1,478,468,479,-1,479,468,469,-1,479,469,480,-1,480,469,470,-1,480,470,481,-1,481,470,471,-1,481,471,482,-1,482,471,472,-1,482,472,483,-1,483,472,473,-1,483,473,484,-1,484,473,474,-1,484,474,485,-1,485,474,475,-1,485,475,486,-1,486,475,440,-1,486,440,439,-1,450,426,448,-1,448,426,424,-1,448,424,446,-1,446,424,422,-1,446,422,444,-1,444,422,420,-1,444,420,442,-1,442,420,418,-1,442,418,439,-1,439,418,416,-1,439,416,486,-1,486,416,414,-1,486,414,485,-1,485,414,412,-1,485,412,484,-1,484,412,410,-1,484,410,483,-1,483,410,408,-1,483,408,482,-1,482,408,406,-1,482,406,481,-1,481,406,404,-1,481,404,480,-1,480,404,402,-1,480,402,479,-1,479,402,400,-1,479,400,478,-1,478,400,398,-1,478,398,477,-1,477,398,396,-1,477,396,476,-1,476,396,394,-1,476,394,464,-1,464,394,392,-1,464,392,462,-1,462,392,438,-1,462,438,460,-1,460,438,436,-1,460,436,458,-1,458,436,434,-1,458,434,456,-1,456,434,432,-1,456,432,454,-1,454,432,430,-1,454,430,452,-1,452,430,428,-1,452,428,450,-1,450,428,426,-1,487,488,489,-1,489,488,490,-1,489,490,491,-1,491,490,492,-1,491,492,493,-1,493,492,494,-1,493,494,495,-1,495,494,496,-1,495,496,497,-1,497,496,498,-1,497,498,499,-1,499,498,500,-1,499,500,501,-1,501,500,502,-1,501,502,503,-1,503,502,504,-1,503,504,505,-1,505,504,506,-1,505,506,507,-1,507,506,508,-1,507,508,509,-1,509,508,510,-1,509,510,511,-1,511,510,512,-1,511,512,513,-1,513,512,514,-1,513,514,515,-1,515,514,516,-1,515,516,517,-1,517,516,518,-1,517,518,519,-1,519,518,520,-1,519,520,521,-1,521,520,522,-1,521,522,523,-1,523,522,524,-1,523,524,525,-1,525,524,526,-1,525,526,527,-1,527,526,528,-1,527,528,529,-1,529,528,530,-1,529,530,531,-1,531,530,532,-1,531,532,533,-1,533,532,534,-1,533,534,487,-1,487,534,488,-1,535,501,503,-1,535,503,536,-1,536,503,505,-1,536,505,537,-1,537,505,507,-1,537,507,538,-1,538,507,509,-1,538,509,539,-1,539,509,511,-1,539,511,540,-1,540,511,513,-1,540,513,541,-1,541,513,515,-1,541,515,542,-1,542,515,517,-1,542,517,543,-1,543,517,519,-1,543,519,544,-1,544,519,521,-1,544,521,545,-1,545,521,523,-1,545,523,546,-1,546,523,525,-1,546,525,547,-1,548,549,550,-1,550,549,551,-1,550,551,552,-1,552,551,553,-1,552,553,554,-1,554,553,555,-1,554,555,556,-1,556,555,557,-1,556,557,558,-1,558,557,559,-1,558,559,560,-1,560,559,561,-1,560,561,562,-1,562,561,563,-1,562,563,547,-1,547,563,564,-1,547,564,546,-1,546,564,565,-1,546,565,545,-1,545,565,566,-1,545,566,544,-1,544,566,567,-1,544,567,543,-1,543,567,568,-1,543,568,542,-1,542,568,569,-1,542,569,541,-1,541,569,570,-1,541,570,540,-1,540,570,571,-1,540,571,539,-1,539,571,572,-1,539,572,538,-1,538,572,573,-1,538,573,537,-1,537,573,574,-1,537,574,536,-1,536,574,575,-1,536,575,535,-1,535,575,576,-1,535,576,577,-1,577,576,578,-1,577,578,579,-1,579,578,580,-1,579,580,581,-1,581,580,582,-1,581,582,548,-1,548,582,549,-1,502,576,504,-1,504,576,575,-1,504,575,506,-1,506,575,574,-1,506,574,508,-1,508,574,573,-1,508,573,510,-1,510,573,572,-1,510,572,512,-1,512,572,571,-1,512,571,514,-1,514,571,570,-1,514,570,516,-1,516,570,569,-1,516,569,518,-1,518,569,568,-1,518,568,520,-1,520,568,567,-1,520,567,522,-1,522,567,566,-1,522,566,524,-1,524,566,565,-1,524,565,526,-1,526,565,564,-1,526,564,528,-1,528,564,563,-1,528,563,530,-1,530,563,561,-1,530,561,532,-1,532,561,559,-1,532,559,534,-1,534,559,557,-1,534,557,488,-1,488,557,555,-1,488,555,490,-1,490,555,553,-1,490,553,492,-1,492,553,551,-1,492,551,494,-1,494,551,549,-1,494,549,496,-1,496,549,582,-1,496,582,498,-1,498,582,580,-1,498,580,500,-1,500,580,578,-1,500,578,502,-1,502,578,576,-1,547,525,527,-1,547,527,562,-1,562,527,529,-1,562,529,560,-1,560,529,531,-1,560,531,558,-1,558,531,533,-1,558,533,556,-1,556,533,487,-1,556,487,554,-1,554,487,489,-1,554,489,552,-1,552,489,491,-1,552,491,550,-1,550,491,493,-1,550,493,548,-1,548,493,495,-1,548,495,581,-1,581,495,497,-1,581,497,579,-1,579,497,499,-1,579,499,577,-1,577,499,501,-1,577,501,535,-1,583,584,585,-1,585,584,586,-1,585,586,587,-1,587,586,588,-1,587,588,589,-1,589,588,590,-1,589,590,591,-1,591,590,592,-1,591,592,593,-1,593,592,594,-1,593,594,595,-1,595,594,596,-1,595,596,597,-1,597,596,598,-1,597,598,599,-1,599,598,600,-1,599,600,601,-1,601,600,602,-1,601,602,603,-1,603,602,604,-1,603,604,605,-1,605,604,606,-1,605,606,607,-1,607,606,608,-1,607,608,609,-1,609,608,610,-1,609,610,611,-1,611,610,612,-1,611,612,613,-1,613,612,614,-1,613,614,615,-1,615,614,616,-1,615,616,617,-1,617,616,618,-1,617,618,619,-1,619,618,620,-1,619,620,621,-1,621,620,622,-1,621,622,623,-1,623,622,624,-1,623,624,625,-1,625,624,626,-1,625,626,627,-1,627,626,628,-1,627,628,629,-1,629,628,630,-1,629,630,583,-1,583,630,584,-1,631,632,633,-1,631,633,634,-1,634,633,635,-1,634,635,636,-1,636,635,637,-1,636,637,638,-1,638,637,639,-1,638,639,640,-1,640,639,641,-1,640,641,642,-1,642,641,643,-1,642,643,644,-1,644,643,645,-1,644,645,646,-1,646,645,647,-1,646,647,648,-1,648,647,649,-1,648,649,650,-1,650,649,651,-1,650,651,652,-1,652,651,653,-1,652,653,654,-1,654,653,655,-1,654,655,656,-1,632,607,633,-1,633,607,609,-1,633,609,635,-1,635,609,611,-1,635,611,637,-1,637,611,613,-1,637,613,639,-1,639,613,615,-1,639,615,641,-1,641,615,617,-1,641,617,643,-1,643,617,619,-1,643,619,645,-1,645,619,621,-1,645,621,647,-1,647,621,623,-1,647,623,649,-1,649,623,625,-1,649,625,651,-1,651,625,627,-1,651,627,653,-1,653,627,629,-1,653,629,655,-1,655,629,583,-1,655,583,657,-1,657,583,585,-1,657,585,658,-1,658,585,587,-1,658,587,659,-1,659,587,589,-1,659,589,660,-1,660,589,591,-1,660,591,661,-1,661,591,593,-1,661,593,662,-1,662,593,595,-1,662,595,663,-1,663,595,597,-1,663,597,664,-1,664,597,599,-1,664,599,665,-1,665,599,601,-1,665,601,666,-1,666,601,603,-1,666,603,667,-1,667,603,605,-1,667,605,632,-1,632,605,607,-1,656,655,657,-1,656,657,668,-1,668,657,658,-1,668,658,669,-1,669,658,659,-1,669,659,670,-1,670,659,660,-1,670,660,671,-1,671,660,661,-1,671,661,672,-1,672,661,662,-1,672,662,673,-1,673,662,663,-1,673,663,674,-1,674,663,664,-1,674,664,675,-1,675,664,665,-1,675,665,676,-1,676,665,666,-1,676,666,677,-1,677,666,667,-1,677,667,678,-1,678,667,632,-1,678,632,631,-1,640,616,638,-1,638,616,614,-1,638,614,636,-1,636,614,612,-1,636,612,634,-1,634,612,610,-1,634,610,631,-1,631,610,608,-1,631,608,678,-1,678,608,606,-1,678,606,677,-1,677,606,604,-1,677,604,676,-1,676,604,602,-1,676,602,675,-1,675,602,600,-1,675,600,674,-1,674,600,598,-1,674,598,673,-1,673,598,596,-1,673,596,672,-1,672,596,594,-1,672,594,671,-1,671,594,592,-1,671,592,670,-1,670,592,590,-1,670,590,669,-1,669,590,588,-1,669,588,668,-1,668,588,586,-1,668,586,656,-1,656,586,584,-1,656,584,654,-1,654,584,630,-1,654,630,652,-1,652,630,628,-1,652,628,650,-1,650,628,626,-1,650,626,648,-1,648,626,624,-1,648,624,646,-1,646,624,622,-1,646,622,644,-1,644,622,620,-1,644,620,642,-1,642,620,618,-1,642,618,640,-1,640,618,616,-1,
        ]
    }
}